ACCIDENT_YEAR,COLLISION_DATE,COLLISION_TIME,DAY_OF_WEEK,PRIMARY_RD,SECONDARY_RD,DIRECTION,INTERSECTION,STATE_ROUTE,LOCATION_TYPE,COLLISION_SEVERITY,NUMBER_KILLED,NUMBER_INJURED,PRIMARY_COLL_FACTOR,PCF_VIOL_CATEGORY,TYPE_OF_COLLISION,MVIW,PED_ACTION,ROAD_COND_1,LIGHTING,PEDESTRIAN_ACCIDENT,BICYCLE_ACCIDENT,MOTORCYCLE_ACCIDENT,TRUCK_ACCIDENT,ALCOHOL_INVOLVED,COUNT_SEVERE_INJ,COUNT_VISIBLE_INJ,COUNT_COMPLAINT_PAIN,COUNT_PED_KILLED,COUNT_PED_INJURED,COUNT_BICYCLIST_KILLED,COUNT_BICYCLIST_INJURED,COUNT_MC_KILLED,COUNT_MC_INJURED,CITY,POINT_X,POINT_Y,lat,lon,geometry,city_new
2013,2013-09-09,2013-09-09T06:15:00Z,Monday,RIVER RD,PARKER RD,S,N,NA,NA,3,0,4,A,01,A,C,A,H,B,N,N,N,N,N,0,2,2,0,0,0,0,0,0,UNINCORPORATED,-121.6006952,36.5858149,36.5858149,-121.6006952,"c(-121.6006952, 36.5858149)",Other Unincorporated
2013,2013-08-25,2013-08-25T13:21:00Z,Sunday,NESTLES RD,H DE LA ROSA SR ST,S,N,NA,NA,3,0,1,A,-,D,C,A,H,A,N,N,N,N,N,0,1,0,0,0,0,0,0,0,SOLEDAD,0,0,0,0,"c(0, 0)",Other Unincorporated
2013,2013-09-06,2013-09-06T12:15:00Z,Friday,FOOTHILL RD,COLONY RD,NA,Y,NA,NA,4,0,1,A,03,D,C,A,H,A,N,N,N,N,N,0,0,1,0,0,0,0,0,0,UNINCORPORATED,-121.3621129,36.387595,36.387595,-121.3621129,"c(-121.3621129, 36.387595)",Other Unincorporated
2013,2013-08-26,2013-08-26T19:10:00Z,Monday,OLD STAGE RD,CHUALAR RD,S,N,NA,NA,3,0,4,A,03,C,C,A,H,A,N,N,N,N,N,0,3,1,0,0,0,0,0,0,UNINCORPORATED,-121.4978053,36.5809757,36.5809757,-121.4978053,"c(-121.4978053, 36.5809757)",Chualar
2013,2013-08-29,2013-08-29T13:47:00Z,Thursday,SAN CARLOS ST,OCEAN AV,S,N,NA,NA,4,0,1,A,03,C,C,A,H,A,N,N,N,N,N,0,0,1,0,0,0,0,0,0,CARMEL,-121.921813,36.554916,36.554916,-121.921813,"c(-121.921813, 36.554916)",Carmel-by-the-Sea
2013,2013-08-31,2013-08-31T22:42:00Z,Saturday,DEL MONTE,HANNON,E,N,NA,NA,4,0,1,A,03,C,C,A,H,C,N,N,N,N,N,0,0,1,0,0,0,0,0,0,MONTEREY,0,0,0,0,"c(0, 0)",Other Unincorporated
2013,2013-08-31,2013-08-31T17:22:00Z,Saturday,DELMONTE,CAMINO AGUAJITO,E,N,NA,NA,3,0,1,A,03,C,C,A,H,A,N,N,Y,N,N,0,1,0,0,0,0,0,0,1,MONTEREY,-121.8831889,36.5998793,36.5998793,-121.8831889,"c(-121.8831889, 36.5998793)",Monterey
2013,2013-08-10,2013-08-10T23:13:00Z,Saturday,DEL MONTE,SLOAT,W,N,NA,NA,3,0,1,C,18,B,I,A,H,C,N,N,N,N,N,0,1,0,0,0,0,0,0,0,MONTEREY,-121.8794962,36.5998067,36.5998067,-121.8794962,"c(-121.8794962, 36.5998067)",Monterey
2013,2013-08-17,2013-08-17T11:25:00Z,Saturday,PACIFIC,MADISON,NA,Y,NA,NA,4,0,1,A,12,D,C,A,H,A,N,N,N,N,N,0,0,1,0,0,0,0,0,0,MONTEREY,-121.8971329,36.5966049,36.5966049,-121.8971329,"c(-121.8971329, 36.5966049)",Monterey
2013,2013-08-16,2013-08-16T10:51:00Z,Friday,101,HUDSON RD,N,N,101,H,3,0,1,A,16,H,C,A,H,A,N,N,N,Y,N,0,1,0,0,0,0,0,0,0,UNINCORPORATED,-121.2731907,36.3586232,36.3586232,-121.2731907,"c(-121.2731907, 36.3586232)",Other Unincorporated
2013,2013-08-07,2013-08-07T17:05:00Z,Wednesday,13TH ST,WALNUT AV,NA,Y,NA,NA,3,0,3,A,09,D,C,A,H,A,N,N,N,N,N,0,1,2,0,0,0,0,0,0,UNINCORPORATED,-121.2632728,36.318585,36.318585,-121.2632728,"c(-121.2632728, 36.318585)",Other Unincorporated
2013,2013-09-04,2013-09-04T16:20:00Z,Wednesday,1,REDWOOD GULCH,S,N,1,H,3,0,2,A,05,D,C,A,H,A,N,N,N,N,N,0,1,1,0,0,0,0,0,0,UNINCORPORATED,-121.3928028,35.8340049,35.8340049,-121.3928028,"c(-121.3928028, 35.8340049)",Big Sur
2013,2013-09-03,2013-09-03T13:45:00Z,Tuesday,183,DAVIS RD,N,N,183,H,4,0,1,A,03,C,C,A,H,A,N,N,N,N,N,0,0,1,0,0,0,0,0,0,UNINCORPORATED,-121.6753708,36.6847644,36.6847644,-121.6753708,"c(-121.6753708, 36.6847644)",Other Unincorporated
2013,2013-09-03,2013-09-03T17:28:00Z,Tuesday,SAN MIGUEL CANYON RD,HALL RD,E,N,NA,NA,4,0,1,A,03,C,C,A,H,A,N,N,N,N,N,0,0,1,0,0,0,0,0,0,UNINCORPORATED,-121.6949401,36.8585101,36.8585101,-121.6949401,"c(-121.6949401, 36.8585101)",Royal Oaks
2013,2013-09-03,2013-09-03T13:28:00Z,Tuesday,CASTROVILLE BL,SAN MIGUEL CYN RD,W,N,NA,NA,4,0,1,A,03,C,C,A,H,A,N,N,N,N,N,0,0,1,0,0,0,0,0,0,UNINCORPORATED,-121.6727436,36.8081112,36.8081112,-121.6727436,"c(-121.6727436, 36.8081112)",Other Unincorporated
2013,2013-08-12,2013-08-12T06:00:00Z,Monday,101,MAIN ST,N,N,101,H,4,0,3,A,07,B,C,A,H,B,N,N,N,N,N,0,0,3,0,0,0,0,0,0,UNINCORPORATED,-121.5205723,36.5716922,36.5716922,-121.5205723,"c(-121.5205723, 36.5716922)",Other Unincorporated
2013,2013-08-12,2013-08-12T01:00:00Z,Monday,BLANCO RD,ARMSTRONG RD,W,N,NA,NA,3,0,1,A,01,E,I,A,H,D,N,N,N,N,Y,0,1,0,0,0,0,0,0,0,UNINCORPORATED,-121.7115548,36.6786249,36.6786249,-121.7115548,"c(-121.7115548, 36.6786249)",Other Unincorporated
2013,2013-08-12,2013-08-12T17:08:00Z,Monday,PORTER DR,SALINAS RD,N,N,NA,NA,4,0,2,A,03,C,C,A,H,A,N,N,N,N,N,0,0,2,0,0,0,0,0,0,UNINCORPORATED,-121.7484724,36.902501,36.902501,-121.7484724,"c(-121.7484724, 36.902501)",Pajaro
2013,2013-08-14,2013-08-14T08:25:00Z,Wednesday,CASTROVILLE BL,ELKHORN RD,NA,Y,NA,NA,4,0,1,A,09,D,C,A,H,A,N,N,N,N,N,0,0,1,0,0,0,0,0,0,UNINCORPORATED,-121.721783,36.795915,36.795915,-121.721783,"c(-121.721783, 36.795915)",Castroville
2013,2013-08-16,2013-08-16T15:53:00Z,Friday,N FREMONT,CASANOVA,E,N,NA,NA,4,0,2,A,09,D,C,A,H,A,N,N,N,N,Y,0,0,2,0,0,0,0,0,0,MONTEREY,-121.8524302,36.5979814,36.5979814,-121.8524302,"c(-121.8524302, 36.5979814)",Monterey
2013,2013-07-24,2013-07-24T20:11:00Z,Wednesday,IRVING,FOAM,NA,Y,NA,NA,4,0,1,A,12,D,C,A,H,B,N,N,N,N,N,0,0,1,0,0,0,0,0,0,MONTEREY,-121.9027829,36.616265,36.616265,-121.9027829,"c(-121.9027829, 36.616265)",Monterey
2013,2013-07-28,2013-07-28T14:23:00Z,Sunday,DEL MONTE BL,BEACH RD,S,N,NA,NA,4,0,1,A,03,C,C,A,H,A,N,N,N,N,N,0,0,1,0,0,0,0,0,0,MARINA,-121.7974111,36.6935926,36.6935926,-121.7974111,"c(-121.7974111, 36.6935926)",Marina
2013,2013-07-31,2013-07-31T17:06:00Z,Wednesday,IMJIN PKWY,PRESTON AV,NA,Y,NA,NA,3,0,1,A,08,H,J,A,H,A,N,N,N,N,N,0,1,0,0,0,0,0,0,0,MARINA,-121.7705329,36.668125,36.668125,-121.7705329,"c(-121.7705329, 36.668125)",Marina
2013,2013-08-14,2013-08-14T09:09:00Z,Wednesday,PACIFIC,EL DORADO,NA,Y,NA,NA,4,0,1,A,03,E,A,A,H,A,N,N,Y,N,N,0,0,1,0,0,0,0,0,1,MONTEREY,-121.8981129,36.593735,36.593735,-121.8981129,"c(-121.8981129, 36.593735)",Monterey
2013,2013-08-09,2013-08-09T18:13:00Z,Friday,1,RT 1,E,N,1,R,4,0,1,A,12,D,D,A,H,A,N,N,N,N,N,0,0,1,0,0,0,0,0,0,MARINA,-121.8147829,36.6661349,36.6661349,-121.8147829,"c(-121.8147829, 36.6661349)",Marina
2013,2013-08-15,2013-08-15T18:04:00Z,Thursday,DEL MONTE BL,CARMEL AV,S,N,NA,NA,4,0,1,A,09,D,C,A,H,A,N,N,N,N,N,0,0,1,0,0,0,0,0,0,MARINA,-121.8029138,36.684312,36.684312,-121.8029138,"c(-121.8029138, 36.684312)",Marina
2013,2013-07-12,2013-07-12T17:36:00Z,Friday,DEL MONTE BL,REINDOLLAR AV,NA,Y,NA,NA,4,0,1,A,12,D,C,A,H,A,N,N,N,N,N,0,0,1,0,0,0,0,0,0,MARINA,-121.8059729,36.681005,36.681005,-121.8059729,"c(-121.8059729, 36.681005)",Marina
2013,2013-09-04,2013-09-04T14:00:00Z,Wednesday,BLACKIE RD,COMMERCIAL PKWY,NA,Y,NA,NA,3,0,2,A,08,D,C,A,H,A,N,N,N,Y,N,0,1,1,0,0,0,0,0,0,UNINCORPORATED,-121.7419129,36.759295,36.759295,-121.7419129,"c(-121.7419129, 36.759295)",Castroville
2013,2013-09-05,2013-09-05T06:40:00Z,Thursday,NASHUA RD,MONTE RD,E,N,NA,NA,4,0,1,A,05,C,C,A,H,B,N,N,N,N,N,0,0,1,0,0,0,0,0,0,UNINCORPORATED,-121.7540129,36.7306037,36.7306037,-121.7540129,"c(-121.7540129, 36.7306037)",Other Unincorporated
2013,2013-09-02,2013-09-02T17:15:00Z,Monday,101,MAIN ST,S,N,101,H,3,0,2,A,03,C,C,A,H,A,N,N,N,N,N,0,2,0,0,0,0,0,0,0,SALINAS,-121.645929,36.6833131,36.6833131,-121.645929,"c(-121.645929, 36.6833131)",Salinas
2013,2013-08-28,2013-08-28T07:45:00Z,Wednesday,1,RT 68,N,N,1,H,4,0,1,D,00,C,C,A,H,A,N,N,N,N,N,0,0,1,0,0,0,0,0,0,MONTEREY,-121.8666913,36.5966531,36.5966531,-121.8666913,"c(-121.8666913, 36.5966531)",Monterey
2013,2013-08-31,2013-08-31T20:53:00Z,Saturday,101,CHUALAR MAIN ST,S,N,101,H,3,0,1,A,01,E,I,A,G,D,N,N,N,N,Y,0,1,0,0,0,0,0,0,0,UNINCORPORATED,-121.5466255,36.5967943,36.5967943,-121.5466255,"c(-121.5466255, 36.5967943)",Other Unincorporated
2013,2013-09-05,2013-09-05T13:29:00Z,Thursday,101,MALLORY CANYON RD,S,N,101,H,4,0,1,A,09,F,A,A,H,A,N,N,N,N,N,0,0,1,0,0,0,0,0,0,UNINCORPORATED,-121.6430062,36.8117585,36.8117585,-121.6430062,"c(-121.6430062, 36.8117585)",Other Unincorporated
2013,2013-09-05,2013-09-05T07:40:00Z,Thursday,SAN MIGUEL CANYON RD,CORTO SAN MIGUEL,S,N,NA,NA,4,0,3,A,03,C,C,A,H,A,N,N,N,N,N,0,0,3,0,0,0,0,0,0,UNINCORPORATED,-121.6900488,36.8505439,36.8505439,-121.6900488,"c(-121.6900488, 36.8505439)",Royal Oaks
2013,2013-09-05,2013-09-05T07:39:00Z,Thursday,SAN MIGUEL CANYON RD,CORTO SAN MIGUEL,S,N,NA,NA,4,0,1,A,03,C,C,A,H,A,N,N,N,N,N,0,0,1,0,0,0,0,0,0,UNINCORPORATED,-121.6900488,36.8505439,36.8505439,-121.6900488,"c(-121.6900488, 36.8505439)",Royal Oaks
2013,2013-09-02,2013-09-02T14:15:00Z,Monday,1,AGUAJITO RD,NA,Y,1,R,4,0,3,A,09,D,C,A,H,A,N,N,N,N,N,0,0,3,0,0,0,0,0,0,UNINCORPORATED,-121.912653,36.5712849,36.5712849,-121.912653,"c(-121.912653, 36.5712849)",Other Unincorporated
2013,2013-09-01,2013-09-01T23:40:00Z,Sunday,101,FRONT ST,S,N,101,H,3,0,1,A,01,F,A,A,H,D,N,N,N,N,Y,0,1,0,0,0,0,0,0,0,UNINCORPORATED,-121.3221962,36.4170829,36.4170829,-121.3221962,"c(-121.3221962, 36.4170829)",Other Unincorporated
2013,2013-09-04,2013-09-04T01:45:00Z,Wednesday,101,FRONT ST,S,N,101,H,4,0,1,A,08,E,I,A,H,D,N,N,N,N,N,0,0,1,0,0,0,0,0,0,UNINCORPORATED,-121.3366796,36.4303858,36.4303858,-121.3366796,"c(-121.3366796, 36.4303858)",Soledad
2013,2013-09-12,2013-09-12T23:15:00Z,Thursday,101,LAUREL DR,N,N,101,H,3,0,1,A,07,B,C,A,H,D,N,N,N,Y,N,0,1,0,0,0,0,0,0,0,SALINAS,-121.6648938,36.6984108,36.6984108,-121.6648938,"c(-121.6648938, 36.6984108)",Salinas
2013,2013-09-16,2013-09-16T22:50:00Z,Monday,101,BORONDA RD,S,N,101,H,3,0,4,A,07,B,C,A,H,D,N,N,N,Y,N,0,1,3,0,0,0,0,0,0,SALINAS,-121.6605805,36.718495,36.718495,-121.6605805,"c(-121.6605805, 36.718495)",Salinas
2013,2013-09-14,2013-09-14T07:25:00Z,Saturday,101,CAMPHORA GLORIA RD,S,N,101,H,4,0,1,A,07,C,C,A,H,A,N,N,N,N,N,0,0,1,0,0,0,0,0,0,UNINCORPORATED,-121.3617185,36.4480927,36.4480927,-121.3617185,"c(-121.3617185, 36.4480927)",Other Unincorporated
2013,2013-09-21,2013-09-21T21:44:00Z,Saturday,1,MORSE DR,NA,Y,1,I,3,0,1,A,01,C,C,A,H,C,N,N,N,N,Y,0,1,0,0,0,0,0,0,0,UNINCORPORATED,-121.9105845,36.552185,36.552185,-121.9105845,"c(-121.9105845, 36.552185)",Other Unincorporated
2013,2013-09-13,2013-09-13T16:15:00Z,Friday,1,DEL MONTE AV,S,N,1,H,3,0,3,A,03,F,A,A,H,A,N,N,Y,N,N,0,1,2,0,0,0,0,0,1,MONTEREY,-121.8610764,36.6037249,36.6037249,-121.8610764,"c(-121.8610764, 36.6037249)",Monterey
2013,2013-09-16,2013-09-16T07:49:00Z,Monday,101,ALISAL ST,S,N,101,H,4,0,1,A,03,C,C,A,H,A,N,N,N,N,N,0,0,1,0,0,0,0,0,0,SALINAS,-121.6408586,36.6738372,36.6738372,-121.6408586,"c(-121.6408586, 36.6738372)",Salinas
2013,2013-09-19,2013-09-19T08:10:00Z,Thursday,101,OLD STAGE RD,N,N,101,H,3,0,3,A,03,C,C,A,H,A,N,N,N,Y,N,0,2,1,0,0,0,0,0,0,UNINCORPORATED,-121.4841787,36.538615,36.538615,-121.4841787,"c(-121.4841787, 36.538615)",Other Unincorporated
2013,2013-09-12,2013-09-12T17:57:00Z,Thursday,ESQUILINE RD,CARMEL VALLEY RD,S,N,NA,NA,3,0,1,C,18,H,H,A,H,B,N,N,N,N,N,0,1,0,0,0,0,0,0,0,UNINCORPORATED,-121.7281467,36.4738069,36.4738069,-121.7281467,"c(-121.7281467, 36.4738069)",Carmel Valley
2013,2013-09-19,2013-09-19T13:19:00Z,Thursday,ELKHORN RD,WERNER RD,S,N,NA,NA,4,0,1,A,09,D,C,A,H,A,N,N,N,N,N,0,0,1,0,0,0,0,0,0,UNINCORPORATED,-121.7472611,36.8785165,36.8785165,-121.7472611,"c(-121.7472611, 36.8785165)",Royal Oaks
2013,2013-09-13,2013-09-13T19:30:00Z,Friday,MERRITT ST,MEAD ST,NA,Y,NA,NA,4,0,1,A,09,D,C,A,H,C,N,N,N,N,N,0,0,1,0,0,0,0,0,0,UNINCORPORATED,-121.7620229,36.7686549,36.7686549,-121.7620229,"c(-121.7620229, 36.7686549)",Castroville
2013,2013-09-20,2013-09-20T13:15:00Z,Friday,68,CORRAL DE TIERRA RD,W,N,68,H,3,0,1,A,03,F,A,A,H,A,N,N,N,N,N,0,1,0,0,0,0,0,0,0,UNINCORPORATED,-121.7346555,36.5748834,36.5748834,-121.7346555,"c(-121.7346555, 36.5748834)",Other Unincorporated
2013,2013-09-19,2013-09-19T04:48:00Z,Thursday,1,DEL MONTE BL,S,N,1,H,3,0,1,C,18,H,H,A,H,D,N,N,N,N,N,0,1,0,0,0,0,0,0,0,UNINCORPORATED,-121.8614397,36.6025932,36.6025932,-121.8614397,"c(-121.8614397, 36.6025932)",Monterey
2013,2013-09-16,2013-09-16T13:55:00Z,Monday,101,SOLEDAD PRISON,N,N,101,H,3,0,2,A,08,F,I,A,D,A,N,N,N,N,N,0,1,1,0,0,0,0,0,0,UNINCORPORATED,-121.3992602,36.4719178,36.4719178,-121.3992602,"c(-121.3992602, 36.4719178)",Other Unincorporated
2013,2013-09-20,2013-09-20T18:55:00Z,Friday,1,LIGHTFIGHTER DR,S,N,1,H,3,0,1,A,08,F,A,A,H,A,N,N,N,N,N,0,1,0,0,0,0,0,0,0,SEASIDE,-121.8291704,36.6375113,36.6375113,-121.8291704,"c(-121.8291704, 36.6375113)",Seaside
2013,2013-09-18,2013-09-18T05:50:00Z,Wednesday,ALTA ST,RT 101,W,N,NA,NA,4,0,1,A,03,C,C,A,H,B,N,N,N,N,N,0,0,1,0,0,0,0,0,0,UNINCORPORATED,0,0,0,0,"c(0, 0)",Other Unincorporated
2013,2013-09-12,2013-09-12T09:40:00Z,Thursday,SAN MIGUEL CANYON RD,STRAWBERRY RD,S,N,NA,NA,4,0,1,A,09,C,C,A,H,A,N,N,N,N,N,0,0,1,0,0,0,0,0,0,UNINCORPORATED,-121.6893878,36.8433784,36.8433784,-121.6893878,"c(-121.6893878, 36.8433784)",Royal Oaks
2013,2013-09-06,2013-09-06T20:05:00Z,Friday,101,BORONDA RD,S,N,101,H,4,0,1,A,03,C,C,A,H,D,N,N,N,N,N,0,0,1,0,0,0,0,0,0,SALINAS,-121.6600171,36.7206005,36.7206005,-121.6600171,"c(-121.6600171, 36.7206005)",Salinas
2013,2013-09-23,2013-09-23T16:30:00Z,Monday,MOLERA RD,COOPER RD,N,N,NA,NA,4,0,1,A,03,C,C,A,H,A,N,N,N,N,N,0,0,1,0,0,0,0,0,0,UNINCORPORATED,0,0,0,0,"c(0, 0)",Other Unincorporated
2013,2013-09-20,2013-09-20T16:34:00Z,Friday,1,SLOAT AV,N,N,1,H,4,0,1,A,07,B,C,A,H,A,N,N,N,N,N,0,0,1,0,0,0,0,0,0,MONTEREY,-121.875265,36.5935111,36.5935111,-121.875265,"c(-121.875265, 36.5935111)",Monterey
2013,2013-09-14,2013-09-14T05:23:00Z,Saturday,SAN MIGUEL CANYON RD,HAMBEY LN,S,N,NA,NA,4,0,1,A,01,E,I,A,H,D,N,N,N,N,Y,0,0,1,0,0,0,0,0,0,UNINCORPORATED,-121.683677,36.8376174,36.8376174,-121.683677,"c(-121.683677, 36.8376174)",Royal Oaks
2013,2013-09-07,2013-09-07T15:05:00Z,Saturday,1,RT 68,S,N,1,R,3,0,2,A,03,F,A,A,H,A,N,N,Y,N,N,0,2,0,0,0,0,0,0,2,MONTEREY,-121.873513,36.5938549,36.5938549,-121.873513,"c(-121.873513, 36.5938549)",Monterey
2013,2013-09-16,2013-09-16T16:40:00Z,Monday,101,POTTER RD,N,N,101,H,4,0,1,A,08,F,A,A,H,A,N,N,N,N,N,0,0,1,0,0,0,0,0,0,UNINCORPORATED,-121.5572608,36.6057332,36.6057332,-121.5572608,"c(-121.5572608, 36.6057332)",Other Unincorporated
2013,2013-09-05,2013-09-05T06:40:00Z,Thursday,CARMEL VALLEY RD,BORANDA RD,W,N,NA,NA,3,0,1,A,08,E,I,A,H,A,N,N,N,N,N,0,1,0,0,0,0,0,0,0,UNINCORPORATED,-121.7496969,36.4963659,36.4963659,-121.7496969,"c(-121.7496969, 36.4963659)",Carmel Valley
2013,2013-09-04,2013-09-04T17:05:00Z,Wednesday,101,OLD STAGE RD,N,N,101,H,4,0,2,A,03,C,C,A,H,A,N,N,N,N,N,0,0,2,0,0,0,0,0,0,UNINCORPORATED,-121.4717478,36.5283442,36.5283442,-121.4717478,"c(-121.4717478, 36.5283442)",Other Unincorporated
2013,2013-08-30,2013-08-30T16:45:00Z,Friday,DOLORES ST,13TH AV,S,Y,NA,NA,4,0,1,A,12,D,C,A,H,A,N,N,N,N,N,0,0,1,0,0,0,0,0,0,CARMEL,-121.9226735,36.5463619,36.5463619,-121.9226735,"c(-121.9226735, 36.5463619)",Carmel-by-the-Sea
2013,2013-08-29,2013-08-29T19:20:00Z,Thursday,1,ANDREW MOLERA,S,N,1,H,4,0,1,A,08,D,C,A,H,B,N,N,N,N,N,0,0,1,0,0,0,0,0,0,UNINCORPORATED,-121.8460057,36.2888357,36.2888357,-121.8460057,"c(-121.8460057, 36.2888357)",Big Sur
2013,2013-08-15,2013-08-15T11:10:00Z,Thursday,1,JENSEN RD,NA,Y,1,I,3,0,1,A,09,D,C,A,H,A,N,N,Y,N,N,0,1,0,0,0,0,0,0,1,UNINCORPORATED,-121.771113,36.8535382,36.8535382,-121.771113,"c(-121.771113, 36.8535382)",Royal Oaks
2013,2013-08-21,2013-08-21T15:05:00Z,Wednesday,CRAZY HORSE CANYON RD,CHAPIN RD,N,N,NA,NA,3,0,1,A,03,E,I,A,H,A,N,N,N,N,N,0,1,0,0,0,0,0,0,0,UNINCORPORATED,-121.6163098,36.7982015,36.7982015,-121.6163098,"c(-121.6163098, 36.7982015)",Other Unincorporated
2013,2013-08-20,2013-08-20T17:35:00Z,Tuesday,68,LAURELES GRADE,W,N,68,H,4,0,1,A,03,C,C,A,H,A,N,N,N,N,N,0,0,1,0,0,0,0,0,0,UNINCORPORATED,-121.7582389,36.5700698,36.5700698,-121.7582389,"c(-121.7582389, 36.5700698)",Other Unincorporated
2013,2013-08-30,2013-08-30T21:07:00Z,Friday,WALNUT AV,FRANSCIONI,E,N,NA,NA,3,0,1,A,01,C,E,A,H,C,N,N,N,N,Y,0,1,0,0,0,0,0,0,0,GREENFIELD,-121.2517845,36.324998,36.324998,-121.2517845,"c(-121.2517845, 36.324998)",Greenfield
2013,2013-08-22,2013-08-22T15:40:00Z,Thursday,68,SKYLINE FOREST DR,E,N,68,H,4,0,2,A,03,C,C,A,H,A,N,N,N,N,N,0,0,2,0,0,0,0,0,0,UNINCORPORATED,-121.9179038,36.5813996,36.5813996,-121.9179038,"c(-121.9179038, 36.5813996)",Pebble Beach
2013,2013-08-25,2013-08-25T07:30:00Z,Sunday,1,RT 218,N,N,1,H,3,0,1,A,01,F,A,A,H,A,N,N,N,N,Y,0,1,0,0,0,0,0,0,0,SEASIDE,-121.8558983,36.6115745,36.6115745,-121.8558983,"c(-121.8558983, 36.6115745)",Seaside
2013,2013-08-21,2013-08-21T20:44:00Z,Wednesday,1,MUNRAS AV,N,N,1,H,2,0,3,A,03,C,C,A,H,D,N,N,N,N,N,1,0,2,0,0,0,0,0,0,MONTEREY,-121.9014491,36.5814923,36.5814923,-121.9014491,"c(-121.9014491, 36.5814923)",Monterey
2013,2013-08-22,2013-08-22T09:58:00Z,Thursday,IRIS DR,NORTH MAIN ST,W,N,NA,NA,4,0,1,A,-,B,C,A,H,A,N,N,Y,N,N,0,0,1,0,0,0,0,0,1,SALINAS,-121.6527019,36.6932005,36.6932005,-121.6527019,"c(-121.6527019, 36.6932005)",Salinas
2013,2013-08-22,2013-08-22T17:08:00Z,Thursday,NORTH MAIN ST,W MENKE ST,N,N,NA,NA,4,0,2,A,03,C,C,A,H,A,N,N,N,N,N,0,0,2,0,0,0,0,0,0,SALINAS,-121.6537465,36.6822771,36.6822771,-121.6537465,"c(-121.6537465, 36.6822771)",Salinas
2013,2013-08-29,2013-08-29T00:29:00Z,Thursday,TULANE,ADAMS,W,N,NA,NA,4,0,1,A,01,C,E,A,H,C,N,N,N,N,Y,0,0,1,0,0,0,0,0,0,SALINAS,-121.6631607,36.7004887,36.7004887,-121.6631607,"c(-121.6631607, 36.7004887)",Salinas
2013,2013-08-19,2013-08-19T12:49:00Z,Monday,WEST ALISAL ST,LINCOLN AV,W,N,NA,NA,4,0,1,A,03,C,C,A,H,A,N,N,N,N,N,0,0,1,0,0,0,0,0,0,SALINAS,-121.6570043,36.6733933,36.6733933,-121.6570043,"c(-121.6570043, 36.6733933)",Salinas
2013,2013-08-19,2013-08-19T18:42:00Z,Monday,MCKINNON ST,PENNSYLVANIA DR,NA,Y,NA,NA,3,0,1,A,09,H,A,A,H,A,N,N,N,N,N,0,1,0,0,0,0,0,0,0,SALINAS,-121.6441328,36.715465,36.715465,-121.6441328,"c(-121.6441328, 36.715465)",Salinas
2013,2013-08-30,2013-08-30T20:25:00Z,Friday,WEST LAUREL DR,NORTH DAVIS RD,NA,Y,NA,NA,4,0,1,A,-,C,C,A,H,C,N,N,N,N,N,0,0,1,0,0,0,0,0,0,SALINAS,-121.6682029,36.6978149,36.6978149,-121.6682029,"c(-121.6682029, 36.6978149)",Salinas
2013,2013-08-02,2013-08-02T08:26:00Z,Friday,NORTH MAIN ST,WEST MARKET ST,N,N,NA,NA,2,0,1,A,05,A,G,A,E,A,N,Y,N,N,N,1,0,0,0,0,0,1,0,0,SALINAS,-121.6550693,36.6784265,36.6784265,-121.6550693,"c(-121.6550693, 36.6784265)",Salinas
2013,2013-08-22,2013-08-22T10:23:00Z,Thursday,CENTRAL AV,NORTH DAVIS RD,NA,Y,NA,NA,4,0,2,A,08,B,C,A,H,A,N,N,N,N,N,0,0,2,0,0,0,0,0,0,SALINAS,-121.6767129,36.6764049,36.6764049,-121.6767129,"c(-121.6767129, 36.6764049)",Salinas
2013,2013-08-09,2013-08-09T20:50:00Z,Friday,EAST ALISAL ST,FERN ST,W,N,NA,NA,4,0,1,A,01,C,E,A,H,C,N,N,N,N,Y,0,0,1,0,0,0,0,0,0,SALINAS,-121.6071329,36.6730128,36.6730128,-121.6071329,"c(-121.6071329, 36.6730128)",Salinas
2013,2013-08-26,2013-08-26T07:45:00Z,Monday,CONSTITUTION BL,EAST LAUREL DR,N,N,NA,NA,4,0,1,A,09,D,C,A,H,A,N,N,N,N,N,0,0,1,0,0,0,0,0,0,SALINAS,-121.6295418,36.6968724,36.6968724,-121.6295418,"c(-121.6295418, 36.6968724)",Salinas
2013,2013-08-01,2013-08-01T19:32:00Z,Thursday,WORK ST,SOUTH SANBORN RD,N,N,NA,NA,2,0,1,D,00,D,G,A,H,A,N,Y,N,N,N,1,0,0,0,0,0,1,0,0,SALINAS,-121.6316965,36.6644494,36.6644494,-121.6316965,"c(-121.6316965, 36.6644494)",Salinas
2013,2013-08-21,2013-08-21T18:22:00Z,Wednesday,EAST BLANCO RD,ABBOTT RD,W,N,NA,NA,4,0,1,A,03,C,C,A,H,A,N,N,N,N,N,0,0,1,0,0,0,0,0,0,SALINAS,-121.636049,36.6570527,36.6570527,-121.636049,"c(-121.636049, 36.6570527)",Salinas
2013,2013-09-05,2013-09-05T17:45:00Z,Thursday,OLD STAGE RD,ESPERANZA RD,NA,Y,NA,NA,4,0,4,A,09,D,C,A,H,A,N,N,N,N,N,0,0,4,0,0,0,0,0,0,UNINCORPORATED,-121.5134828,36.604665,36.604665,-121.5134828,"c(-121.5134828, 36.604665)",Other Unincorporated
2013,2013-09-11,2013-09-11T16:40:00Z,Wednesday,1,RIO RD,S,N,1,H,4,0,1,A,03,C,C,A,H,A,N,N,N,N,N,0,0,1,0,0,0,0,0,0,UNINCORPORATED,-121.9112295,36.5380317,36.5380317,-121.9112295,"c(-121.9112295, 36.5380317)",Other Unincorporated
2013,2013-09-12,2013-09-12T15:10:00Z,Thursday,DOLAN RD,RT 1,E,N,NA,NA,3,0,2,A,05,D,C,A,H,A,N,N,Y,N,N,0,2,0,0,0,0,0,0,1,UNINCORPORATED,-121.7822266,36.8037331,36.8037331,-121.7822266,"c(-121.7822266, 36.8037331)",Moss Landing
2013,2013-09-17,2013-09-17T17:14:00Z,Tuesday,CRAZY HORSE CANYON RD,EXECUTIVE DR,NA,Y,NA,NA,3,0,2,A,08,A,C,A,D,A,N,N,N,N,N,0,1,1,0,0,0,0,0,0,UNINCORPORATED,-121.6281029,36.816135,36.816135,-121.6281029,"c(-121.6281029, 36.816135)",Other Unincorporated