ACCIDENT_YEAR,COLLISION_DATE,COLLISION_TIME,DAY_OF_WEEK,PRIMARY_RD,SECONDARY_RD,DIRECTION,INTERSECTION,STATE_ROUTE,LOCATION_TYPE,COLLISION_SEVERITY,NUMBER_KILLED,NUMBER_INJURED,PRIMARY_COLL_FACTOR,PCF_VIOL_CATEGORY,TYPE_OF_COLLISION,MVIW,PED_ACTION,ROAD_COND_1,LIGHTING,PEDESTRIAN_ACCIDENT,BICYCLE_ACCIDENT,MOTORCYCLE_ACCIDENT,TRUCK_ACCIDENT,ALCOHOL_INVOLVED,COUNT_SEVERE_INJ,COUNT_VISIBLE_INJ,COUNT_COMPLAINT_PAIN,COUNT_PED_KILLED,COUNT_PED_INJURED,COUNT_BICYCLIST_KILLED,COUNT_BICYCLIST_INJURED,COUNT_MC_KILLED,COUNT_MC_INJURED,CITY,POINT_X,POINT_Y,lat,lon,geometry,city_new
2013,2013-11-20,2013-11-20T13:18:00Z,Wednesday,8TH AV,MISSION ST,W,N,NA,NA,3,0,1,A,08,E,E,A,H,A,N,N,N,N,N,0,1,0,0,0,0,0,0,0,CARMEL,-121.9210652,36.552526,36.552526,-121.9210652,"c(-121.9210652, 36.552526)",Carmel-by-the-Sea
2013,2013-11-13,2013-11-13T17:16:00Z,Wednesday,FREMONT ST,VIA MIRADA,NA,Y,NA,NA,3,0,5,A,09,D,C,A,H,C,N,N,N,N,N,0,2,3,0,0,0,0,0,0,MONTEREY,-121.887203,36.594675,36.594675,-121.887203,"c(-121.887203, 36.594675)",Monterey
2013,2013-11-06,2013-11-06T16:31:00Z,Wednesday,FRANKLIN ST,ALVARADO ST,E,N,NA,NA,4,0,1,A,21,B,C,A,H,A,N,N,N,N,N,0,0,1,0,0,0,0,0,0,MONTEREY,-121.8940219,36.599898,36.599898,-121.8940219,"c(-121.8940219, 36.599898)",Monterey
2013,2013-11-06,2013-11-06T00:52:00Z,Wednesday,FREMONT ST,MESA RD,E,N,NA,NA,4,0,1,A,08,E,I,A,H,C,N,N,Y,N,N,0,0,1,0,0,0,0,0,1,MONTEREY,-121.8886361,36.5949729,36.5949729,-121.8886361,"c(-121.8886361, 36.5949729)",Monterey
2013,2013-12-20,2013-12-20T15:02:00Z,Friday,MUNRAS AV,VIA ZARAGOSA WY,NA,Y,NA,NA,4,0,1,A,03,C,C,A,H,A,N,N,N,N,N,0,0,1,0,0,0,0,0,0,MONTEREY,-121.9027029,36.5821349,36.5821349,-121.9027029,"c(-121.9027029, 36.5821349)",Monterey
2013,2013-12-03,2013-12-03T07:53:00Z,Tuesday,BOSTICK AV,BAYER DR,N,N,NA,NA,4,0,1,A,03,C,C,A,H,A,N,N,N,N,N,0,0,1,0,0,0,0,0,0,MARINA,-121.7822164,36.6735737,36.6735737,-121.7822164,"c(-121.7822164, 36.6735737)",Marina
2013,2013-12-03,2013-12-03T09:46:00Z,Tuesday,IMJIN PKWY,ABRAMS DR,N,N,NA,NA,4,0,1,A,03,C,C,A,H,A,N,N,N,N,N,0,0,1,0,0,0,0,0,0,MARINA,-121.7736101,36.6658929,36.6658929,-121.7736101,"c(-121.7736101, 36.6658929)",Marina
2013,2013-12-10,2013-12-10T09:50:00Z,Tuesday,1,MORSE DR,S,N,1,H,4,0,2,A,03,C,C,A,H,A,N,N,N,N,N,0,0,2,0,0,0,0,0,0,UNINCORPORATED,-121.9105673,36.5520657,36.5520657,-121.9105673,"c(-121.9105673, 36.5520657)",Other Unincorporated
2013,2013-11-30,2013-11-30T16:55:00Z,Saturday,ELKHORN RD,CAMPAGNA WY,N,N,NA,NA,3,0,1,A,01,F,A,A,H,D,N,N,N,N,Y,0,1,0,0,0,0,0,0,0,UNINCORPORATED,-121.7321666,36.8371285,36.8371285,-121.7321666,"c(-121.7321666, 36.8371285)",Royal Oaks
2013,2013-12-02,2013-12-02T12:55:00Z,Monday,1,RT 183,N,N,1,H,3,0,3,A,01,A,C,A,H,A,N,N,N,N,N,0,1,2,0,0,0,0,0,0,UNINCORPORATED,-121.7655832,36.7710366,36.7710366,-121.7655832,"c(-121.7655832, 36.7710366)",Castroville
2013,2013-11-29,2013-11-29T11:59:00Z,Friday,101,MALLORY CANYON RD,N,N,101,H,3,0,1,A,12,D,C,A,D,A,N,N,N,Y,N,0,1,0,0,0,0,0,0,0,UNINCORPORATED,-121.6417713,36.8130421,36.8130421,-121.6417713,"c(-121.6417713, 36.8130421)",Other Unincorporated
2013,2013-12-03,2013-12-03T07:02:00Z,Tuesday,183,PAJARO ST,NA,Y,183,I,3,0,2,D,00,D,C,A,H,B,N,N,N,N,N,0,1,1,0,0,0,0,0,0,UNINCORPORATED,-121.7538236,36.7626236,36.7626236,-121.7538236,"c(-121.7538236, 36.7626236)",Castroville
2013,2013-11-30,2013-11-30T05:58:00Z,Saturday,101,BORONDA RD,N,N,101,H,3,0,1,A,07,B,C,A,D,D,N,N,N,N,N,0,1,0,0,0,0,0,0,0,UNINCORPORATED,-120.9053139,35.988883,35.988883,-120.9053139,"c(-120.9053139, 35.988883)",San Ardo
2013,2013-12-04,2013-12-04T07:30:00Z,Wednesday,IMJIN PKWY,2ND AV,W,N,NA,NA,4,0,2,A,03,C,C,A,H,A,N,N,N,N,N,0,0,2,0,0,0,0,0,0,MARINA,0,0,0,0,"c(0, 0)",Other Unincorporated
2013,2013-12-05,2013-12-05T06:35:00Z,Thursday,COOPER ST,BLEVINS WY,W,N,NA,NA,3,0,1,A,11,G,B,D,H,A,Y,N,N,N,N,0,1,0,0,1,0,0,0,0,UNINCORPORATED,-121.7572368,36.7713299,36.7713299,-121.7572368,"c(-121.7572368, 36.7713299)",Castroville
2013,2013-12-03,2013-12-03T17:42:00Z,Tuesday,68,CORRAL DE TIERRA RD,W,N,68,H,4,0,1,A,03,C,C,A,H,D,N,N,N,N,N,0,0,1,0,0,0,0,0,0,UNINCORPORATED,-121.7318347,36.5767068,36.5767068,-121.7318347,"c(-121.7318347, 36.5767068)",Other Unincorporated
2013,2013-12-05,2013-12-05T17:55:00Z,Thursday,ELKHORN RD,WERNER RD,N,N,NA,NA,2,0,1,A,11,G,B,D,H,D,Y,N,N,N,N,1,0,0,0,1,0,0,0,0,UNINCORPORATED,-121.746774,36.8818055,36.8818055,-121.746774,"c(-121.746774, 36.8818055)",Royal Oaks
2013,2013-12-01,2013-12-02T01:00:00Z,Sunday,GARRAPATOS RD,PALO COLORADO RD,N,N,NA,NA,4,0,1,A,08,E,I,A,H,A,N,N,N,N,N,0,0,1,0,0,0,0,0,0,UNINCORPORATED,-121.8762925,36.3996388,36.3996388,-121.8762925,"c(-121.8762925, 36.3996388)",Other Unincorporated
2013,2013-12-01,2013-12-01T15:35:00Z,Sunday,1,LITTLE SUR RIVER BR,S,N,1,H,3,0,1,A,08,E,I,A,H,A,N,N,N,N,N,0,1,0,0,0,0,0,0,0,UNINCORPORATED,-121.8855627,36.3335764,36.3335764,-121.8855627,"c(-121.8855627, 36.3335764)",Other Unincorporated
2013,2013-12-09,2013-12-09T17:52:00Z,Monday,101,CRAZY HORSE CANYON RD,S,N,101,H,4,0,3,A,09,D,C,A,H,A,N,N,N,N,N,0,0,3,0,0,0,0,0,0,UNINCORPORATED,-121.6366318,36.816338,36.816338,-121.6366318,"c(-121.6366318, 36.816338)",Other Unincorporated
2013,2013-12-09,2013-12-09T17:58:00Z,Monday,68,LAGUNA PL,E,N,68,H,4,0,1,A,03,C,C,A,H,D,N,N,N,N,N,0,0,1,0,0,0,0,0,0,UNINCORPORATED,-121.7481839,36.5706585,36.5706585,-121.7481839,"c(-121.7481839, 36.5706585)",Other Unincorporated
2013,2013-12-10,2013-12-10T15:20:00Z,Tuesday,SAN JUAN GRADE RD,PENZANCE ST,NA,Y,NA,NA,4,0,1,A,09,D,D,A,H,A,N,N,N,N,N,0,0,1,0,0,0,0,0,0,UNINCORPORATED,-121.6396929,36.731945,36.731945,-121.6396929,"c(-121.6396929, 36.731945)",Other Unincorporated
2013,2013-12-05,2013-12-05T12:20:00Z,Thursday,BLOHM RD,CARPENTERIA RD,S,N,NA,NA,4,0,1,A,03,C,C,A,H,A,N,N,N,N,N,0,0,1,0,0,0,0,0,0,UNINCORPORATED,-121.6431539,36.8885777,36.8885777,-121.6431539,"c(-121.6431539, 36.8885777)",Other Unincorporated
2013,2013-12-03,2013-12-03T07:50:00Z,Tuesday,IVERSON RD,JOHNSON CANYON RD,E,N,NA,NA,2,0,1,A,03,E,I,A,H,A,N,N,N,N,N,1,0,0,0,0,0,0,0,0,UNINCORPORATED,-121.4118143,36.516986,36.516986,-121.4118143,"c(-121.4118143, 36.516986)",Other Unincorporated
2013,2013-11-29,2013-11-29T00:45:00Z,Friday,101,WILDHORSE RD,N,N,101,H,3,0,2,A,08,E,I,A,H,D,N,N,N,N,N,0,1,1,0,0,0,0,0,0,UNINCORPORATED,-121.0784789,36.1904182,36.1904182,-121.0784789,"c(-121.0784789, 36.1904182)",Other Unincorporated
2013,2013-11-27,2013-11-27T08:30:00Z,Wednesday,1,SALINAS RD,S,N,1,H,4,0,1,A,08,B,C,A,H,A,N,N,N,N,N,0,0,1,0,0,0,0,0,0,UNINCORPORATED,-121.7710562,36.8581628,36.8581628,-121.7710562,"c(-121.7710562, 36.8581628)",Royal Oaks
2013,2013-11-22,2013-11-22T19:30:00Z,Friday,1,WILLOW CREEK BRIDGE,S,N,1,H,3,0,1,A,03,E,I,A,H,D,N,N,N,N,N,0,1,0,0,0,0,0,0,0,UNINCORPORATED,-121.4607785,35.8920193,35.8920193,-121.4607785,"c(-121.4607785, 35.8920193)",Big Sur
2013,2013-11-29,2013-11-29T06:50:00Z,Friday,RESERVATION RD,RT 68,N,N,NA,NA,4,0,2,A,05,A,C,A,H,A,N,N,N,N,N,0,0,2,0,0,0,0,0,0,UNINCORPORATED,-121.6918518,36.6301996,36.6301996,-121.6918518,"c(-121.6918518, 36.6301996)",Other Unincorporated
2013,2013-11-24,2013-11-24T18:30:00Z,Sunday,CARMEL VALLEY RD,CARMEL RANCHO BL,W,N,NA,NA,2,0,1,A,08,H,I,A,H,C,N,Y,N,N,N,1,0,0,0,0,0,1,0,0,UNINCORPORATED,-121.9052335,36.5437735,36.5437735,-121.9052335,"c(-121.9052335, 36.5437735)",Other Unincorporated
2013,2013-10-26,2013-10-26T17:31:00Z,Saturday,CONSTITUTION,LAS CASITAS,NA,Y,NA,NA,2,0,1,A,09,D,C,A,H,B,N,N,N,N,N,1,0,0,0,0,0,0,0,0,SALINAS,-121.6127229,36.698755,36.698755,-121.6127229,"c(-121.6127229, 36.698755)",Salinas
2013,2013-10-02,2013-10-02T15:09:00Z,Wednesday,FREMONT BL,BIRCH AV,N,N,NA,NA,4,0,1,A,03,C,C,A,H,A,N,N,N,N,N,0,0,1,0,0,0,0,0,0,SEASIDE,-121.843945,36.6125752,36.6125752,-121.843945,"c(-121.843945, 36.6125752)",Seaside
2013,2013-10-08,2013-10-08T16:06:00Z,Tuesday,WARING ST,BROADWAY,S,N,NA,NA,4,0,1,A,09,-,G,A,H,A,N,Y,N,N,N,0,0,1,0,0,0,1,0,0,SEASIDE,-121.8346111,36.6086128,36.6086128,-121.8346111,"c(-121.8346111, 36.6086128)",Seaside
2013,2013-10-07,2013-10-07T09:21:00Z,Monday,NOCHE BUENA ST,MINGO AV,NA,Y,NA,NA,4,0,2,A,09,D,C,A,H,A,N,N,N,N,N,0,0,2,0,0,0,0,0,0,SEASIDE,-121.837653,36.611985,36.611985,-121.837653,"c(-121.837653, 36.611985)",Seaside
2013,2013-10-28,2013-10-28T08:44:00Z,Monday,MONTEREY RD,FREMONT BL,E,N,NA,NA,4,0,1,A,03,D,C,A,H,A,N,N,N,N,N,0,0,1,0,0,0,0,0,0,SEASIDE,-121.8410666,36.6237688,36.6237688,-121.8410666,"c(-121.8410666, 36.6237688)",Seaside
2013,2013-09-01,2013-09-01T14:51:00Z,Sunday,218,DEL MONTE BL,NA,Y,218,I,3,0,2,A,12,D,G,A,H,A,N,Y,N,N,N,0,1,1,0,0,0,0,0,0,SEASIDE,-121.8556829,36.6075949,36.6075949,-121.8556829,"c(-121.8556829, 36.6075949)",Seaside
2013,2013-09-06,2013-09-06T21:19:00Z,Friday,PALM AV,FREMONT BL,NA,Y,NA,NA,3,0,1,A,03,D,C,A,H,C,N,N,Y,N,N,0,1,0,0,0,0,0,0,1,SEASIDE,-121.8460429,36.608445,36.608445,-121.8460429,"c(-121.8460429, 36.608445)",Seaside
2013,2013-09-24,2013-09-25T01:00:00Z,Tuesday,FREMONT BL,LASALLE AV,NA,Y,NA,NA,4,0,1,A,09,A,C,A,H,C,N,N,N,N,N,0,0,1,0,0,0,0,0,0,SEASIDE,-121.8417629,36.616835,36.616835,-121.8417629,"c(-121.8417629, 36.616835)",Seaside
2013,2013-10-16,2013-10-16T13:45:00Z,Wednesday,DEL MONTE BL,DEL MONTE RD  1755,N,N,NA,NA,4,0,2,A,04,C,C,A,H,A,N,N,N,N,N,0,0,2,0,0,0,0,0,0,SEASIDE,0,0,0,0,"c(0, 0)",Other Unincorporated
2013,2013-11-10,2013-11-10T23:30:00Z,Sunday,EAST BORONDA RD,NATIVIDAD RD,W,N,NA,NA,4,0,1,A,08,E,I,A,H,C,N,N,N,N,N,0,0,1,0,0,0,0,0,0,SALINAS,-121.623879,36.7155157,36.7155157,-121.623879,"c(-121.623879, 36.7155157)",Salinas
2013,2013-11-23,2013-11-23T13:08:00Z,Saturday,WEST ROSSI ST,RICO ST,NA,Y,NA,NA,3,0,1,A,12,F,A,A,H,A,N,N,N,N,N,0,1,0,0,0,0,0,0,0,SALINAS,-121.6615529,36.6838249,36.6838249,-121.6615529,"c(-121.6615529, 36.6838249)",Salinas
2013,2013-11-04,2013-11-04T09:49:00Z,Monday,SOUTH MAIN ST,PLAZA CIR,NA,Y,NA,NA,4,0,1,A,09,D,C,A,H,A,N,N,N,N,N,0,0,1,0,0,0,0,0,0,SALINAS,-121.6596829,36.6573249,36.6573249,-121.6596829,"c(-121.6596829, 36.6573249)",Salinas
2013,2013-12-16,2013-12-16T12:54:00Z,Monday,LIGHTHOUSE AV,DAVID AV,N,N,NA,NA,4,0,1,A,03,C,C,A,H,A,N,N,N,N,N,0,0,1,0,0,0,0,0,0,MONTEREY,0,0,0,0,"c(0, 0)",Other Unincorporated
2013,2013-12-21,2013-12-21T14:48:00Z,Saturday,GENERAL STILLWELL DR,2ND AV,W,N,NA,NA,3,0,1,-,-,B,B,D,H,A,Y,N,N,N,N,0,1,0,0,1,0,0,0,0,MARINA,0,0,0,0,"c(0, 0)",Other Unincorporated
2013,2013-10-16,2013-10-16T18:01:00Z,Wednesday,SAN ANTONIO DR,AMHERST DR,NA,-,NA,NA,3,0,1,A,12,A,C,A,H,A,N,N,N,N,N,0,1,0,0,0,0,0,0,0,KING CITY,-121.1385928,36.208955,36.208955,-121.1385928,"c(-121.1385928, 36.208955)",King City
2014,2014-01-02,2014-01-02T15:30:00Z,Thursday,1,MOLERA PARK ENTRANCE,NA,Y,1,H,4,0,2,A,03,C,C,A,G,A,N,N,N,N,N,0,0,2,0,0,0,0,0,0,UNINCORPORATED,-121.8445811,36.28854942,36.28854942,-121.8445811,"c(-121.8445811, 36.28854942)",Big Sur
2014,2014-01-04,2014-01-04T15:25:00Z,Saturday,1,RT 68,S,N,1,H,4,0,1,A,08,C,C,A,H,A,N,N,N,N,N,0,0,1,0,0,0,0,0,0,UNINCORPORATED,-121.87191823,36.59426153,36.59426153,-121.87191823,"c(-121.87191823, 36.59426153)",Monterey
2014,2014-01-01,2014-01-01T00:45:00Z,Wednesday,68,SPRECKELS BL,E,N,68,H,3,0,1,A,01,E,I,A,H,D,N,N,N,N,Y,0,1,0,0,0,0,0,0,0,UNINCORPORATED,-121.66967116,36.6329147,36.6329147,-121.66967116,"c(-121.66967116, 36.6329147)",Other Unincorporated
2014,2014-01-07,2014-01-07T00:27:00Z,Tuesday,BLACKIE RD,COMMERCIAL PKWY,E,N,NA,NA,4,0,1,A,03,G,B,E,H,D,Y,N,N,N,N,0,0,1,0,1,0,0,0,0,UNINCORPORATED,-121.72377598,36.76810425,36.76810425,-121.72377598,"c(-121.72377598, 36.76810425)",Castroville
2014,2014-01-04,2014-01-04T07:55:00Z,Saturday,101,ARROYO SECO RD,S,N,101,H,4,0,1,A,08,E,I,A,H,A,N,N,N,N,N,0,0,1,0,0,0,0,0,0,UNINCORPORATED,-121.29594072,36.3795339,36.3795339,-121.29594072,"c(-121.29594072, 36.3795339)",Other Unincorporated
2013,2013-12-22,2013-12-22T18:30:00Z,Sunday,1,LIGHTFIGHTER DR,S,N,1,H,3,0,2,A,07,D,C,A,H,D,N,N,N,N,N,0,2,0,0,0,0,0,0,0,SEASIDE,-121.8298569,36.6377127,36.6377127,-121.8298569,"c(-121.8298569, 36.6377127)",Seaside
2013,2013-12-21,2013-12-21T21:34:00Z,Saturday,BLANCO RD,DAVIS RD,NA,Y,NA,NA,3,0,2,A,12,D,C,A,H,C,N,N,N,N,N,0,1,1,0,0,0,0,0,0,SALINAS,-121.6850829,36.666745,36.666745,-121.6850829,"c(-121.6850829, 36.666745)",Other Unincorporated
2013,2013-12-27,2013-12-27T13:34:00Z,Friday,CARMEL VALLEY RD,RANCHO FIESTA RD,NA,Y,NA,NA,4,0,1,A,09,D,C,A,H,A,N,N,N,N,N,0,0,1,0,0,0,0,0,0,UNINCORPORATED,-121.7751928,36.5138249,36.5138249,-121.7751928,"c(-121.7751928, 36.5138249)",Carmel Valley
2013,2013-12-12,2013-12-12T00:50:00Z,Thursday,BEACH RD,MELANIE RD,W,N,NA,NA,4,0,1,A,01,E,I,A,H,C,N,N,N,N,Y,0,0,1,0,0,0,0,0,0,MARINA,-121.7940959,36.691958,36.691958,-121.7940959,"c(-121.7940959, 36.691958)",Marina
2013,2013-10-17,2013-10-17T20:53:00Z,Thursday,CENTRAL AV,FOUNTAIN AV,W,N,NA,NA,4,0,1,A,01,B,E,A,H,C,N,N,N,N,Y,0,0,1,0,0,0,0,0,0,PACIFIC GROVE,-121.9160961,36.6219136,36.6219136,-121.9160961,"c(-121.9160961, 36.6219136)",Pacific Grove
2013,2013-12-10,2013-12-10T19:38:00Z,Tuesday,1,CAMINO AGUAJITO,NA,Y,1,R,4,0,3,A,09,D,C,A,H,C,N,N,N,N,N,0,0,3,0,0,0,0,0,0,MONTEREY,-121.876633,36.5934249,36.5934249,-121.876633,"c(-121.876633, 36.5934249)",Monterey
2013,2013-11-02,2013-11-02T23:22:00Z,Saturday,RESERVATION RD,CRESCENT AV,W,N,NA,NA,3,0,1,A,01,C,C,A,H,C,N,N,N,N,Y,0,1,0,0,0,0,0,0,0,MARINA,-121.7918989,36.6838458,36.6838458,-121.7918989,"c(-121.7918989, 36.6838458)",Marina
2013,2013-09-09,2013-09-09T09:52:00Z,Monday,FREMONT BL,ELM AV,S,N,NA,NA,4,0,1,A,08,B,C,A,H,A,N,N,N,N,N,0,0,1,0,0,0,0,0,0,SEASIDE,-121.8464356,36.6076512,36.6076512,-121.8464356,"c(-121.8464356, 36.6076512)",Seaside
2013,2013-09-19,2013-09-19T14:37:00Z,Thursday,218,SONOMA AV,E,N,218,H,4,0,1,A,03,C,C,A,H,A,N,N,N,N,N,0,0,1,0,0,0,0,0,0,SEASIDE,-121.855454,36.6062534,36.6062534,-121.855454,"c(-121.855454, 36.6062534)",Seaside
2013,2013-10-07,2013-10-07T12:23:00Z,Monday,CENTRAL AV,15TH ST,E,N,NA,NA,4,0,1,A,03,C,G,A,H,A,N,Y,N,N,N,0,0,1,0,0,0,1,0,0,PACIFIC GROVE,-121.9151371,36.6216392,36.6216392,-121.9151371,"c(-121.9151371, 36.6216392)",Pacific Grove
2013,2013-12-15,2013-12-15T08:32:00Z,Sunday,101,GREENFIELD,N,N,101,H,4,0,2,A,03,C,C,A,H,A,N,N,N,N,N,0,0,2,0,0,0,0,0,0,GREENFIELD,-121.2572769,36.3419572,36.3419572,-121.2572769,"c(-121.2572769, 36.3419572)",Other Unincorporated
2013,2013-12-22,2013-12-22T06:35:00Z,Sunday,101,LOCKWOOD RD,S,N,101,H,2,0,2,C,18,F,A,A,H,D,N,N,N,N,N,1,0,1,0,0,0,0,0,0,UNINCORPORATED,-121.0131652,36.0875547,36.0875547,-121.0131652,"c(-121.0131652, 36.0875547)",Other Unincorporated
2013,2013-12-18,2013-12-18T14:15:00Z,Wednesday,101,TUSTIN RD,N,N,101,H,4,0,1,A,03,C,C,A,H,A,N,N,N,N,N,0,0,1,0,0,0,0,0,0,UNINCORPORATED,-121.6466723,36.8080774,36.8080774,-121.6466723,"c(-121.6466723, 36.8080774)",Other Unincorporated
2013,2013-12-13,2013-12-13T22:50:00Z,Friday,CACHAGUA RD,TASSAJARA RD,W,N,NA,NA,2,0,3,A,01,F,A,A,H,D,N,N,N,N,Y,3,0,0,0,0,0,0,0,0,UNINCORPORATED,-121.5960981,36.3916036,36.3916036,-121.5960981,"c(-121.5960981, 36.3916036)",Carmel Valley
2013,2013-11-09,2013-11-09T10:41:00Z,Saturday,NATIVIDAD RD,LESLIE DR,NA,Y,NA,NA,4,0,1,A,07,B,G,A,H,A,N,Y,N,N,N,0,0,1,0,0,0,1,0,0,SALINAS,-121.6299229,36.704745,36.704745,-121.6299229,"c(-121.6299229, 36.704745)",Salinas
2013,2013-11-02,2013-11-02T05:56:00Z,Saturday,EAST LAUREL DR,N MAIN,E,N,NA,NA,4,0,1,A,05,G,B,A,H,C,N,Y,N,N,N,0,0,1,0,0,0,1,0,0,SALINAS,-121.651838,36.6993088,36.6993088,-121.651838,"c(-121.651838, 36.6993088)",Salinas
2013,2013-11-04,2013-11-04T10:20:00Z,Monday,KITTERY ST,SNUG HARBOR ST,NA,Y,NA,NA,4,0,3,A,09,D,C,A,H,A,N,N,N,N,N,0,0,3,0,0,0,0,0,0,SALINAS,-121.6113029,36.705855,36.705855,-121.6113029,"c(-121.6113029, 36.705855)",Salinas
2013,2013-11-13,2013-11-13T15:04:00Z,Wednesday,NORTH DAVIS RD,WESTRIDGE PKWY,N,N,NA,NA,4,0,1,A,01,E,I,A,H,A,N,N,N,N,Y,0,0,1,0,0,0,0,0,0,SALINAS,0,0,0,0,"c(0, 0)",Other Unincorporated
2013,2013-11-03,2013-11-03T15:36:00Z,Sunday,WEST ALISAL ST,SALINAS ST,E,N,NA,NA,4,0,1,A,12,-,C,A,H,A,N,N,N,N,N,0,0,1,0,0,0,0,0,0,SALINAS,-121.6559828,36.6735296,36.6735296,-121.6559828,"c(-121.6559828, 36.6735296)",Salinas
2013,2013-11-12,2013-11-12T19:32:00Z,Tuesday,NORTH MAIN ST,MADRID DR,NA,Y,NA,NA,4,0,1,A,03,C,C,A,H,C,N,N,N,N,Y,0,0,1,0,0,0,0,0,0,SALINAS,-121.6547529,36.713195,36.713195,-121.6547529,"c(-121.6547529, 36.713195)",Salinas
2013,2013-11-12,2013-11-12T20:37:00Z,Tuesday,NORTH MAIN ST,BOLIVAR,N,N,NA,NA,4,0,1,A,05,A,C,A,H,C,N,N,N,N,N,0,0,1,0,0,0,0,0,0,SALINAS,-121.6561973,36.725417,36.725417,-121.6561973,"c(-121.6561973, 36.725417)",Salinas
2013,2013-11-11,2013-11-11T17:00:00Z,Monday,WILLIAMS RD,DEL MONTE AV,NA,Y,NA,NA,2,0,1,A,08,H,G,A,H,B,N,Y,N,N,N,1,0,0,0,0,0,1,0,0,SALINAS,-121.604383,36.681215,36.681215,-121.604383,"c(-121.604383, 36.681215)",Salinas
2013,2013-11-09,2013-11-09T13:40:00Z,Saturday,NORTH SANBORN RD,GARNER AV,NA,Y,NA,NA,4,0,1,A,12,D,C,A,H,A,N,N,N,N,N,0,0,1,0,0,0,0,0,0,SALINAS,-121.6152229,36.6862249,36.6862249,-121.6152229,"c(-121.6152229, 36.6862249)",Salinas
2013,2013-11-08,2013-11-08T21:10:00Z,Friday,RIKER ST,LANG ST,N,N,NA,NA,4,0,1,A,03,-,E,A,H,C,N,N,N,N,N,0,0,1,0,0,0,0,0,0,SALINAS,-121.6602589,36.6683101,36.6683101,-121.6602589,"c(-121.6602589, 36.6683101)",Salinas
2013,2013-11-25,2013-11-25T12:25:00Z,Monday,WEST ACACIA ST,SOUTH MAIN ST,NA,Y,NA,NA,4,0,2,A,21,C,C,A,H,A,N,Y,N,N,N,0,0,2,0,0,0,1,0,0,SALINAS,-121.6571929,36.6641449,36.6641449,-121.6571929,"c(-121.6571929, 36.6641449)",Salinas
2013,2013-11-05,2013-11-05T11:23:00Z,Tuesday,NORTH DAVIS RD,WEST LAUREL DR,NA,Y,NA,NA,3,0,1,A,12,D,G,A,H,A,N,Y,N,N,N,0,1,0,0,0,0,1,0,0,SALINAS,-121.6682029,36.6978149,36.6978149,-121.6682029,"c(-121.6682029, 36.6978149)",Salinas
2013,2013-11-26,2013-11-26T12:16:00Z,Tuesday,MONTEREY ST,EAST GABILAN ST,N,N,NA,NA,4,0,2,A,03,C,C,A,H,A,N,N,N,N,N,0,0,2,0,0,0,0,0,0,SALINAS,-121.6541339,36.6758136,36.6758136,-121.6541339,"c(-121.6541339, 36.6758136)",Salinas
2013,2013-11-04,2013-11-04T19:55:00Z,Monday,LAUREL DR,NORTH MAIN ST,NA,Y,NA,NA,4,0,1,A,12,D,C,A,H,C,N,N,N,N,N,0,0,1,0,0,0,0,0,0,SALINAS,-121.652093,36.699305,36.699305,-121.652093,"c(-121.652093, 36.699305)",Salinas
2013,2013-11-19,2013-11-19T19:27:00Z,Tuesday,MASSACHUSETTS DR,CONSTITUTION BL,NA,Y,NA,NA,4,0,1,A,09,D,C,A,H,C,N,N,N,N,N,0,0,1,0,0,0,0,0,0,SALINAS,-121.6082229,36.702705,36.702705,-121.6082229,"c(-121.6082229, 36.702705)",Salinas
2013,2013-11-11,2013-11-11T18:48:00Z,Monday,WEST LAUREL DR,PARKSIDE DR,NA,Y,NA,NA,4,0,1,A,01,B,C,A,H,C,N,N,N,N,N,0,0,1,0,0,0,0,0,0,SALINAS,-121.6559429,36.6987049,36.6987049,-121.6559429,"c(-121.6559429, 36.6987049)",Salinas
2013,2013-11-23,2013-11-23T17:32:00Z,Saturday,EAST LAUREL DR,TOWT ST,E,N,NA,NA,3,0,1,A,03,E,I,A,H,B,N,N,N,N,N,0,1,0,0,0,0,0,0,0,SALINAS,-121.6176909,36.6790549,36.6790549,-121.6176909,"c(-121.6176909, 36.6790549)",Salinas
2013,2013-11-17,2013-11-17T05:42:00Z,Sunday,NATIVIDAD RD,LOS COCHES AV,N,N,NA,NA,4,0,1,A,08,A,I,A,H,B,N,N,N,N,N,0,0,1,0,0,0,0,0,0,SALINAS,-121.6243365,36.7136231,36.7136231,-121.6243365,"c(-121.6243365, 36.7136231)",Salinas
2013,2013-11-22,2013-11-22T08:27:00Z,Friday,SOUTH MAIN ST,EAST ROMIE LN,NA,Y,NA,NA,4,0,2,A,12,B,C,A,H,A,N,N,N,N,N,0,0,2,0,0,0,0,0,0,SALINAS,-121.6577729,36.6625249,36.6625249,-121.6577729,"c(-121.6577729, 36.6625249)",Salinas
2013,2013-11-27,2013-11-27T13:58:00Z,Wednesday,CHEROKEE DR,SENECA PL,N,N,NA,NA,2,0,1,A,08,C,E,A,H,A,N,N,N,N,N,1,0,0,0,0,0,0,0,0,SALINAS,0,0,0,0,"c(0, 0)",Other Unincorporated
2013,2013-11-21,2013-11-21T17:52:00Z,Thursday,RIKER ST,WEST ACACIA ST,NA,Y,NA,NA,3,0,1,A,12,D,G,A,H,C,N,Y,N,N,Y,0,1,0,0,0,0,1,0,0,SALINAS,-121.6613929,36.666155,36.666155,-121.6613929,"c(-121.6613929, 36.666155)",Salinas
2013,2013-11-09,2013-11-09T09:23:00Z,Saturday,GLACIER DR,MARIN AV,NA,Y,NA,NA,4,0,1,A,09,D,C,A,H,A,N,N,N,N,N,0,0,1,0,0,0,0,0,0,SALINAS,-121.6333929,36.7033149,36.7033149,-121.6333929,"c(-121.6333929, 36.7033149)",Salinas
2013,2013-11-16,2013-11-16T21:29:00Z,Saturday,NORTH MAIN ST,E BOLIVAR ST,NA,Y,NA,NA,4,0,3,A,09,D,C,A,H,C,N,N,N,N,N,0,0,3,0,0,0,0,0,0,SALINAS,-121.6562029,36.725005,36.725005,-121.6562029,"c(-121.6562029, 36.725005)",Salinas