ACCIDENT_YEAR,COLLISION_DATE,COLLISION_TIME,DAY_OF_WEEK,PRIMARY_RD,SECONDARY_RD,DIRECTION,INTERSECTION,STATE_ROUTE,LOCATION_TYPE,COLLISION_SEVERITY,NUMBER_KILLED,NUMBER_INJURED,PRIMARY_COLL_FACTOR,PCF_VIOL_CATEGORY,TYPE_OF_COLLISION,MVIW,PED_ACTION,ROAD_COND_1,LIGHTING,PEDESTRIAN_ACCIDENT,BICYCLE_ACCIDENT,MOTORCYCLE_ACCIDENT,TRUCK_ACCIDENT,ALCOHOL_INVOLVED,COUNT_SEVERE_INJ,COUNT_VISIBLE_INJ,COUNT_COMPLAINT_PAIN,COUNT_PED_KILLED,COUNT_PED_INJURED,COUNT_BICYCLIST_KILLED,COUNT_BICYCLIST_INJURED,COUNT_MC_KILLED,COUNT_MC_INJURED,CITY,POINT_X,POINT_Y,lat,lon,geometry,city_new
2014,2014-02-01,2014-02-01T17:17:00Z,Saturday,CARMEL VALLEY RD,SCARLETT RD,E,N,NA,NA,2,0,5,A,03,C,C,A,H,C,N,N,N,N,Y,4,0,1,0,0,0,0,0,0,UNINCORPORATED,-121.79227476,36.52310586,36.52310586,-121.79227476,"c(-121.79227476, 36.52310586)",Carmel Valley
2014,2014-02-03,2014-02-03T20:03:00Z,Monday,NACIMIENTO RD,RT 1,E,N,NA,NA,3,0,1,A,08,E,I,A,H,D,N,N,N,N,N,0,1,0,0,0,0,0,0,0,UNINCORPORATED,NA,NA,0,0,"c(0, 0)",Other Unincorporated
2014,2014-01-27,2014-01-27T10:39:00Z,Monday,CARMEL VALLEY RD,VIA MALLORCA,NA,Y,NA,NA,2,0,2,A,12,D,C,A,H,A,N,N,N,N,N,1,0,1,0,0,0,0,0,0,UNINCORPORATED,-121.88014993,36.54170008,36.54170008,-121.88014993,"c(-121.88014993, 36.54170008)",Other Unincorporated
2014,2014-02-06,2014-02-06T19:40:00Z,Thursday,RIVER RD,TARA DR,N,N,NA,NA,3,0,1,A,01,F,A,A,H,D,N,N,N,N,Y,0,1,0,0,0,0,0,0,0,UNINCORPORATED,-121.65337716,36.61182512,36.61182512,-121.65337716,"c(-121.65337716, 36.61182512)",Other Unincorporated
2014,2014-02-10,2014-02-10T17:45:00Z,Monday,CARMEL VALLEY RD,SCARLETT RD,E,N,NA,NA,2,0,1,A,11,G,B,D,H,A,Y,N,N,N,N,1,0,0,0,1,0,0,0,0,UNINCORPORATED,-121.79227476,36.52310586,36.52310586,-121.79227476,"c(-121.79227476, 36.52310586)",Carmel Valley
2014,2014-02-14,2014-02-14T08:14:00Z,Friday,68,SFB MORSE DR,E,N,68,H,4,0,1,A,08,E,I,A,H,A,N,N,N,N,N,0,0,1,0,0,0,0,0,0,UNINCORPORATED,-121.92101062,36.59559251,36.59559251,-121.92101062,"c(-121.92101062, 36.59559251)",Pebble Beach
2014,2014-02-03,2014-02-03T11:51:00Z,Monday,BLANCO RD,RESEARCH DR,W,N,NA,NA,4,0,1,A,03,C,C,A,H,A,N,N,N,N,N,0,0,1,0,0,0,0,0,0,UNINCORPORATED,-121.75504291,36.66917946,36.66917946,-121.75504291,"c(-121.75504291, 36.66917946)",Other Unincorporated
2014,2014-02-05,2014-02-05T08:44:00Z,Wednesday,1,SLOAT AV,N,N,1,H,4,0,1,A,03,C,C,A,H,A,N,N,Y,N,N,0,0,1,0,0,0,0,0,1,MONTEREY,-121.87367453,36.59401259,36.59401259,-121.87367453,"c(-121.87367453, 36.59401259)",Monterey
2014,2014-02-13,2014-02-13T10:10:00Z,Thursday,GLORIA RD,IVERSON RD,E,N,NA,NA,4,0,1,A,08,F,A,A,H,A,N,N,N,N,N,0,0,1,0,0,0,0,0,0,UNINCORPORATED,-121.39412499,36.5017918,36.5017918,-121.39412499,"c(-121.39412499, 36.5017918)",Other Unincorporated
2014,2014-02-08,2014-02-08T17:45:00Z,Saturday,1,SALINAS RIVER BR,S,N,1,H,3,0,1,C,18,E,J,A,H,C,N,N,N,N,N,0,1,0,0,0,0,0,0,0,UNINCORPORATED,-121.78341967,36.73115936,36.73115936,-121.78341967,"c(-121.78341967, 36.73115936)",Other Unincorporated
2014,2014-02-08,2014-02-08T12:25:00Z,Saturday,156,RT 156,N,N,156,H,4,0,1,A,03,C,C,A,H,A,N,N,N,N,N,0,0,1,0,0,0,0,0,0,UNINCORPORATED,-121.74363087,36.76834346,36.76834346,-121.74363087,"c(-121.74363087, 36.76834346)",Castroville
2014,2014-02-06,2014-02-06T08:00:00Z,Thursday,POLLOCK LN,ORCHARD LN,W,N,NA,NA,4,0,1,A,11,G,B,D,H,A,Y,N,N,N,N,0,0,1,0,1,0,0,0,0,UNINCORPORATED,-121.66323313,36.77513214,36.77513214,-121.66323313,"c(-121.66323313, 36.77513214)",Other Unincorporated
2014,2014-02-10,2014-02-10T03:35:00Z,Monday,101,HOBSON AV,S,N,101,H,2,0,1,A,08,E,I,A,-,-,N,N,N,N,N,1,0,0,0,0,0,0,0,0,UNINCORPORATED,-121.18547803,36.27586871,36.27586871,-121.18547803,"c(-121.18547803, 36.27586871)",Other Unincorporated
2014,2014-02-17,2014-02-17T13:10:00Z,Monday,101,SAN ARDO,N,N,101,H,4,0,2,A,07,B,C,A,H,A,N,N,N,N,N,0,0,2,0,0,0,0,0,0,UNINCORPORATED,-120.9340204,36.02414759,36.02414759,-120.9340204,"c(-120.9340204, 36.02414759)",Other Unincorporated
2014,2014-02-17,2014-02-17T17:31:00Z,Monday,146,FABRY RD,E,N,146,H,3,0,1,A,03,E,I,A,H,B,N,N,N,N,N,0,1,0,0,0,0,0,0,0,UNINCORPORATED,-121.26559792,36.41566419,36.41566419,-121.26559792,"c(-121.26559792, 36.41566419)",Other Unincorporated
2013,2013-10-17,2013-10-17T07:15:00Z,Thursday,W LAUREL,ADAMS,NA,Y,NA,NA,4,0,1,A,12,D,C,A,H,A,N,N,N,N,N,0,0,1,0,0,0,0,0,0,SALINAS,-121.6626029,36.697945,36.697945,-121.6626029,"c(-121.6626029, 36.697945)",Salinas
2013,2013-10-24,2013-10-24T12:20:00Z,Thursday,W ALVIN,N 1ST,NA,Y,NA,NA,4,0,1,A,09,D,C,A,H,A,N,N,N,N,N,0,0,1,0,0,0,0,0,0,SALINAS,-121.6561329,36.707425,36.707425,-121.6561329,"c(-121.6561329, 36.707425)",Salinas
2013,2013-10-25,2013-10-25T11:54:00Z,Friday,W ALISAL,CHURCH ST,NA,Y,NA,NA,4,0,2,A,21,C,C,A,H,A,N,N,N,N,N,0,0,2,0,0,0,0,0,0,SALINAS,-121.6579529,36.6732849,36.6732849,-121.6579529,"c(-121.6579529, 36.6732849)",Salinas
2013,2013-10-30,2013-10-30T19:26:00Z,Wednesday,NORTH MAIN ST,BORONDA RD,S,N,NA,NA,4,0,1,A,03,C,C,A,H,C,N,N,N,N,N,0,0,1,0,0,0,0,0,0,SALINAS,-121.656323,36.721413,36.721413,-121.656323,"c(-121.656323, 36.721413)",Salinas
2013,2013-10-10,2013-10-10T18:32:00Z,Thursday,W ALISAL,SALINAS ST,NA,Y,NA,NA,4,0,1,A,10,G,G,A,H,B,N,Y,N,N,N,0,0,1,0,0,0,1,0,0,SALINAS,-121.6560129,36.673525,36.673525,-121.6560129,"c(-121.6560129, 36.673525)",Salinas
2013,2013-10-25,2013-10-25T15:01:00Z,Friday,MONTEREY ST,EAST GABILAN ST,NA,Y,NA,NA,4,0,2,A,03,C,C,A,H,A,N,N,N,N,N,0,0,2,0,0,0,0,0,0,SALINAS,-121.6541229,36.675765,36.675765,-121.6541229,"c(-121.6541229, 36.675765)",Salinas
2013,2013-10-29,2013-10-29T16:37:00Z,Tuesday,SOLEDAD ST,JOHN ST,NA,Y,NA,NA,3,0,1,A,10,G,B,B,H,A,Y,N,N,N,N,0,1,0,0,1,0,0,0,0,SALINAS,-121.651233,36.670135,36.670135,-121.651233,"c(-121.651233, 36.670135)",Salinas
2014,2014-01-15,2014-01-15T09:18:00Z,Wednesday,NORTH MAIN ST,MADRID ST,NA,Y,NA,NA,3,0,1,A,10,G,B,B,H,A,Y,N,N,N,N,0,1,0,0,1,0,0,0,0,SALINAS,-121.65468988,36.71327006,36.71327006,-121.65468988,"c(-121.65468988, 36.71327006)",Salinas
2014,2014-01-25,2014-01-25T11:36:00Z,Saturday,E ALISAL ST,WOOD ST,E,N,NA,NA,4,0,1,A,10,A,B,B,H,A,Y,N,N,N,N,0,0,1,0,1,0,0,0,0,SALINAS,-121.63536620000001,36.67369635,36.67369635,-121.63536620000001,"c(-121.6353662, 36.67369635)",Salinas
2014,2014-01-05,2014-01-05T18:23:00Z,Sunday,E BLANCO,GABILAN PARK PL,S,N,NA,NA,4,0,2,A,01,D,C,A,H,C,N,N,N,N,Y,0,0,2,0,0,0,0,0,0,SALINAS,NA,NA,0,0,"c(0, 0)",Other Unincorporated
2014,2014-01-03,2014-01-03T01:34:00Z,Friday,PAJARO ST,E ALISAL ST,NA,Y,NA,NA,4,0,1,A,01,D,C,A,H,C,N,N,N,N,Y,0,0,1,0,0,0,0,0,0,SALINAS,-121.65255986,36.67412,36.67412,-121.65255986,"c(-121.65255986, 36.67412)",Salinas
2014,2014-01-22,2014-01-22T08:36:00Z,Wednesday,W ALISAL ST,SALINAS ST,NA,Y,NA,NA,4,0,2,A,12,D,C,A,H,A,N,N,N,N,N,0,0,2,0,0,0,0,0,0,SALINAS,-121.65602994,36.67362002,36.67362002,-121.65602994,"c(-121.65602994, 36.67362002)",Salinas
2014,2014-01-24,2014-01-24T19:00:00Z,Friday,DOLORES ST,7TH AV,N,N,NA,NA,4,0,1,A,11,G,B,D,H,C,Y,N,N,N,N,0,0,1,0,1,0,0,0,0,CARMEL,-121.92266418,36.55406198,36.55406198,-121.92266418,"c(-121.92266418, 36.55406198)",Carmel-by-the-Sea
2014,2014-01-01,2014-01-01T11:59:00Z,Wednesday,1ST ST,OCEAN VIEW BL,S,N,NA,NA,3,0,4,A,03,C,C,A,H,A,N,N,N,N,Y,0,2,2,0,0,0,0,0,0,PACIFIC GROVE,-121.90748414,36.62041224,36.62041224,-121.90748414,"c(-121.90748414, 36.62041224)",Pacific Grove
2014,2014-01-07,2014-01-07T10:57:00Z,Tuesday,DEL MONTE,RT 218,NA,Y,NA,NA,4,0,1,A,17,D,G,A,H,A,N,Y,N,N,N,0,0,1,0,0,0,1,0,0,SEASIDE,NA,NA,0,0,"c(0, 0)",Other Unincorporated
2014,2014-01-04,2014-01-04T16:32:00Z,Saturday,ALTA ST,5TH ST,NA,Y,NA,NA,4,0,1,A,08,D,D,A,H,B,N,N,Y,N,N,0,0,1,0,0,0,0,0,1,GONZALES,-121.44578998,36.50736008,36.50736008,-121.44578998,"c(-121.44578998, 36.50736008)",Gonzales
2014,2014-02-18,2014-02-18T10:32:00Z,Tuesday,DEL MONTE AV,PARK AV,W,N,NA,NA,4,0,1,A,03,C,C,A,H,A,N,N,N,N,N,0,0,1,0,0,0,0,0,0,MONTEREY,-121.88269886,36.59993393,36.59993393,-121.88269886,"c(-121.88269886, 36.59993393)",Monterey
2014,2014-02-24,2014-02-24T16:24:00Z,Monday,1,RT 218,N,N,1,H,4,0,1,A,03,C,C,A,H,A,N,N,N,N,N,0,0,1,0,0,0,0,0,0,SEASIDE,-121.84618447,36.62124002,36.62124002,-121.84618447,"c(-121.84618447, 36.62124002)",Sand City
2014,2014-01-23,2014-01-23T13:00:00Z,Thursday,FORT ROMIE RD,MISSION RD,S,N,NA,NA,2,0,1,A,03,F,A,A,H,A,N,N,N,N,N,1,0,0,0,0,0,0,0,0,UNINCORPORATED,-121.36235317,36.40412139,36.40412139,-121.36235317,"c(-121.36235317, 36.40412139)",Other Unincorporated
2014,2014-01-26,2014-01-26T18:54:00Z,Sunday,198,PEACH TREE RD,E,N,198,H,2,0,4,A,01,A,C,A,H,D,N,N,N,N,Y,3,1,0,0,0,0,0,0,0,UNINCORPORATED,-120.802913,36.19131865,36.19131865,-120.802913,"c(-120.802913, 36.19131865)",Other Unincorporated
2014,2014-01-18,2014-01-18T15:19:00Z,Saturday,1,PALO COLORADO RD,S,N,1,H,3,0,3,A,03,C,C,A,H,A,N,N,N,N,N,0,2,1,0,0,0,0,0,0,UNINCORPORATED,-121.90155716,36.38993596,36.38993596,-121.90155716,"c(-121.90155716, 36.38993596)",Other Unincorporated
2014,2014-01-31,2014-01-31T16:45:00Z,Friday,1,CASA VERDE WY,S,N,1,H,3,0,1,A,06,B,C,A,H,A,N,N,Y,N,N,0,1,0,0,0,0,0,0,1,MONTEREY,-121.86564228,36.59746923,36.59746923,-121.86564228,"c(-121.86564228, 36.59746923)",Monterey
2014,2014-03-07,2014-03-07T14:30:00Z,Friday,1,LITTLE SUR RIVER BR,S,N,1,H,4,0,1,A,-,C,C,A,H,A,N,N,N,N,N,0,0,1,0,0,0,0,0,0,UNINCORPORATED,-121.89242974,36.32975863,36.32975863,-121.89242974,"c(-121.89242974, 36.32975863)",Other Unincorporated
2014,2014-02-27,2014-02-27T08:17:00Z,Thursday,NORTH MAIN ST,W MENKE ST,NA,Y,NA,NA,4,0,2,A,03,C,C,A,H,A,N,N,N,N,N,0,0,2,0,0,0,0,0,0,SALINAS,-121.65361986,36.68218012,36.68218012,-121.65361986,"c(-121.65361986, 36.68218012)",Salinas
2014,2014-01-21,2014-01-21T18:13:00Z,Tuesday,E ALISAL ST,S WOOD ST,W,N,NA,NA,4,0,1,A,03,C,C,A,H,C,N,N,N,N,Y,0,0,1,0,0,0,0,0,0,SALINAS,-121.63607635,36.6737712,36.6737712,-121.63607635,"c(-121.63607635, 36.6737712)",Salinas
2013,2013-11-30,2013-11-30T20:39:00Z,Saturday,ABRAMS DR,INTER-GARRISON RD,N,N,NA,NA,4,0,1,A,08,-,I,A,H,C,N,N,N,N,N,0,0,1,0,0,0,0,0,0,MONTEREY,-121.7665973,36.6552434,36.6552434,-121.7665973,"c(-121.7665973, 36.6552434)",Other Unincorporated
2013,2013-11-08,2013-11-08T08:30:00Z,Friday,SAN PABLO AV,HILTON ST,NA,Y,NA,NA,4,0,1,D,00,-,-,-,-,-,Y,N,N,N,N,0,0,1,0,1,0,0,0,0,SEASIDE,-121.8388229,36.6148849,36.6148849,-121.8388229,"c(-121.8388229, 36.6148849)",Seaside
2013,2013-11-04,2013-11-04T14:47:00Z,Monday,FREMONT BL,LA SALLE AV,S,N,NA,NA,4,0,1,A,03,C,C,A,H,A,N,N,N,N,N,0,0,1,0,0,0,0,0,0,SEASIDE,-121.8417786,36.6168044,36.6168044,-121.8417786,"c(-121.8417786, 36.6168044)",Seaside
2013,2013-11-20,2013-11-20T07:36:00Z,Wednesday,KIMBALL AV,HART ST,E,N,NA,NA,4,0,1,A,09,D,C,A,H,A,N,N,N,N,N,0,0,1,0,0,0,0,0,0,SEASIDE,-121.848005,36.5997549,36.5997549,-121.848005,"c(-121.848005, 36.5997549)",Seaside
2013,2013-11-22,2013-11-22T18:22:00Z,Friday,FREMONT BL,ECHO AV,N,N,NA,NA,3,0,1,A,05,H,G,A,H,C,N,Y,N,N,N,0,1,0,0,0,0,1,0,0,SEASIDE,-121.8431555,36.6141281,36.6141281,-121.8431555,"c(-121.8431555, 36.6141281)",Seaside
2014,2014-02-07,2014-02-07T08:16:00Z,Friday,CAMINO EL ESTERO,FRANKLIN ST,NA,Y,NA,NA,4,0,1,A,12,D,C,A,H,A,N,N,N,N,N,0,0,1,0,0,0,0,0,0,MONTEREY,-121.88749991,36.59889009,36.59889009,-121.88749991,"c(-121.88749991, 36.59889009)",Monterey
2014,2014-01-27,2014-01-27T18:02:00Z,Monday,DELMONTE BL,REINDOLLAR AV,N,N,NA,NA,4,0,1,A,01,C,C,A,H,C,N,N,N,N,Y,0,0,1,0,0,0,0,0,0,MARINA,-121.80595987,36.68099008,36.68099008,-121.80595987,"c(-121.80595987, 36.68099008)",Marina
2013,2013-12-03,2013-12-03T08:53:00Z,Tuesday,CANYON DEL REY,ROBERTS AV,W,N,NA,NA,4,0,1,A,03,C,C,A,H,A,N,N,N,N,N,0,0,1,0,0,0,0,0,0,SEASIDE,-121.8575312,36.6092694,36.6092694,-121.8575312,"c(-121.8575312, 36.6092694)",Seaside
2013,2013-12-28,2013-12-28T16:43:00Z,Saturday,DELMONTE BL,LA SALLE AV,NA,Y,NA,NA,3,0,1,A,08,D,C,A,H,A,N,N,N,N,N,0,1,0,0,0,0,0,0,0,SEASIDE,0,0,0,0,"c(0, 0)",Other Unincorporated
2013,2013-12-24,2013-12-24T09:11:00Z,Tuesday,MONTEREY RD,BUNA LOOP,S,N,NA,NA,4,0,2,A,08,-,I,A,H,A,N,N,N,N,N,0,0,2,0,0,0,0,0,0,SEASIDE,-121.8332191,36.6304885,36.6304885,-121.8332191,"c(-121.8332191, 36.6304885)",Seaside
2013,2013-12-17,2013-12-17T19:26:00Z,Tuesday,BROADWAY AV,BROADWAY AV 1022,NA,N,NA,NA,4,0,1,B,22,H,E,A,H,C,N,N,N,N,N,0,0,1,0,0,0,0,0,0,SEASIDE,0,0,0,0,"c(0, 0)",Other Unincorporated
2014,2014-02-09,2014-02-09T11:28:00Z,Sunday,101,WALNUT AV,N,N,101,H,2,0,1,A,07,F,A,A,H,A,N,N,N,N,N,1,0,0,0,0,0,0,0,0,GREENFIELD,-121.24752715,36.33258072,36.33258072,-121.24752715,"c(-121.24752715, 36.33258072)",Greenfield
2014,2014-02-14,2014-02-14T08:21:00Z,Friday,DEL MONTE AV,CUNNINGHAM RD,W,N,NA,NA,4,0,1,A,03,C,C,A,H,A,N,N,N,N,N,0,0,1,0,0,0,0,0,0,MONTEREY,-121.87437514,36.59995081,36.59995081,-121.87437514,"c(-121.87437514, 36.59995081)",Monterey
2014,2014-01-31,2014-01-31T13:33:00Z,Friday,NORTH MAIN ST,CASENTINI,N,N,NA,NA,4,0,1,A,03,C,C,A,H,A,N,N,N,N,N,0,0,1,0,0,0,0,0,0,SALINAS,-121.65277662,36.68502528,36.68502528,-121.65277662,"c(-121.65277662, 36.68502528)",Salinas
2014,2014-01-28,2014-01-28T17:44:00Z,Tuesday,MAIN ST,MARKET ST,N,N,NA,NA,3,0,1,A,05,A,G,A,H,C,N,Y,N,N,Y,0,1,0,0,0,0,1,0,0,SALINAS,-121.65529028,36.67824408,36.67824408,-121.65529028,"c(-121.65529028, 36.67824408)",Salinas
2014,2014-01-28,2014-01-28T15:31:00Z,Tuesday,NORTH MAIN ST,BOLIVAR ST,NA,Y,NA,NA,4,0,1,A,12,D,C,A,H,A,N,N,N,N,N,0,0,1,0,0,0,0,0,0,SALINAS,-121.65636988,36.72505007,36.72505007,-121.65636988,"c(-121.65636988, 36.72505007)",Salinas
2014,2014-01-31,2014-01-31T08:36:00Z,Friday,EAST LAUREL DR,NATIVIDAD RD,NA,Y,NA,NA,3,0,2,A,03,C,C,A,H,A,N,N,N,N,Y,0,1,1,0,0,0,0,0,0,SALINAS,-121.63828998,36.69633002,36.69633002,-121.63828998,"c(-121.63828998, 36.69633002)",Salinas
2014,2014-01-28,2014-01-28T13:00:00Z,Tuesday,NORTH MAIN ST,EAST BERNAL DR,S,N,NA,NA,4,0,1,A,04,C,C,A,H,A,N,N,N,N,N,0,0,1,0,0,0,0,0,0,SALINAS,-121.65228534,36.68987394,36.68987394,-121.65228534,"c(-121.65228534, 36.68987394)",Salinas
2014,2014-01-24,2014-01-24T17:42:00Z,Friday,WEST LAUREL DR,RT 101,E,N,NA,NA,4,0,2,A,08,C,C,A,H,C,N,N,N,N,N,0,0,2,0,0,0,0,0,0,SALINAS,-121.6642701,36.69781147,36.69781147,-121.6642701,"c(-121.6642701, 36.69781147)",Salinas
2014,2014-01-26,2014-01-26T18:54:00Z,Sunday,CHAPARRAL ST,TAPADERO ST,E,N,NA,NA,3,0,1,A,03,A,B,E,H,C,Y,N,N,N,Y,0,1,0,0,1,0,0,0,0,SALINAS,-121.64950055,36.70370962,36.70370962,-121.64950055,"c(-121.64950055, 36.70370962)",Salinas
2014,2014-01-25,2014-01-25T16:35:00Z,Saturday,EAST BORONDA RD,NATIVIDAD RD,W,N,NA,NA,2,0,3,A,03,C,C,A,H,A,N,N,N,N,N,1,0,2,0,0,0,0,0,0,SALINAS,-121.6245299,36.7156746,36.7156746,-121.6245299,"c(-121.6245299, 36.7156746)",Salinas
2014,2014-01-25,2014-01-25T18:12:00Z,Saturday,BUNKER HILL DR,CONSTITUTION BL,NA,Y,NA,NA,2,0,2,A,10,G,B,D,H,C,Y,N,N,N,N,1,0,1,0,2,0,0,0,0,SALINAS,-121.61745986,36.69947009,36.69947009,-121.61745986,"c(-121.61745986, 36.69947009)",Salinas
2014,2014-01-23,2014-01-23T17:11:00Z,Thursday,E ALISAL ST,HARMONY LN,NA,Y,NA,NA,3,0,1,A,09,D,G,A,H,A,N,Y,N,N,N,0,1,0,0,0,0,1,0,0,SALINAS,-121.65423994,36.67389011,36.67389011,-121.65423994,"c(-121.65423994, 36.67389011)",Salinas
2014,2014-01-22,2014-01-22T17:51:00Z,Wednesday,EAST MARKET ST,NORTH SANBORN RD,E,N,NA,NA,3,0,1,A,09,D,G,A,H,C,N,Y,N,N,N,0,1,0,0,0,0,1,0,0,SALINAS,-121.62682985,36.67649304,36.67649304,-121.62682985,"c(-121.62682985, 36.67649304)",Salinas
2014,2014-02-19,2014-02-19T08:26:00Z,Wednesday,68,OXTON RD,W,N,68,H,3,0,2,A,03,C,C,A,H,A,N,N,N,N,N,0,1,1,0,0,0,0,0,0,MONTEREY,-121.8528553,36.58355672,36.58355672,-121.8528553,"c(-121.8528553, 36.58355672)",Monterey
2014,2014-02-19,2014-02-19T17:23:00Z,Wednesday,CANNERY ROW ST,PRESCOTT AV,S,N,NA,NA,4,0,1,B,22,-,A,A,H,A,N,Y,N,N,N,0,0,1,0,0,0,1,0,0,MONTEREY,NA,NA,0,0,"c(0, 0)",Other Unincorporated
2014,2014-02-16,2014-02-16T12:50:00Z,Sunday,NORTH FREMONT ST,AIRPORT RD,W,N,NA,NA,4,0,1,A,03,C,C,A,H,A,N,N,N,N,N,0,0,1,0,0,0,0,0,0,MONTEREY,-121.8589401,36.59663185,36.59663185,-121.8589401,"c(-121.8589401, 36.59663185)",Monterey
2014,2014-02-07,2014-02-07T16:34:00Z,Friday,PRIVATE BOLIO RD,LIGHTHOUSE AV,W,N,NA,NA,4,0,1,A,03,C,C,A,H,A,N,N,N,N,N,0,0,1,0,0,0,0,0,0,MONTEREY,-121.89729106,36.60844558,36.60844558,-121.89729106,"c(-121.89729106, 36.60844558)",Monterey
2014,2014-02-14,2014-02-14T17:03:00Z,Friday,PRESCOTT AV,LIGHTHOUSE AV,S,N,NA,NA,3,0,1,A,09,B,G,A,H,A,N,Y,N,N,N,0,1,0,0,0,0,1,0,0,MONTEREY,-121.90301784,36.61452702,36.61452702,-121.90301784,"c(-121.90301784, 36.61452702)",Monterey
2014,2014-02-17,2014-02-17T19:19:00Z,Monday,SALINAS RD,WERNER RD,NA,Y,NA,NA,2,0,2,A,09,D,C,A,H,D,N,N,N,N,N,1,0,1,0,0,0,0,0,0,UNINCORPORATED,-121.75139999,36.87827003,36.87827003,-121.75139999,"c(-121.75139999, 36.87827003)",Royal Oaks
2014,2014-02-20,2014-02-20T09:50:00Z,Thursday,RESERVATION RD,DAVIS RD,E,N,NA,NA,4,0,1,A,16,A,C,A,H,A,N,N,N,N,N,0,0,1,0,0,0,0,0,0,UNINCORPORATED,-121.7052302,36.64107138,36.64107138,-121.7052302,"c(-121.7052302, 36.64107138)",Other Unincorporated
2014,2014-02-18,2014-02-18T19:28:00Z,Tuesday,ELKHORN RD,HALL RD,N,N,NA,NA,4,0,1,A,09,D,C,A,H,D,N,N,N,N,N,0,0,1,0,0,0,0,0,0,UNINCORPORATED,-121.74432643,36.87005279,36.87005279,-121.74432643,"c(-121.74432643, 36.87005279)",Royal Oaks
2014,2014-02-21,2014-02-21T06:10:00Z,Friday,101,CRAZY HORSE CANYON RD,NA,Y,101,R,4,0,1,A,09,D,C,A,H,A,N,N,N,N,N,0,0,1,0,0,0,0,0,0,UNINCORPORATED,-121.63735005,36.81603196,36.81603196,-121.63735005,"c(-121.63735005, 36.81603196)",Other Unincorporated
2014,2014-01-15,2014-01-15T14:29:00Z,Wednesday,ENGLISH AV,DEL MONTE AV,NA,Y,NA,NA,4,0,1,A,03,C,C,A,H,A,N,N,N,N,N,0,0,1,0,0,0,0,0,0,MONTEREY,-121.86071986,36.60482009,36.60482009,-121.86071986,"c(-121.86071986, 36.60482009)",Monterey
2014,2014-02-07,2014-02-07T05:35:00Z,Friday,14TH ST,LIGHTHOUSE AV,N,N,NA,NA,3,0,1,A,21,B,E,A,H,D,N,N,N,N,N,0,1,0,0,0,0,0,0,0,PACIFIC GROVE,-121.91552449,36.62040162,36.62040162,-121.91552449,"c(-121.91552449, 36.62040162)",Pacific Grove
2014,2014-02-01,2014-02-01T07:44:00Z,Saturday,5TH ST,5TH ST 500,NA,Y,NA,NA,3,0,1,A,-,G,G,A,H,A,N,Y,N,N,N,0,1,0,0,0,0,1,0,0,GONZALES,NA,NA,0,0,"c(0, 0)",Other Unincorporated
2014,2014-01-06,2014-01-06T15:48:00Z,Monday,FREMONT BL,KIMBALL AV,NA,Y,NA,NA,3,0,1,D,00,H,G,A,H,A,N,Y,N,N,N,0,1,0,0,0,0,1,0,0,SEASIDE,-121.85014994,36.59982006,36.59982006,-121.85014994,"c(-121.85014994, 36.59982006)",Seaside
2014,2014-01-09,2014-01-09T04:14:00Z,Thursday,N FREMONT,2400 N FREMONT,W,N,NA,NA,2,0,1,A,08,A,I,A,H,C,N,N,N,N,Y,1,0,0,0,0,0,0,0,0,SEASIDE,NA,NA,0,0,"c(0, 0)",Other Unincorporated
2014,2014-01-18,2014-01-18T13:45:00Z,Saturday,FREMONT BL,BROADWAY,S,N,NA,NA,4,0,2,A,21,C,C,A,H,A,N,N,N,N,N,0,0,2,0,0,0,0,0,0,SEASIDE,-121.8457811,36.60890938,36.60890938,-121.8457811,"c(-121.8457811, 36.60890938)",Seaside
2014,2014-01-19,2014-01-19T19:15:00Z,Sunday,218,FREMONT BL,NA,N,218,H,4,0,2,A,03,C,C,A,H,C,N,N,N,N,Y,0,0,2,0,0,0,0,0,0,SEASIDE,-121.8502032,36.59836688,36.59836688,-121.8502032,"c(-121.8502032, 36.59836688)",Del Rey Oaks
2014,2014-01-23,2014-01-23T08:24:00Z,Thursday,MONTEREY RD,BOUGANVILLE RD,NA,Y,NA,NA,4,0,1,A,08,E,J,A,H,A,N,N,N,N,N,0,0,1,0,0,0,0,0,0,SEASIDE,-121.82874995,36.63338004,36.63338004,-121.82874995,"c(-121.82874995, 36.63338004)",Seaside
2014,2014-01-28,2014-01-28T17:31:00Z,Tuesday,SONOMA AV,HILLSDALE ST,NA,Y,NA,NA,4,0,2,A,03,-,C,A,H,B,N,N,N,N,Y,0,0,2,0,0,0,0,0,0,SEASIDE,-121.85064998,36.60631004,36.60631004,-121.85064998,"c(-121.85064998, 36.60631004)",Seaside
2013,2013-07-13,2013-07-13T21:19:00Z,Saturday,SALINAS RD,LEWIS RD,N,N,NA,NA,4,0,1,A,03,C,C,A,H,C,N,N,N,N,N,0,0,1,0,0,0,0,0,0,UNINCORPORATED,-121.7474524,36.8922961,36.8922961,-121.7474524,"c(-121.7474524, 36.8922961)",Pajaro
2014,2014-01-22,2014-01-22T10:15:00Z,Wednesday,WALNUT AV,EL CAMINO REAL,E,N,NA,NA,4,0,1,A,09,D,C,A,H,A,N,N,N,N,N,0,0,1,0,0,0,0,0,0,GREENFIELD,-121.24847991,36.32682001,36.32682001,-121.24847991,"c(-121.24847991, 36.32682001)",Greenfield
2014,2014-02-25,2014-02-25T00:03:00Z,Tuesday,1,IMJIN PKWY,S,N,1,H,2,0,2,A,01,A,C,A,H,D,N,N,N,N,Y,1,0,1,0,0,0,0,0,0,MARINA,-121.81635382,36.66267744,36.66267744,-121.81635382,"c(-121.81635382, 36.66267744)",Marina
2014,2014-02-25,2014-02-25T08:40:00Z,Tuesday,1,RT 1,S,N,1,I,4,0,2,A,08,E,I,A,H,A,N,N,N,N,N,0,0,2,0,0,0,0,0,0,UNINCORPORATED,-121.77007132,36.86987307,36.86987307,-121.77007132,"c(-121.77007132, 36.86987307)",Royal Oaks