ACCIDENT_YEAR,COLLISION_DATE,COLLISION_TIME,DAY_OF_WEEK,PRIMARY_RD,SECONDARY_RD,DIRECTION,INTERSECTION,STATE_ROUTE,LOCATION_TYPE,COLLISION_SEVERITY,NUMBER_KILLED,NUMBER_INJURED,PRIMARY_COLL_FACTOR,PCF_VIOL_CATEGORY,TYPE_OF_COLLISION,MVIW,PED_ACTION,ROAD_COND_1,LIGHTING,PEDESTRIAN_ACCIDENT,BICYCLE_ACCIDENT,MOTORCYCLE_ACCIDENT,TRUCK_ACCIDENT,ALCOHOL_INVOLVED,COUNT_SEVERE_INJ,COUNT_VISIBLE_INJ,COUNT_COMPLAINT_PAIN,COUNT_PED_KILLED,COUNT_PED_INJURED,COUNT_BICYCLIST_KILLED,COUNT_BICYCLIST_INJURED,COUNT_MC_KILLED,COUNT_MC_INJURED,CITY,POINT_X,POINT_Y,lat,lon,geometry,city_new
2014,2014-06-01,2014-06-01T04:09:00Z,Sunday,DAVIS RD,AMBROSE DR,N,N,NA,NA,3,0,1,A,01,E,I,A,H,C,N,N,N,N,Y,0,1,0,0,0,0,0,0,0,UNINCORPORATED,-121.68096989,36.67164068,36.67164068,-121.68096989,"c(-121.68096989, 36.67164068)",Other Unincorporated
2014,2014-06-09,2014-06-09T09:20:00Z,Monday,DAVIS RD,HITCHCOCK RD,W,N,NA,NA,4,0,2,A,03,C,C,A,H,A,N,N,N,N,N,0,0,2,0,0,0,0,0,0,UNINCORPORATED,-121.69298982,36.65749873,36.65749873,-121.69298982,"c(-121.69298982, 36.65749873)",Other Unincorporated
2014,2014-06-11,2014-06-11T10:15:00Z,Wednesday,101,MARKET ST,N,N,101,H,4,0,1,A,07,B,C,A,H,A,N,N,N,N,N,0,0,1,0,0,0,0,0,0,SALINAS,-121.6432081,36.68187422,36.68187422,-121.6432081,"c(-121.6432081, 36.68187422)",Salinas
2014,2014-06-10,2014-06-10T14:55:00Z,Tuesday,AROMAS RD,SAN JUAN RD,N,N,NA,NA,4,0,1,A,21,C,C,A,H,A,N,N,N,N,N,0,0,1,0,0,0,0,0,0,UNINCORPORATED,-121.66189,36.88257,36.88257,-121.66189,"c(-121.66189, 36.88257)",Royal Oaks
2014,2014-06-09,2014-06-09T14:50:00Z,Monday,SAN JUAN GRADE RD,CRAZY HORSE CANYON RD,N,N,NA,NA,2,0,1,A,01,E,I,A,H,A,N,N,N,N,Y,1,0,0,0,0,0,0,0,0,UNINCORPORATED,-121.58220648,36.79479407,36.79479407,-121.58220648,"c(-121.58220648, 36.79479407)",Other Unincorporated
2014,2014-08-05,2014-08-05T17:20:00Z,Tuesday,68,PASADERA DR,W,N,68,H,4,0,1,A,03,C,C,A,H,A,N,N,N,N,N,0,0,1,0,0,0,0,0,0,UNINCORPORATED,-121.78892235000001,36.57014832,36.57014832,-121.78892235000001,"c(-121.78892235, 36.57014832)",Other Unincorporated
2014,2014-08-04,2014-08-04T17:30:00Z,Monday,TRAFTON RD,SALINAS RD,W,N,NA,NA,3,0,2,A,08,E,I,A,H,A,N,N,N,N,N,0,1,1,0,0,0,0,0,0,UNINCORPORATED,-121.76257397,36.88277535,36.88277535,-121.76257397,"c(-121.76257397, 36.88277535)",Royal Oaks
2014,2014-07-28,2014-07-28T13:10:00Z,Monday,1,JENSEN RD,S,N,1,H,4,0,1,A,03,C,C,A,H,A,N,N,N,N,N,0,0,1,0,0,0,0,0,0,UNINCORPORATED,-121.77111873,36.85367987,36.85367987,-121.77111873,"c(-121.77111873, 36.85367987)",Royal Oaks
2014,2014-07-31,2014-07-31T17:25:00Z,Thursday,101,5TH ST,NA,N,101,H,4,0,1,C,18,E,J,A,B,A,N,N,N,N,N,0,0,1,0,0,0,0,0,0,UNINCORPORATED,-121.43839034,36.51443004,36.51443004,-121.43839034,"c(-121.43839034, 36.51443004)",Gonzales
2014,2014-07-31,2014-07-31T15:35:00Z,Thursday,BLANCO RD,DAVIS RD,W,N,NA,NA,3,0,1,A,03,F,A,A,H,A,N,N,Y,N,N,0,1,0,0,0,0,0,0,1,UNINCORPORATED,-121.69400944,36.67172699,36.67172699,-121.69400944,"c(-121.69400944, 36.67172699)",Other Unincorporated
2014,2014-07-21,2014-07-21T02:10:00Z,Monday,DAVIS RD,LEMOS AV,N,N,NA,NA,3,0,1,A,03,C,C,A,H,C,N,N,N,N,N,0,1,0,0,0,0,0,0,0,UNINCORPORATED,-121.67736875,36.67582854,36.67582854,-121.67736875,"c(-121.67736875, 36.67582854)",Other Unincorporated
2014,2014-07-24,2014-07-24T19:10:00Z,Thursday,PINE AV,13TH ST,NA,Y,NA,NA,4,0,1,A,09,D,C,A,H,A,N,N,N,Y,N,0,0,1,0,0,0,0,0,0,UNINCORPORATED,-121.91594994,36.61804007,36.61804007,-121.91594994,"c(-121.91594994, 36.61804007)",Pacific Grove
2014,2014-07-02,2014-07-02T05:16:00Z,Wednesday,RIDER AV,DEL MONTE AV,NA,Y,NA,NA,3,0,2,A,03,C,C,A,H,C,N,N,N,N,N,0,1,1,0,0,0,0,0,0,SALINAS,-121.61349999,36.69175006,36.69175006,-121.61349999,"c(-121.61349999, 36.69175006)",Salinas
2014,2014-07-02,2014-07-02T18:05:00Z,Wednesday,EAST LAUREL DR,1ST AV,NA,Y,NA,NA,4,0,3,A,09,D,C,A,H,A,N,N,N,N,N,0,0,3,0,0,0,0,0,0,SALINAS,-121.61554993,36.67676002,36.67676002,-121.61554993,"c(-121.61554993, 36.67676002)",Salinas
2014,2014-07-03,2014-07-03T21:29:00Z,Thursday,WILLIAMS RD,WIREN ST,NA,Y,NA,NA,4,0,1,A,11,G,B,D,H,C,Y,N,N,N,N,0,0,1,0,1,0,0,0,0,SALINAS,-121.60512995,36.68074008,36.68074008,-121.60512995,"c(-121.60512995, 36.68074008)",Salinas
2014,2014-07-04,2014-07-04T20:00:00Z,Friday,W ALVIN DR,CHEROKEE DR,W,N,NA,NA,3,0,1,A,08,E,J,A,H,B,N,N,N,N,N,0,1,0,0,0,0,0,0,0,SALINAS,-121.66019,36.70764,36.70764,-121.66019,"c(-121.66019, 36.70764)",Salinas
2014,2014-07-06,2014-07-06T06:09:00Z,Sunday,EAST LAUREL DR,NATIVIDAD RD,E,N,NA,NA,3,0,2,A,01,E,I,A,H,A,N,N,N,N,Y,0,2,0,0,0,0,0,0,0,SALINAS,-121.63698595,36.6960063,36.6960063,-121.63698595,"c(-121.63698595, 36.6960063)",Salinas
2014,2014-07-06,2014-07-06T14:09:00Z,Sunday,GARNER,SIEBER ST,W,N,NA,NA,3,0,5,A,01,A,C,A,H,A,N,N,N,N,Y,0,4,1,0,0,0,0,0,0,SALINAS,-121.61564876,36.68684086,36.68684086,-121.61564876,"c(-121.61564876, 36.68684086)",Salinas
2014,2014-07-06,2014-07-06T19:44:00Z,Sunday,E ALISAL ST,N HEBBRON AV,W,N,NA,NA,2,0,2,A,08,C,C,A,H,A,N,N,N,N,Y,1,0,1,0,0,0,0,0,0,SALINAS,-121.63271073,36.67342309,36.67342309,-121.63271073,"c(-121.63271073, 36.67342309)",Salinas
2014,2014-07-08,2014-07-08T12:32:00Z,Tuesday,PAQJARO,CHESTNUT,NA,Y,NA,NA,4,0,1,A,09,D,C,A,H,A,N,N,N,N,N,0,0,1,0,0,0,0,0,0,SALINAS,NA,NA,0,0,"c(0, 0)",Other Unincorporated
2014,2014-07-27,2014-07-27T17:43:00Z,Sunday,ROSSI ST,DAVIS DR,NA,Y,NA,NA,4,0,2,A,12,D,C,A,H,A,N,N,N,N,N,0,0,2,0,0,0,0,0,0,SALINAS,-121.67192991,36.68842008,36.68842008,-121.67192991,"c(-121.67192991, 36.68842008)",Other Unincorporated
2014,2014-07-29,2014-07-29T13:48:00Z,Tuesday,S WOOD,SAN BENITO ST,NA,Y,NA,NA,4,0,2,A,09,A,C,A,H,A,N,N,N,N,N,0,0,2,0,0,0,0,0,0,SALINAS,-121.63554994,36.67286006,36.67286006,-121.63554994,"c(-121.63554994, 36.67286006)",Salinas
2014,2014-07-31,2014-07-31T16:40:00Z,Thursday,EAST MARKET ST,NORTH MADEIRA AV,NA,Y,NA,NA,3,0,1,A,09,A,C,A,-,A,N,N,N,N,N,0,1,0,0,0,0,0,0,0,SALINAS,-121.63797985,36.67718007,36.67718007,-121.63797985,"c(-121.63797985, 36.67718007)",Salinas
2014,2014-07-18,2014-07-18T00:18:00Z,Friday,LAS CASITAS DR,RANCHERO DR,E,N,NA,NA,3,0,1,A,08,A,I,A,H,C,N,N,N,N,N,0,1,0,0,0,0,0,0,0,SALINAS,-121.61373895,36.6956659,36.6956659,-121.61373895,"c(-121.61373895, 36.6956659)",Salinas
2014,2014-07-16,2014-07-16T21:34:00Z,Wednesday,NORTH MAIN ST,WEST MARKET ST,NA,Y,NA,NA,3,0,1,A,09,G,G,A,H,A,N,Y,N,N,N,0,1,0,0,0,0,1,0,0,SALINAS,-121.6559399,36.67761001,36.67761001,-121.6559399,"c(-121.6559399, 36.67761001)",Salinas
2014,2014-07-22,2014-07-22T16:59:00Z,Tuesday,CROSS AV,MIAMI ST,NA,Y,NA,NA,3,0,3,A,09,D,C,A,H,A,N,N,N,N,Y,0,1,2,0,0,0,0,0,0,SALINAS,-121.60916991,36.67695011,36.67695011,-121.60916991,"c(-121.60916991, 36.67695011)",Salinas
2014,2014-07-21,2014-07-21T18:49:00Z,Monday,EAST MARKET ST,PEACH ST,NA,Y,NA,NA,4,0,1,A,12,D,C,A,H,A,N,N,N,N,N,0,0,1,0,0,0,0,0,0,SALINAS,-121.64756987,36.67870011,36.67870011,-121.64756987,"c(-121.64756987, 36.67870011)",Salinas
2014,2014-07-22,2014-07-22T21:00:00Z,Tuesday,EAST MARKET,NORTH HEBBRON,NA,Y,NA,NA,4,0,1,A,10,G,B,B,H,C,Y,N,N,N,N,0,0,1,0,1,0,0,0,0,SALINAS,-121.63171997,36.67655003,36.67655003,-121.63171997,"c(-121.63171997, 36.67655003)",Salinas
2014,2014-07-25,2014-07-25T21:45:00Z,Friday,NORTH SAN BORN RD,GARNER AV,N,N,NA,NA,4,0,2,A,03,C,C,A,H,A,N,N,N,N,N,0,0,2,0,0,0,0,0,0,SALINAS,-121.61457984,36.68652362,36.68652362,-121.61457984,"c(-121.61457984, 36.68652362)",Salinas
2014,2014-07-21,2014-07-21T17:29:00Z,Monday,SHASTA WY,JOHN ST,NA,Y,NA,NA,4,0,1,A,03,C,C,A,H,A,N,N,N,N,N,0,0,1,0,0,0,0,0,0,SALINAS,-121.6291999,36.66944005,36.66944005,-121.6291999,"c(-121.6291999, 36.66944005)",Salinas
2014,2014-07-08,2014-07-08T16:45:00Z,Tuesday,NORTH MAIN ST,CASENTINI ST,N,N,NA,NA,3,0,1,A,09,D,C,A,H,A,N,N,N,N,N,0,1,0,0,0,0,0,0,0,SALINAS,-121.65283361,36.68565405,36.68565405,-121.65283361,"c(-121.65283361, 36.68565405)",Salinas
2014,2014-07-31,2014-07-31T15:34:00Z,Thursday,NAPA WY,VENTURA WY,W,N,NA,NA,4,0,1,A,09,D,G,A,H,A,N,Y,N,N,N,0,0,1,0,0,0,1,0,0,SALINAS,-121.63615232,36.70745227,36.70745227,-121.63615232,"c(-121.63615232, 36.70745227)",Salinas
2014,2014-07-11,2014-07-11T19:32:00Z,Friday,WILLIAMS RD,GRANDHAVEN ST,S,N,NA,NA,4,0,1,A,09,-,C,A,H,A,N,N,N,N,Y,0,0,1,0,0,0,0,0,0,SALINAS,-121.61219342,36.67670384,36.67670384,-121.61219342,"c(-121.61219342, 36.67670384)",Salinas
2014,2014-07-11,2014-07-11T17:50:00Z,Friday,NORTH MAIN ST,CASENTINI,N,N,NA,NA,3,0,1,A,04,C,C,A,H,A,N,N,N,N,N,0,1,0,0,0,0,0,0,0,SALINAS,-121.65277956,36.68510766,36.68510766,-121.65277956,"c(-121.65277956, 36.68510766)",Salinas
2014,2014-07-24,2014-07-24T20:45:00Z,Thursday,GRANDHAVEN ST,1ST AV,NA,Y,NA,NA,4,0,2,A,09,D,C,A,H,C,N,N,N,N,N,0,0,2,0,0,0,0,0,0,SALINAS,-121.61311986,36.67816,36.67816,-121.61311986,"c(-121.61311986, 36.67816)",Salinas
2014,2014-07-12,2014-07-12T21:43:00Z,Saturday,MCGOWAN DR,MCGOWAN CIR,NA,Y,NA,NA,2,0,1,A,09,D,G,A,H,C,N,Y,N,N,Y,1,0,0,0,0,0,1,0,0,SALINAS,-121.62601986,36.67054008,36.67054008,-121.62601986,"c(-121.62601986, 36.67054008)",Salinas
2014,2014-07-31,2014-07-31T14:30:00Z,Thursday,SINEX AV,19TH ST,NA,Y,NA,NA,4,0,1,A,11,G,B,C,H,A,Y,N,N,N,N,0,0,1,0,1,0,0,0,0,PACIFIC GROVE,-121.92269998,36.61573003,36.61573003,-121.92269998,"c(-121.92269998, 36.61573003)",Pacific Grove
2014,2014-07-26,2014-07-26T11:30:00Z,Saturday,EAST ALISAL ST,FRONT ST,NA,Y,NA,NA,3,0,1,A,08,D,G,A,H,A,N,Y,N,N,N,0,1,0,0,0,0,1,0,0,SALINAS,-121.64915999,36.6746401,36.6746401,-121.64915999,"c(-121.64915999, 36.6746401)",Salinas
2014,2014-07-23,2014-07-23T15:50:00Z,Wednesday,OCEAN VIEW BL,17TH ST,E,N,NA,NA,2,0,2,A,11,G,B,D,H,A,Y,N,N,N,N,1,1,0,0,2,0,0,0,0,PACIFIC GROVE,-121.91751916,36.6244982,36.6244982,-121.91751916,"c(-121.91751916, 36.6244982)",Pacific Grove
2014,2014-07-14,2014-07-14T12:21:00Z,Monday,WILLIAMS RD,EAST MARKET ST,S,N,NA,NA,2,0,1,A,05,A,C,A,H,A,N,N,N,N,N,1,0,0,0,0,0,0,0,0,SALINAS,-121.61657863,36.67420719,36.67420719,-121.61657863,"c(-121.61657863, 36.67420719)",Salinas
2014,2014-07-17,2014-07-17T21:34:00Z,Thursday,IRIS DR,LUPIN DR,NA,Y,NA,NA,4,0,1,A,-,D,G,A,H,C,N,Y,N,N,N,0,0,1,0,0,0,1,0,0,SALINAS,-121.65373999,36.69324001,36.69324001,-121.65373999,"c(-121.65373999, 36.69324001)",Salinas
2014,2014-07-17,2014-07-17T09:10:00Z,Thursday,DAVIS RD,LAUREL DR,S,N,NA,NA,4,0,1,A,03,C,C,A,H,A,N,N,N,N,N,0,0,1,0,0,0,0,0,0,SALINAS,-121.66817207,36.69786076,36.69786076,-121.66817207,"c(-121.66817207, 36.69786076)",Salinas
2014,2014-07-09,2014-07-09T17:51:00Z,Wednesday,6TH ST,ELM AV,N,N,NA,NA,4,0,1,A,-,F,E,A,A,A,N,N,N,N,Y,0,0,1,0,0,0,0,0,0,GREENFIELD,-121.2379182,36.31990856,36.31990856,-121.2379182,"c(-121.2379182, 36.31990856)",Greenfield
2014,2014-06-30,2014-06-30T14:56:00Z,Monday,DEL MONTE AV,AGUAJITO RD,NA,Y,NA,NA,4,0,2,A,09,D,C,A,H,A,N,N,N,N,N,0,0,2,0,0,0,0,0,0,MONTEREY,NA,NA,0,0,"c(0, 0)",Other Unincorporated
2014,2014-07-05,2014-07-05T11:25:00Z,Saturday,25,COALINGA RD,N,N,25,H,2,0,2,A,05,B,C,A,H,A,N,N,Y,N,N,2,0,0,0,0,0,0,0,2,UNINCORPORATED,-121.01809735,36.42621659,36.42621659,-121.01809735,"c(-121.01809735, 36.42621659)",Other Unincorporated
2014,2014-07-22,2014-07-22T06:30:00Z,Tuesday,ALTA ST,4TH ST,S,N,NA,NA,4,0,1,A,00,C,C,A,H,B,N,N,N,N,N,0,0,1,0,0,0,0,0,0,GONZALES,-121.44488278,36.50659418,36.50659418,-121.44488278,"c(-121.44488278, 36.50659418)",Gonzales
2014,2014-07-28,2014-07-28T06:31:00Z,Monday,101,ALVARADO RD,S,N,101,H,4,0,1,A,08,E,I,A,H,B,N,N,N,N,N,0,0,1,0,0,0,0,0,0,UNINCORPORATED,-120.84228342,35.90061454,35.90061454,-120.84228342,"c(-120.84228342, 35.90061454)",San Ardo
2014,2014-08-20,2014-08-20T05:35:00Z,Wednesday,1,STRUVE RD,N,N,1,H,3,0,2,A,05,F,A,A,H,D,N,N,N,Y,N,0,1,1,0,0,0,0,0,0,UNINCORPORATED,-121.77879852,36.82388185,36.82388185,-121.77879852,"c(-121.77879852, 36.82388185)",Moss Landing
2014,2014-08-11,2014-08-11T10:45:00Z,Monday,101,LOS COCHES RD,NA,Y,101,H,3,0,1,A,09,D,C,A,-,-,N,N,N,N,N,0,1,0,0,0,0,0,0,0,UNINCORPORATED,-121.28031101,36.36583545,36.36583545,-121.28031101,"c(-121.28031101, 36.36583545)",Other Unincorporated
2014,2014-08-28,2014-08-28T01:50:00Z,Thursday,INDIAN VALLEY RD,HARE CANYON RD,E,N,NA,NA,3,0,1,A,08,E,I,A,-,-,N,N,N,N,N,0,1,0,0,0,0,0,0,0,UNINCORPORATED,-120.66942985,35.94246254,35.94246254,-120.66942985,"c(-120.66942985, 35.94246254)",Parkfield
2014,2014-08-18,2014-08-18T17:29:00Z,Monday,68,RT 68,E,N,68,I,4,0,1,A,21,C,C,A,H,A,N,N,N,N,N,0,0,1,0,0,0,0,0,0,UNINCORPORATED,-121.66303249,36.64733968,36.64733968,-121.66303249,"c(-121.66303249, 36.64733968)",Other Unincorporated
2014,2014-08-15,2014-08-15T16:57:00Z,Friday,OLD STAGE RD,SPENCE RD,S,N,NA,NA,3,0,3,A,08,D,C,A,H,A,N,N,N,Y,N,0,3,0,0,0,0,0,0,0,UNINCORPORATED,-121.53658453,36.62873193,36.62873193,-121.53658453,"c(-121.53658453, 36.62873193)",Other Unincorporated
2014,2014-05-09,2014-05-09T14:58:00Z,Friday,DON DAHVEE LN,IRIS CANYON RD,W,N,NA,NA,1,1,0,A,08,E,I,A,H,A,N,N,N,N,N,0,0,0,0,0,0,0,0,0,MONTEREY,-121.8919878,36.58569222,36.58569222,-121.8919878,"c(-121.8919878, 36.58569222)",Monterey
2014,2014-05-07,2014-05-07T14:39:00Z,Wednesday,FREMONT BL,ELM AV,NA,Y,NA,NA,4,0,1,A,11,G,B,-,H,A,Y,N,N,N,N,0,0,1,0,1,0,0,0,0,SEASIDE,-121.84641991,36.60768005,36.60768005,-121.84641991,"c(-121.84641991, 36.60768005)",Seaside
2014,2014-05-28,2014-05-28T12:58:00Z,Wednesday,BROADWAY AV,SAN LUCAS,NA,Y,NA,NA,3,0,2,-,-,B,C,A,H,A,N,N,N,N,N,0,1,1,0,0,0,0,0,0,SEASIDE,-121.84024995,36.60908007,36.60908007,-121.84024995,"c(-121.84024995, 36.60908007)",Seaside
2014,2014-05-30,2014-05-30T08:02:00Z,Friday,FREMONT BL,MONTEREY RD,NA,Y,NA,NA,4,0,1,A,12,D,C,A,H,A,N,N,N,N,N,0,0,1,0,0,0,0,0,0,SEASIDE,-121.8412299,36.62375007,36.62375007,-121.8412299,"c(-121.8412299, 36.62375007)",Seaside
2014,2014-06-27,2014-06-27T15:11:00Z,Friday,IMJIN PW,RESERVATION RD,NA,Y,NA,NA,4,0,2,A,12,D,C,A,H,C,N,N,N,N,N,0,0,2,0,0,0,0,0,0,MARINA,-121.76659991,36.67143003,36.67143003,-121.76659991,"c(-121.76659991, 36.67143003)",Marina
2014,2014-06-29,2014-06-29T16:26:00Z,Sunday,IMJIN RD,IMJIN PW,S,N,NA,NA,3,0,1,A,08,F,-,A,H,A,N,N,N,N,N,0,1,0,0,0,0,0,0,0,MARINA,-121.7931857,36.66083897,36.66083897,-121.7931857,"c(-121.7931857, 36.66083897)",Marina
2014,2014-06-29,2014-06-29T22:29:00Z,Sunday,ABREGO ST,FREMONT ST,S,N,NA,NA,4,0,1,A,09,D,G,A,H,D,N,Y,N,N,N,0,0,1,0,0,0,1,0,0,MONTEREY,-121.89228401,36.59460705,36.59460705,-121.89228401,"c(-121.89228401, 36.59460705)",Monterey
2014,2014-06-28,2014-06-28T21:41:00Z,Saturday,DEL MONTE AV,PARK AV,NA,Y,NA,NA,2,0,1,D,00,E,I,A,H,C,N,Y,N,N,N,1,0,0,0,0,0,1,0,0,MONTEREY,-121.88228992,36.59993008,36.59993008,-121.88228992,"c(-121.88228992, 36.59993008)",Monterey
2014,2014-06-27,2014-06-27T15:43:00Z,Friday,LIGHTHOUSE,PRIVATE BOLIO RD,S,N,NA,NA,4,0,1,A,03,C,C,A,H,A,N,N,N,N,N,0,0,1,0,0,0,0,0,0,MONTEREY,-121.89451464,36.60419574,36.60419574,-121.89451464,"c(-121.89451464, 36.60419574)",Monterey
2014,2014-06-17,2014-06-17T14:08:00Z,Tuesday,PALM AV,DEL MONTE BL,NA,Y,NA,NA,4,0,2,A,12,D,D,A,H,A,N,N,N,N,N,0,0,2,0,0,0,0,0,0,MARINA,-121.80367994,36.68345004,36.68345004,-121.80367994,"c(-121.80367994, 36.68345004)",Marina
2014,2014-05-20,2014-05-20T21:46:00Z,Tuesday,RAILROAD AV,ALLISON RD,NA,Y,NA,NA,4,0,1,A,03,E,I,A,H,C,N,N,N,N,N,0,0,1,0,0,0,0,0,0,UNINCORPORATED,-121.73572986,36.89845005,36.89845005,-121.73572986,"c(-121.73572986, 36.89845005)",Pajaro
2014,2014-06-08,2014-06-08T09:15:00Z,Sunday,101,MAJOR FARMS RD,S,N,101,H,4,0,1,A,03,C,C,A,H,A,N,N,N,N,N,0,0,1,0,0,0,0,0,0,UNINCORPORATED,-121.28976816,36.37388584,36.37388584,-121.28976816,"c(-121.28976816, 36.37388584)",Other Unincorporated
2014,2014-07-25,2014-07-25T05:56:00Z,Friday,CIRCLE DR,ST MICHAEL WY,NA,Y,NA,NA,3,0,1,A,09,D,C,A,H,B,N,N,N,N,N,0,1,0,0,0,0,0,0,0,SALINAS,-121.62981998,36.68167,36.68167,-121.62981998,"c(-121.62981998, 36.68167)",Salinas
2014,2014-07-30,2014-07-30T17:12:00Z,Wednesday,NATIVIDAD RD,PACHECO ST,N,N,NA,NA,4,0,1,A,03,B,C,A,H,A,N,N,N,N,N,0,0,1,0,0,0,0,0,0,SALINAS,-121.63660692,36.69808261,36.69808261,-121.63660692,"c(-121.63660692, 36.69808261)",Salinas
2014,2014-07-31,2014-07-31T16:23:00Z,Thursday,MAPLE ST,PAJARO ST,NA,Y,NA,NA,4,0,1,A,12,D,C,A,H,A,N,N,N,N,N,0,0,1,0,0,0,0,0,0,SALINAS,-121.65312997,36.66789005,36.66789005,-121.65312997,"c(-121.65312997, 36.66789005)",Salinas
2014,2014-07-23,2014-07-23T12:51:00Z,Wednesday,N MADERA AV,TERRACE ST,N,N,NA,NA,4,0,1,A,21,D,G,A,H,A,N,Y,N,N,N,0,0,1,0,0,0,1,0,0,SALINAS,-121.63762232,36.67909994,36.67909994,-121.63762232,"c(-121.63762232, 36.67909994)",Salinas
2014,2014-07-28,2014-07-28T18:20:00Z,Monday,MUNRAS AV,SOLEDAD DR,N,N,NA,NA,3,0,1,A,03,C,C,A,H,A,N,N,N,N,N,0,1,0,0,0,0,0,0,0,MONTEREY,-121.90181002,36.58342873,36.58342873,-121.90181002,"c(-121.90181002, 36.58342873)",Monterey
2014,2014-08-02,2014-08-02T11:22:00Z,Saturday,RESERVATION RD,LAKE DR,N,N,NA,NA,4,0,1,A,03,E,-,A,H,A,N,N,Y,N,N,0,0,1,0,0,0,0,0,1,MARINA,NA,NA,0,0,"c(0, 0)",Other Unincorporated
2014,2014-08-04,2014-08-04T16:15:00Z,Monday,E ALISAL,MONTEREY ST,E,N,NA,NA,4,0,1,A,03,C,C,A,H,A,N,N,N,N,N,0,0,1,0,0,0,0,0,0,SALINAS,-121.65343758,36.67399334,36.67399334,-121.65343758,"c(-121.65343758, 36.67399334)",Salinas
2014,2014-08-13,2014-08-13T17:30:00Z,Wednesday,1,RT 183,N,N,1,H,4,0,1,A,03,C,C,A,H,A,N,N,N,N,N,0,0,1,0,0,0,0,0,0,UNINCORPORATED,-121.76853614,36.77332367,36.77332367,-121.76853614,"c(-121.76853614, 36.77332367)",Castroville
2014,2014-08-10,2014-08-10T12:55:00Z,Sunday,1,RT 183,S,N,1,H,4,0,1,A,03,C,C,A,H,A,N,N,N,N,N,0,0,1,0,0,0,0,0,0,UNINCORPORATED,-121.76792713,36.74962529,36.74962529,-121.76792713,"c(-121.76792713, 36.74962529)",Other Unincorporated
2014,2014-08-07,2014-08-07T16:40:00Z,Thursday,OCEAN AV,HATTON AV,NA,Y,NA,NA,4,0,1,A,09,D,C,A,H,A,N,N,N,N,N,0,0,1,0,0,0,0,0,0,UNINCORPORATED,-121.91221991,36.55586007,36.55586007,-121.91221991,"c(-121.91221991, 36.55586007)",Other Unincorporated
2014,2014-08-09,2014-08-09T01:37:00Z,Saturday,STRAWBERRY RD,ELKHORN RD,E,N,NA,NA,3,0,1,A,01,E,I,A,H,D,N,N,N,N,Y,0,1,0,0,0,0,0,0,0,UNINCORPORATED,-121.72882851,36.82715479,36.82715479,-121.72882851,"c(-121.72882851, 36.82715479)",Royal Oaks
2014,2014-08-03,2014-08-03T17:20:00Z,Sunday,RESERVATION RD,BLANCO RD,NA,Y,NA,NA,4,0,1,A,08,A,I,A,H,A,N,N,N,N,N,0,0,1,0,0,0,0,0,0,UNINCORPORATED,-121.75668992,36.66693009,36.66693009,-121.75668992,"c(-121.75668992, 36.66693009)",Other Unincorporated
2014,2014-08-23,2014-08-23T06:10:00Z,Saturday,RIVER RD,PARKER RD,S,N,NA,NA,3,0,2,A,08,A,C,A,H,B,N,N,N,N,N,0,1,1,0,0,0,0,0,0,UNINCORPORATED,-121.58760874,36.57590583,36.57590583,-121.58760874,"c(-121.58760874, 36.57590583)",Other Unincorporated
2014,2014-08-23,2014-08-23T02:23:00Z,Saturday,PRESTON ST,GEIL ST,NA,Y,NA,NA,3,0,2,A,01,D,C,A,H,C,N,N,N,N,Y,0,1,1,0,0,0,0,0,0,UNINCORPORATED,-121.7557999,36.76807,36.76807,-121.7557999,"c(-121.7557999, 36.76807)",Castroville
2014,2014-08-24,2014-08-24T10:10:00Z,Sunday,LAS LOMAS DR,HALL RD,N,N,NA,NA,4,0,1,A,01,D,C,A,H,A,N,N,N,N,Y,0,0,1,0,0,0,0,0,0,UNINCORPORATED,-121.73365745,36.86531187,36.86531187,-121.73365745,"c(-121.73365745, 36.86531187)",Royal Oaks
2014,2014-07-24,2014-07-24T11:58:00Z,Thursday,1,DOLAN RD,NA,Y,1,I,3,0,1,A,09,D,C,A,H,A,N,N,N,N,N,0,1,0,0,0,0,0,0,0,UNINCORPORATED,-121.78379808,36.80408646,36.80408646,-121.78379808,"c(-121.78379808, 36.80408646)",Moss Landing
2014,2014-07-24,2014-07-24T11:09:00Z,Thursday,101,CHUALAR,N,N,101,H,2,0,1,A,08,E,I,A,H,A,N,N,N,N,N,1,0,0,0,0,0,0,0,0,UNINCORPORATED,-121.52614251,36.57695137,36.57695137,-121.52614251,"c(-121.52614251, 36.57695137)",Chualar
2014,2014-07-20,2014-07-20T18:11:00Z,Sunday,1,POTRERO RD,S,N,1,H,2,0,2,A,-,D,C,A,H,A,N,N,Y,N,N,1,1,0,0,0,0,0,0,2,UNINCORPORATED,-121.78246966,36.78818338,36.78818338,-121.78246966,"c(-121.78246966, 36.78818338)",Moss Landing
2014,2014-07-26,2014-07-26T21:05:00Z,Saturday,101,GLORIA RD,S,N,101,H,3,0,1,A,08,E,I,A,H,D,N,N,N,N,N,0,1,0,0,0,0,0,0,0,UNINCORPORATED,-121.43084531,36.49989302,36.49989302,-121.43084531,"c(-121.43084531, 36.49989302)",Gonzales
2014,2014-07-26,2014-07-26T23:55:00Z,Saturday,101,SOLEDAD PRISON RD,N,N,101,H,4,0,1,A,08,F,A,A,H,D,N,N,N,N,N,0,0,1,0,0,0,0,0,0,UNINCORPORATED,-121.390775,36.46641928,36.46641928,-121.390775,"c(-121.390775, 36.46641928)",Other Unincorporated
2014,2014-07-26,2014-07-26T18:45:00Z,Saturday,1,ATHERTON DR,N,N,1,H,4,0,1,A,03,C,C,A,H,A,N,N,N,N,N,0,0,1,0,0,0,0,0,0,UNINCORPORATED,-121.68796323,36.17196409,36.17196409,-121.68796323,"c(-121.68796323, 36.17196409)",Big Sur