ACCIDENT_YEAR,COLLISION_DATE,COLLISION_TIME,DAY_OF_WEEK,PRIMARY_RD,SECONDARY_RD,DIRECTION,INTERSECTION,STATE_ROUTE,LOCATION_TYPE,COLLISION_SEVERITY,NUMBER_KILLED,NUMBER_INJURED,PRIMARY_COLL_FACTOR,PCF_VIOL_CATEGORY,TYPE_OF_COLLISION,MVIW,PED_ACTION,ROAD_COND_1,LIGHTING,PEDESTRIAN_ACCIDENT,BICYCLE_ACCIDENT,MOTORCYCLE_ACCIDENT,TRUCK_ACCIDENT,ALCOHOL_INVOLVED,COUNT_SEVERE_INJ,COUNT_VISIBLE_INJ,COUNT_COMPLAINT_PAIN,COUNT_PED_KILLED,COUNT_PED_INJURED,COUNT_BICYCLIST_KILLED,COUNT_BICYCLIST_INJURED,COUNT_MC_KILLED,COUNT_MC_INJURED,CITY,POINT_X,POINT_Y,lat,lon,geometry,city_new
2015,2015-04-02,2015-04-02T13:00:00Z,Thursday,BLACKIE RD,ROLLING MEADOWS LN,W,N,NA,NA,2,0,1,A,08,E,I,A,H,A,N,N,N,N,Y,1,0,0,0,0,0,0,0,0,UNINCORPORATED,-121.6911749,36.77718225,36.77718225,-121.6911749,"c(-121.6911749, 36.77718225)",Other Unincorporated
2015,2015-04-23,2015-04-23T12:10:00Z,Thursday,198,RT 25,E,N,198,H,4,0,2,A,05,A,C,A,H,A,N,N,N,Y,N,0,0,2,0,0,0,0,0,0,UNINCORPORATED,-120.7482376,36.18780171,36.18780171,-120.7482376,"c(-120.7482376, 36.18780171)",Other Unincorporated
2015,2015-04-11,2015-04-11T06:35:00Z,Saturday,PARAISO SPRINGS RD,FOOTHILL RD,S,N,NA,NA,4,0,1,A,09,A,C,A,H,B,N,N,N,N,N,0,0,1,0,0,0,0,0,0,UNINCORPORATED,-121.34037916,36.37806009,36.37806009,-121.34037916,"c(-121.34037916, 36.37806009)",Other Unincorporated
2015,2015-03-01,2015-03-01T09:56:00Z,Sunday,AUTO CENTER PKWY,GEARY PLZ,S,N,NA,NA,2,0,1,A,03,B,C,A,H,A,N,N,N,N,N,1,0,0,0,0,0,0,0,0,SEASIDE,NA,NA,0,0,"c(0, 0)",Other Unincorporated
2015,2015-02-12,2015-02-12T20:00:00Z,Thursday,CANYON DEL REY BL,CHARLES AV,E,N,NA,NA,1,1,0,A,11,G,B,E,H,C,Y,N,N,N,N,0,0,0,1,0,0,0,0,0,SEASIDE,-121.85169513,36.59989145,36.59989145,-121.85169513,"c(-121.85169513, 36.59989145)",Seaside
2015,2015-02-14,2015-02-14T13:22:00Z,Saturday,PLAYA AV,FREMONT BL,W,N,NA,NA,4,0,1,A,09,A,C,A,H,A,N,N,N,N,N,0,0,1,0,0,0,0,0,0,SEASIDE,-121.84116993,36.61800006,36.61800006,-121.84116993,"c(-121.84116993, 36.61800006)",Seaside
2015,2015-02-18,2015-02-18T09:51:00Z,Wednesday,WHEELER ST,HILBY AV,S,N,NA,NA,2,0,2,A,03,D,E,A,H,A,N,N,N,N,N,2,0,0,0,0,0,0,0,0,SEASIDE,-121.84553454,36.60140863,36.60140863,-121.84553454,"c(-121.84553454, 36.60140863)",Seaside
2015,2015-02-19,2015-02-19T18:33:00Z,Thursday,FREMONT BL,DEL MONTE BL,NA,Y,NA,NA,4,0,1,A,08,D,C,A,H,C,N,N,N,N,N,0,0,1,0,0,0,0,0,0,SEASIDE,-121.8409899,36.62223002,36.62223002,-121.8409899,"c(-121.8409899, 36.62223002)",Seaside
2015,2015-02-22,2015-02-22T18:31:00Z,Sunday,FREMONT BL,BROADWAY AV,S,N,NA,NA,4,0,1,A,03,C,C,A,H,C,N,N,N,N,N,0,0,1,0,0,0,0,0,0,SEASIDE,-121.84581023,36.60885369,36.60885369,-121.84581023,"c(-121.84581023, 36.60885369)",Seaside
2015,2015-04-29,2015-04-29T11:30:00Z,Wednesday,68,RT 68,N,N,68,I,4,0,1,A,21,C,C,A,H,A,N,N,N,N,N,0,0,1,0,0,0,0,0,0,SALINAS,-121.66760105,36.63613633,36.63613633,-121.66760105,"c(-121.66760105, 36.63613633)",Other Unincorporated
2015,2015-04-29,2015-04-29T18:30:00Z,Wednesday,183,SANCHEZ ST,NA,Y,183,I,4,0,1,A,03,C,C,A,H,A,N,N,N,N,N,0,0,1,0,0,0,0,0,0,UNINCORPORATED,-121.76022376,36.76732603,36.76732603,-121.76022376,"c(-121.76022376, 36.76732603)",Castroville
2015,2015-04-25,2015-04-25T20:20:00Z,Saturday,183,SANCHEZ ST,S,N,183,H,4,0,1,A,01,C,E,A,H,C,N,N,N,N,Y,0,0,1,0,0,0,0,0,0,UNINCORPORATED,-121.75995227,36.76712599,36.76712599,-121.75995227,"c(-121.75995227, 36.76712599)",Castroville
2015,2015-04-26,2015-04-26T09:46:00Z,Sunday,101,RT 101,N,N,101,H,4,0,1,D,00,A,C,A,H,A,N,N,N,N,N,0,0,1,0,0,0,0,0,0,UNINCORPORATED,-121.66411292,36.79936789,36.79936789,-121.66411292,"c(-121.66411292, 36.79936789)",Other Unincorporated
2015,2015-04-24,2015-04-24T06:55:00Z,Friday,ALISAL RD,HARTNELL RD,S,N,NA,NA,4,0,2,A,09,D,C,A,H,A,N,N,N,N,N,0,0,2,0,0,0,0,0,0,UNINCORPORATED,-121.57547023,36.64433916,36.64433916,-121.57547023,"c(-121.57547023, 36.64433916)",Other Unincorporated
2015,2015-04-24,2015-04-24T15:30:00Z,Friday,ELKHORN RD,WERNER RD,NA,Y,NA,NA,4,0,1,A,09,D,C,A,H,A,N,N,N,Y,N,0,0,1,0,0,0,0,0,0,UNINCORPORATED,-121.74722986,36.87898004,36.87898004,-121.74722986,"c(-121.74722986, 36.87898004)",Royal Oaks
2015,2015-04-23,2015-04-23T15:31:00Z,Thursday,68,SAN BENANCIO RD,E,N,68,H,4,0,2,A,05,A,C,A,H,A,N,N,N,N,N,0,0,2,0,0,0,0,0,0,UNINCORPORATED,-121.71796777,36.58132319,36.58132319,-121.71796777,"c(-121.71796777, 36.58132319)",Other Unincorporated
2015,2015-04-24,2015-04-24T07:35:00Z,Friday,NASHUA RD,MONTE RD,W,N,NA,NA,3,0,1,A,08,F,A,A,H,A,N,N,N,N,N,0,1,0,0,0,0,0,0,0,UNINCORPORATED,-121.76682019,36.74163816,36.74163816,-121.76682019,"c(-121.76682019, 36.74163816)",Other Unincorporated
2015,2015-04-23,2015-04-23T05:35:00Z,Thursday,101,CAMPHORA GLORIA RD,N,N,101,R,4,0,1,A,03,C,C,A,H,B,N,N,N,N,N,0,0,1,0,0,0,0,0,0,UNINCORPORATED,-121.36671307,36.45147522,36.45147522,-121.36671307,"c(-121.36671307, 36.45147522)",Other Unincorporated
2015,2015-04-23,2015-04-23T15:00:00Z,Thursday,101,POTTER RD,S,N,101,H,4,0,1,A,07,F,A,A,H,A,N,N,N,N,N,0,0,1,0,0,0,0,0,0,UNINCORPORATED,-121.55592425,36.60450758,36.60450758,-121.55592425,"c(-121.55592425, 36.60450758)",Other Unincorporated
2015,2015-03-21,2015-03-21T18:20:00Z,Saturday,CANYON DEL REY BL,SONOMA AV,NA,Y,NA,NA,4,0,1,A,03,C,C,A,H,A,N,N,N,N,N,0,0,1,0,0,0,0,0,0,SEASIDE,-121.85554992,36.60639008,36.60639008,-121.85554992,"c(-121.85554992, 36.60639008)",Seaside
2015,2015-03-12,2015-03-12T13:08:00Z,Thursday,KIMBALL AV,KIMBALL AV 800,NA,N,NA,NA,4,0,1,A,05,G,G,A,H,A,N,Y,N,N,N,0,0,1,0,0,0,1,0,0,SEASIDE,NA,NA,0,0,"c(0, 0)",Other Unincorporated
2015,2015-04-28,2015-04-28T16:40:00Z,Tuesday,101,CENTRAL AV,S,N,101,H,3,0,1,A,08,E,I,A,H,A,N,N,N,N,N,0,1,0,0,0,0,0,0,0,UNINCORPORATED,-121.17371265,36.22926296,36.22926296,-121.17371265,"c(-121.17371265, 36.22926296)",Other Unincorporated
2015,2015-04-22,2015-04-22T02:45:00Z,Wednesday,1,MPM 38,S,N,1,H,3,0,1,A,08,E,I,A,H,D,N,N,N,N,N,0,1,0,0,0,0,0,0,0,UNINCORPORATED,-121.69596768,36.1771289,36.1771289,-121.69596768,"c(-121.69596768, 36.1771289)",Big Sur
2015,2015-04-20,2015-04-20T11:54:00Z,Monday,CARMEL VALLEY RD,DORRIS DR,W,N,NA,NA,4,0,1,A,08,E,I,A,H,A,N,N,N,N,N,0,0,1,0,0,0,0,0,0,UNINCORPORATED,-121.81493302,36.52552885,36.52552885,-121.81493302,"c(-121.81493302, 36.52552885)",Other Unincorporated
2015,2015-04-17,2015-04-17T00:54:00Z,Friday,68,PORTOLA DR,E,N,68,H,3,0,1,A,01,H,I,A,H,D,N,N,N,N,Y,0,1,0,0,0,0,0,0,0,SALINAS,-121.69136253,36.60984694,36.60984694,-121.69136253,"c(-121.69136253, 36.60984694)",Other Unincorporated
2015,2015-04-22,2015-04-22T08:55:00Z,Wednesday,CORRAL DE TIERRA RD,CASTLEROCK RD,N,N,NA,NA,4,0,2,A,05,B,C,A,H,A,N,N,N,N,N,0,0,2,0,0,0,0,0,0,UNINCORPORATED,-121.73260308,36.55821284,36.55821284,-121.73260308,"c(-121.73260308, 36.55821284)",Other Unincorporated
2015,2015-04-25,2015-04-25T22:20:00Z,Saturday,68,SAN BENANCIO RD,E,N,68,H,4,0,1,A,01,E,I,A,D,D,N,N,N,N,Y,0,0,1,0,0,0,0,0,0,UNINCORPORATED,-121.71949867,36.58047141,36.58047141,-121.71949867,"c(-121.71949867, 36.58047141)",Other Unincorporated
2015,2015-04-17,2015-04-17T18:19:00Z,Friday,68,RT 68 2959,W,N,68,H,4,0,2,A,03,C,C,A,H,A,N,N,N,N,N,0,0,2,0,0,0,0,0,0,MONTEREY,-121.82690516,36.58009673,36.58009673,-121.82690516,"c(-121.82690516, 36.58009673)",Monterey
2015,2015-04-17,2015-04-17T16:40:00Z,Friday,FIGUEROA ST,DEL MONTE,N,N,NA,NA,3,0,1,A,09,D,G,A,H,A,N,Y,N,N,N,0,1,0,0,0,0,1,0,0,MONTEREY,-121.88993526,36.60081408,36.60081408,-121.88993526,"c(-121.88993526, 36.60081408)",Monterey
2015,2015-04-02,2015-04-02T09:30:00Z,Thursday,BONIFACIO PL,ADAMS ST,W,N,NA,NA,4,0,1,A,21,D,C,A,H,A,N,N,Y,N,N,0,0,1,0,0,0,0,0,1,MONTEREY,-121.89188675,36.59854964,36.59854964,-121.89188675,"c(-121.89188675, 36.59854964)",Monterey
2015,2015-04-16,2015-04-16T17:01:00Z,Thursday,LIGHTHOUSE AV,IRVING AV,S,N,NA,NA,4,0,1,A,10,G,B,B,H,A,Y,N,N,N,N,0,0,1,0,1,0,0,0,0,MONTEREY,-121.90361621,36.61582543,36.61582543,-121.90361621,"c(-121.90361621, 36.61582543)",Monterey
2015,2015-04-15,2015-04-15T13:23:00Z,Wednesday,FREMONT ST,MAJOR SHERMAN LN,W,N,NA,NA,4,0,1,A,03,C,C,A,H,A,N,N,N,N,N,0,0,1,0,0,0,0,0,0,MONTEREY,-121.89105266,36.59518617,36.59518617,-121.89105266,"c(-121.89105266, 36.59518617)",Monterey
2015,2015-04-10,2015-04-10T09:04:00Z,Friday,10TH ST,8TH ST,E,N,NA,NA,3,0,1,A,03,F,J,A,H,A,N,N,Y,N,N,0,1,0,0,0,0,0,0,1,MONTEREY,-121.88141228,36.59371841,36.59371841,-121.88141228,"c(-121.88141228, 36.59371841)",Monterey
2015,2015-04-01,2015-04-01T17:58:00Z,Wednesday,JEFFERSON ST,LARKIN ST,NA,Y,NA,NA,3,0,1,A,03,E,I,A,H,A,N,N,N,N,N,0,1,0,0,0,0,0,0,0,MONTEREY,-121.89928998,36.59902005,36.59902005,-121.89928998,"c(-121.89928998, 36.59902005)",Monterey
2015,2015-01-15,2015-01-15T08:10:00Z,Thursday,LARKIN ST,FLINT WY,E,N,NA,NA,3,0,1,A,11,G,B,D,H,A,Y,N,N,N,N,0,1,0,0,1,0,0,0,0,SALINAS,-121.66328625,36.69169954,36.69169954,-121.66328625,"c(-121.66328625, 36.69169954)",Salinas
2015,2015-01-12,2015-01-12T12:10:00Z,Monday,W ALISAL ST,WEST ACACIA ST,NA,Y,NA,NA,4,0,1,A,12,F,C,A,H,A,N,N,N,N,N,0,0,1,0,0,0,0,0,0,SALINAS,-121.67269989,36.66946003,36.66946003,-121.67269989,"c(-121.67269989, 36.66946003)",Salinas
2015,2015-02-17,2015-02-17T22:12:00Z,Tuesday,MESQUITE DR,EAST BORONDA RD,S,N,NA,NA,3,0,1,A,10,D,B,B,H,C,Y,N,N,N,N,0,1,0,0,1,0,0,0,0,SALINAS,-121.59768826,36.69714359,36.69714359,-121.59768826,"c(-121.59768826, 36.69714359)",Salinas
2015,2015-02-13,2015-02-13T20:15:00Z,Friday,NORTH MAIN ST,NAVAJO DR,N,N,NA,NA,3,0,1,-,-,A,B,D,H,C,Y,N,N,N,N,0,1,0,0,1,0,0,0,0,SALINAS,-121.65327133,36.7058141,36.7058141,-121.65327133,"c(-121.65327133, 36.7058141)",Salinas
2015,2015-02-10,2015-02-10T07:28:00Z,Tuesday,BLANCO RD,LOS OLIVOS DR,NA,Y,NA,NA,4,0,2,A,12,D,C,A,H,A,N,N,N,N,N,0,0,2,0,0,0,0,0,0,SALINAS,-121.66875999,36.66116007,36.66116007,-121.66875999,"c(-121.66875999, 36.66116007)",Salinas
2015,2015-04-12,2015-04-12T23:31:00Z,Sunday,EAST BORONDA RD,NATIVIDAD RD,W,N,NA,NA,4,0,1,A,03,-,I,A,H,C,N,N,N,N,N,0,0,1,0,0,0,0,0,0,SALINAS,-121.62364129,36.7155557,36.7155557,-121.62364129,"c(-121.62364129, 36.7155557)",Salinas
2015,2015-04-04,2015-04-04T17:45:00Z,Saturday,WILLIAMS RD,GARNER AV,S,N,NA,NA,4,0,1,A,21,D,C,A,H,A,N,N,N,N,N,0,0,1,0,0,0,0,0,0,SALINAS,-121.60865569,36.67872827,36.67872827,-121.60865569,"c(-121.60865569, 36.67872827)",Salinas
2015,2015-04-11,2015-04-11T10:09:00Z,Saturday,MARKET ST,KIDDER ST,NA,Y,NA,NA,4,0,1,A,09,D,C,A,H,A,N,N,N,N,N,0,0,1,0,0,0,0,0,0,SOLEDAD,-121.32514998,36.42761005,36.42761005,-121.32514998,"c(-121.32514998, 36.42761005)",Soledad
2015,2015-04-21,2015-04-21T19:40:00Z,Tuesday,MURPHY RD,SAN JUAN RD,NA,Y,NA,NA,4,0,1,A,09,D,C,A,H,A,N,N,N,N,N,0,0,1,0,0,0,0,0,0,UNINCORPORATED,-121.67607999,36.89641007,36.89641007,-121.67607999,"c(-121.67607999, 36.89641007)",Royal Oaks
2015,2015-04-11,2015-04-11T16:30:00Z,Saturday,1,LITTLE SUR RIVER BR,S,N,1,H,2,0,1,A,08,E,I,A,H,A,N,N,Y,N,N,1,0,0,0,0,0,0,0,1,UNINCORPORATED,-121.89387846,36.32455296,36.32455296,-121.89387846,"c(-121.89387846, 36.32455296)",Other Unincorporated
2015,2015-04-19,2015-04-19T18:05:00Z,Sunday,101,RT 156,N,N,101,H,3,0,3,A,03,C,C,A,H,A,N,N,N,N,N,0,1,2,0,0,0,0,0,0,UNINCORPORATED,-121.66736315,36.79009611,36.79009611,-121.66736315,"c(-121.66736315, 36.79009611)",Other Unincorporated
2015,2015-04-15,2015-04-15T17:11:00Z,Wednesday,ELKHORN RD,WERNER RD,NA,Y,NA,NA,3,0,1,A,08,D,C,A,H,A,N,N,N,N,N,0,1,0,0,0,0,0,0,0,UNINCORPORATED,-121.74722986,36.87898004,36.87898004,-121.74722986,"c(-121.74722986, 36.87898004)",Royal Oaks
2015,2015-04-17,2015-04-17T16:55:00Z,Friday,1,SOLEDAD DR,N,N,1,R,4,0,1,A,03,C,C,A,H,A,N,N,N,N,N,0,0,1,0,0,0,0,0,0,UNINCORPORATED,-121.89660369,36.58234315,36.58234315,-121.89660369,"c(-121.89660369, 36.58234315)",Monterey
2015,2015-04-12,2015-04-12T10:40:00Z,Sunday,1,MORSE DR,NA,Y,1,H,4,0,2,A,03,C,C,A,H,A,N,N,N,N,N,0,0,2,0,0,0,0,0,0,UNINCORPORATED,-121.91065199,36.55276411,36.55276411,-121.91065199,"c(-121.91065199, 36.55276411)",Other Unincorporated
2015,2015-04-17,2015-04-17T17:35:00Z,Friday,DAVIS RD,RESERVATION RD,N,N,NA,NA,3,0,1,A,03,E,I,A,H,A,N,N,N,N,N,0,1,0,0,0,0,0,0,0,UNINCORPORATED,-121.70641835,36.64190545,36.64190545,-121.70641835,"c(-121.70641835, 36.64190545)",Other Unincorporated
2015,2015-04-04,2015-04-04T10:00:00Z,Saturday,DAVIS RD,BLANCO RD,N,N,NA,NA,4,0,1,A,03,C,C,A,H,A,N,N,N,N,N,0,0,1,0,0,0,0,0,0,SALINAS,-121.68508995,36.66682222,36.66682222,-121.68508995,"c(-121.68508995, 36.66682222)",Other Unincorporated
2015,2015-03-15,2015-03-15T08:28:00Z,Sunday,SHERWOOD DR,EAST BERNAL DR,NA,Y,NA,NA,3,0,1,A,03,C,C,A,H,A,N,N,N,N,N,0,1,0,0,0,0,0,0,0,SALINAS,-121.64345993,36.69224009,36.69224009,-121.64345993,"c(-121.64345993, 36.69224009)",Salinas
2015,2015-03-09,2015-03-09T05:49:00Z,Monday,HARKINS RD,ABBOTT ST,W,N,NA,NA,3,0,1,A,05,B,G,A,H,C,N,Y,N,N,N,0,1,0,0,0,0,1,0,0,SALINAS,-121.62689426,36.65317417,36.65317417,-121.62689426,"c(-121.62689426, 36.65317417)",Salinas
2015,2015-03-01,2015-03-01T14:59:00Z,Sunday,MCKINNON ST,EAST BORONDA RD,NA,Y,NA,NA,3,0,1,A,05,D,G,A,H,A,N,Y,N,N,N,0,1,0,0,0,0,1,0,0,SALINAS,-121.64365988,36.71707009,36.71707009,-121.64365988,"c(-121.64365988, 36.71707009)",Salinas
2015,2015-03-19,2015-03-19T23:12:00Z,Thursday,EAST LAUREL DR,CONSTITUTION BL,W,N,NA,NA,4,0,1,A,03,D,C,A,H,C,N,N,N,N,N,0,0,1,0,0,0,0,0,0,SALINAS,-121.63235138,36.69451424,36.69451424,-121.63235138,"c(-121.63235138, 36.69451424)",Salinas
2015,2015-03-09,2015-03-09T15:08:00Z,Monday,BLANCO RD,BLANCO CIR,E,N,NA,NA,3,0,1,A,08,E,I,A,H,A,N,N,N,N,N,0,1,0,0,0,0,0,0,0,SALINAS,-121.6367123,36.65568757,36.65568757,-121.6367123,"c(-121.6367123, 36.65568757)",Salinas
2015,2015-03-04,2015-03-04T20:44:00Z,Wednesday,JOHN ST,TULIP CIR,E,N,NA,NA,3,0,1,A,01,C,E,A,H,C,N,N,N,N,Y,0,1,0,0,0,0,0,0,0,SALINAS,-121.63179033,36.66965618,36.66965618,-121.63179033,"c(-121.63179033, 36.66965618)",Salinas
2015,2015-03-30,2015-03-30T06:25:00Z,Monday,68,BOOTS RD,NA,Y,68,I,4,0,1,A,09,D,C,A,H,C,N,N,N,N,N,0,0,1,0,0,0,0,0,0,UNINCORPORATED,-121.77877888,36.56760322,36.56760322,-121.77877888,"c(-121.77877888, 36.56760322)",Other Unincorporated
2015,2015-04-08,2015-04-08T12:45:00Z,Wednesday,SAN JUAN RD,MURPHY RD,NA,Y,NA,NA,4,0,1,A,09,A,C,A,H,A,N,N,N,N,N,0,0,1,0,0,0,0,0,0,UNINCORPORATED,-121.67607999,36.89641007,36.89641007,-121.67607999,"c(-121.67607999, 36.89641007)",Royal Oaks
2015,2015-04-07,2015-04-07T09:09:00Z,Tuesday,68,SKYLINE FOREST DR,W,N,68,H,4,0,2,A,05,A,C,A,H,A,N,N,N,N,N,0,0,2,0,0,0,0,0,0,UNINCORPORATED,-121.92107857,36.58883064,36.58883064,-121.92107857,"c(-121.92107857, 36.58883064)",Pebble Beach
2015,2015-04-08,2015-04-08T19:18:00Z,Wednesday,101,CAMPHORA GLORIA RD,N,N,101,H,3,0,1,A,08,B,C,A,H,A,N,N,N,N,N,0,1,0,0,0,0,0,0,0,UNINCORPORATED,-121.36311712,36.44905682,36.44905682,-121.36311712,"c(-121.36311712, 36.44905682)",Other Unincorporated
2015,2015-04-01,2015-04-01T17:20:00Z,Wednesday,1,RT 68,N,N,1,R,3,0,1,A,03,C,C,A,H,A,N,N,N,N,N,0,1,0,0,0,0,0,0,0,UNINCORPORATED,-121.86932242,36.59486922,36.59486922,-121.86932242,"c(-121.86932242, 36.59486922)",Monterey
2015,2015-04-06,2015-04-06T23:50:00Z,Monday,CASTROVILLE BL,ARCHER RD,W,N,NA,NA,3,0,1,A,08,F,A,A,H,D,N,N,N,N,N,0,1,0,0,0,0,0,0,0,UNINCORPORATED,-121.70844039,36.79469115,36.79469115,-121.70844039,"c(-121.70844039, 36.79469115)",Castroville
2015,2015-04-01,2015-04-01T08:00:00Z,Wednesday,LINCOLN ST,CLAY ST,NA,Y,NA,NA,4,0,1,A,03,G,B,D,H,A,Y,N,N,N,N,0,0,1,0,1,0,0,0,0,UNINCORPORATED,-121.51478998,36.57002003,36.57002003,-121.51478998,"c(-121.51478998, 36.57002003)",Chualar
2015,2015-04-07,2015-04-07T15:30:00Z,Tuesday,68,LAURELES GRADE RD,E,N,68,H,4,0,4,A,03,C,C,A,H,A,N,N,N,N,N,0,0,4,0,0,0,0,0,0,UNINCORPORATED,-121.75515062,36.56962052,36.56962052,-121.75515062,"c(-121.75515062, 36.56962052)",Other Unincorporated
2015,2015-04-09,2015-04-09T20:10:00Z,Thursday,101,HARTNELL RD,S,N,101,H,4,0,2,A,03,C,C,A,D,D,N,N,N,N,Y,0,0,2,0,0,0,0,0,0,UNINCORPORATED,-121.57791409,36.62082316,36.62082316,-121.57791409,"c(-121.57791409, 36.62082316)",Other Unincorporated
2015,2015-04-10,2015-04-10T02:20:00Z,Friday,SALINAS RD,BAY FARMS RD,W,N,NA,NA,4,0,1,A,08,E,I,A,H,D,N,N,N,N,N,0,0,1,0,0,0,0,0,0,UNINCORPORATED,-121.76355642,36.87236743,36.87236743,-121.76355642,"c(-121.76355642, 36.87236743)",Royal Oaks
2015,2015-04-11,2015-04-11T21:17:00Z,Saturday,NORTH SANBORN RD,EAST MARKET ST,E,N,NA,NA,4,0,1,A,01,C,C,A,H,C,N,N,N,N,Y,0,0,1,0,0,0,0,0,0,SALINAS,-121.62698444,36.67664112,36.67664112,-121.62698444,"c(-121.62698444, 36.67664112)",Salinas
2015,2015-04-08,2015-04-08T15:15:00Z,Wednesday,101,THORNE RD,S,N,101,H,3,0,2,A,03,C,C,A,D,A,N,N,N,N,N,0,1,1,0,0,0,0,0,0,GREENFIELD,-121.25340623,36.3376115,36.3376115,-121.25340623,"c(-121.25340623, 36.3376115)",Greenfield
2015,2015-04-16,2015-04-16T06:05:00Z,Thursday,101,JOLON RD,S,N,101,H,4,0,1,A,08,A,I,A,H,B,N,N,N,N,N,0,0,1,0,0,0,0,0,0,UNINCORPORATED,-121.14702997,36.19806573,36.19806573,-121.14702997,"c(-121.14702997, 36.19806573)",Other Unincorporated
2015,2015-04-10,2015-04-10T07:00:00Z,Friday,INTERLAKE RD,JOLON RD,S,N,NA,NA,4,0,1,A,08,F,J,A,H,A,N,N,N,N,N,0,0,1,0,0,0,0,0,0,UNINCORPORATED,-121.06681289,35.88594014,35.88594014,-121.06681289,"c(-121.06681289, 35.88594014)",Bradley
2015,2015-04-08,2015-04-08T08:20:00Z,Wednesday,LAURELES GRADE RD,MIRAMONTE RD,S,N,NA,NA,4,0,2,A,03,C,C,A,H,A,N,N,N,N,N,0,0,2,0,0,0,0,0,0,UNINCORPORATED,-121.75295414,36.50708638,36.50708638,-121.75295414,"c(-121.75295414, 36.50708638)",Carmel Valley
2015,2015-04-06,2015-04-06T20:17:00Z,Monday,WOOD ST,RT 183,E,N,NA,NA,3,0,1,A,01,C,E,A,H,C,N,N,N,N,Y,0,1,0,0,0,0,0,0,0,UNINCORPORATED,NA,NA,0,0,"c(0, 0)",Other Unincorporated
2015,2015-04-05,2015-04-05T21:05:00Z,Sunday,OLD STAGE RD,RT 101,E,N,NA,NA,3,0,1,A,01,E,I,A,H,D,N,N,N,N,Y,0,1,0,0,0,0,0,0,0,UNINCORPORATED,-121.46417,36.52367,36.52367,-121.46417,"c(-121.46417, 36.52367)",Other Unincorporated
2015,2015-01-15,2015-01-15T09:16:00Z,Thursday,NORTH MAIN ST,MADRID ST,NA,Y,NA,NA,4,0,1,A,10,G,B,B,H,A,Y,N,N,N,N,0,0,1,0,1,0,0,0,0,SALINAS,-121.65468988,36.71327006,36.71327006,-121.65468988,"c(-121.65468988, 36.71327006)",Salinas
2015,2015-01-06,2015-01-06T14:50:00Z,Tuesday,E ALISAL ST,PAJARO ST,NA,Y,NA,NA,4,0,1,A,10,G,B,B,H,A,Y,N,N,N,N,0,0,1,0,1,0,0,0,0,SALINAS,-121.65255986,36.67412,36.67412,-121.65255986,"c(-121.65255986, 36.67412)",Salinas
2015,2015-01-05,2015-01-05T09:37:00Z,Monday,E ACACIA ST,PAJARO ST,NA,Y,NA,NA,4,0,1,A,09,D,C,A,H,A,N,N,N,N,N,0,0,1,0,0,0,0,0,0,SALINAS,-121.65461992,36.66368009,36.66368009,-121.65461992,"c(-121.65461992, 36.66368009)",Salinas
2015,2015-03-28,2015-03-28T17:00:00Z,Saturday,DEL MONTE,AGUAJITO,E,N,NA,NA,4,0,1,A,03,C,C,A,H,A,N,N,N,N,N,0,0,1,0,0,0,0,0,0,MONTEREY,NA,NA,0,0,"c(0, 0)",Other Unincorporated
2015,2015-04-16,2015-04-16T17:17:00Z,Thursday,68,CORRAL DE TIERRA TER,W,N,68,H,4,0,1,A,03,C,C,A,H,A,N,N,N,N,N,0,0,1,0,0,0,0,0,0,SALINAS,-121.73188933,36.57665975,36.57665975,-121.73188933,"c(-121.73188933, 36.57665975)",Other Unincorporated
2015,2015-04-18,2015-04-18T13:22:00Z,Saturday,SAN JUAN RD,SUMMERLAND RD,W,N,NA,NA,1,1,3,A,03,C,C,A,H,A,N,N,N,N,N,0,2,1,0,0,0,0,0,0,UNINCORPORATED,-121.6619429,36.86254575,36.86254575,-121.6619429,"c(-121.6619429, 36.86254575)",Royal Oaks
2015,2015-03-27,2015-03-27T19:50:00Z,Friday,CHARTER OAK BL,HOLLY OAK WY,E,N,NA,NA,4,0,1,A,21,D,C,A,H,D,N,N,N,N,N,0,0,1,0,0,0,0,0,0,UNINCORPORATED,-121.70062014,36.78181211,36.78181211,-121.70062014,"c(-121.70062014, 36.78181211)",Other Unincorporated
2015,2015-05-04,2015-05-04T15:30:00Z,Monday,EAST BORONDA RD,MCKINNON ST,E,N,NA,NA,3,0,1,A,05,A,C,A,H,A,N,N,N,N,N,0,1,0,0,0,0,0,0,0,SALINAS,-121.64215356,36.71683074,36.71683074,-121.64215356,"c(-121.64215356, 36.71683074)",Salinas
2015,2015-04-11,2015-04-11T23:02:00Z,Saturday,101,HUDSON RD,N,N,101,H,1,1,0,A,11,G,B,E,H,C,Y,N,N,N,Y,0,0,0,1,0,0,0,0,0,UNINCORPORATED,-121.26938893,36.35468804,36.35468804,-121.26938893,"c(-121.26938893, 36.35468804)",Other Unincorporated
2015,2015-04-24,2015-04-24T16:48:00Z,Friday,LAURELES GRADE RD,MIRAMONTE RD,S,N,NA,NA,1,1,3,A,05,A,C,A,H,A,N,N,N,N,N,2,1,0,0,0,0,0,0,0,UNINCORPORATED,-121.75238,36.50525912,36.50525912,-121.75238,"c(-121.75238, 36.50525912)",Carmel Valley