ACCIDENT_YEAR,COLLISION_DATE,COLLISION_TIME,DAY_OF_WEEK,PRIMARY_RD,SECONDARY_RD,DIRECTION,INTERSECTION,STATE_ROUTE,LOCATION_TYPE,COLLISION_SEVERITY,NUMBER_KILLED,NUMBER_INJURED,PRIMARY_COLL_FACTOR,PCF_VIOL_CATEGORY,TYPE_OF_COLLISION,MVIW,PED_ACTION,ROAD_COND_1,LIGHTING,PEDESTRIAN_ACCIDENT,BICYCLE_ACCIDENT,MOTORCYCLE_ACCIDENT,TRUCK_ACCIDENT,ALCOHOL_INVOLVED,COUNT_SEVERE_INJ,COUNT_VISIBLE_INJ,COUNT_COMPLAINT_PAIN,COUNT_PED_KILLED,COUNT_PED_INJURED,COUNT_BICYCLIST_KILLED,COUNT_BICYCLIST_INJURED,COUNT_MC_KILLED,COUNT_MC_INJURED,CITY,POINT_X,POINT_Y,lat,lon,geometry,city_new
2015,2015-06-30,2015-06-30T22:13:00Z,Tuesday,EAST LAUREL DR,TOWT ST,W,N,NA,NA,4,0,1,A,09,D,C,A,H,C,N,N,N,N,N,0,0,1,0,0,0,0,0,0,MONTEREY,-121.61785753,36.67941619,36.67941619,-121.61785753,"c(-121.61785753, 36.67941619)",Salinas
2015,2015-06-16,2015-06-16T21:43:00Z,Tuesday,NATIVIDAD RD,CHAPARRAL ST,NA,Y,NA,NA,4,0,1,A,01,B,C,A,H,C,N,N,N,N,Y,0,0,1,0,0,0,0,0,0,SALINAS,-121.63451991,36.70013003,36.70013003,-121.63451991,"c(-121.63451991, 36.70013003)",Salinas
2015,2015-07-10,2015-07-10T08:26:00Z,Friday,DEL MONTE BL,DEL MONTE BL 1711,NA,-,NA,NA,4,0,1,A,-,D,G,A,H,A,N,Y,N,Y,N,0,0,1,0,0,0,1,0,0,SEASIDE,NA,NA,0,0,"c(0, 0)",Other Unincorporated
2015,2015-06-28,2015-06-28T08:51:00Z,Sunday,ADAMS ST,TULANE ST,S,N,NA,NA,4,0,1,C,18,A,E,A,H,A,N,N,N,N,N,0,0,1,0,0,0,0,0,0,SALINAS,-121.66285709,36.69987036,36.69987036,-121.66285709,"c(-121.66285709, 36.69987036)",Salinas
2015,2015-08-31,2015-08-31T16:00:00Z,Monday,DEL MONTE BL,CONTRA COSTA ST,NA,Y,NA,NA,4,0,2,A,04,C,C,A,H,A,N,N,N,N,N,0,0,2,0,0,0,0,0,0,SEASIDE,-121.85197997,36.60988009,36.60988009,-121.85197997,"c(-121.85197997, 36.60988009)",Seaside
2015,2015-08-16,2015-08-16T18:44:00Z,Sunday,218,CANYON DEL REY BL,NA,Y,218,I,4,0,1,A,03,C,C,A,H,A,N,N,N,N,N,0,0,1,0,0,0,0,0,0,SEASIDE,-121.85079106,36.59890581,36.59890581,-121.85079106,"c(-121.85079106, 36.59890581)",Seaside
2015,2015-08-17,2015-08-17T08:06:00Z,Monday,FREMONT BL,ELM AV,N,N,NA,NA,4,0,1,A,03,C,C,A,H,A,N,N,N,N,N,0,0,1,0,0,0,0,0,0,SEASIDE,-121.84640174,36.60771553,36.60771553,-121.84640174,"c(-121.84640174, 36.60771553)",Seaside
2015,2015-08-27,2015-08-27T17:51:00Z,Thursday,REESIDE AV,RECREATIONAL TRL,NA,Y,NA,NA,3,0,1,A,09,D,G,A,D,A,N,Y,N,N,N,0,1,0,0,0,0,1,0,0,MONTEREY,NA,NA,0,0,"c(0, 0)",Other Unincorporated
2015,2015-09-09,2015-09-09T14:03:00Z,Wednesday,REESIDE AV,FOAM ST,E,N,NA,NA,3,0,1,A,17,D,G,A,H,A,N,Y,N,N,N,0,1,0,0,0,0,1,0,0,MONTEREY,-121.89718033,36.6102836,36.6102836,-121.89718033,"c(-121.89718033, 36.6102836)",Monterey
2015,2015-09-07,2015-09-07T09:25:00Z,Monday,RAMONA CT,RAMONA AV,E,N,NA,NA,4,0,2,A,21,C,C,A,H,A,N,N,N,N,N,0,0,2,0,0,0,0,0,0,MONTEREY,-121.85714958,36.59844611,36.59844611,-121.85714958,"c(-121.85714958, 36.59844611)",Monterey
2015,2015-09-04,2015-09-04T16:46:00Z,Friday,PACIFIC ST,COLTON ST,N,N,NA,NA,3,0,1,A,03,C,C,A,H,A,N,N,N,N,N,0,1,0,0,0,0,0,0,0,MONTEREY,-121.89866683,36.59219069,36.59219069,-121.89866683,"c(-121.89866683, 36.59219069)",Monterey
2015,2015-09-08,2015-09-08T18:31:00Z,Tuesday,MUNRAS AV,EL DORADO ST,NA,Y,NA,NA,3,0,1,A,10,G,B,B,H,A,Y,N,N,N,N,0,1,0,0,1,0,0,0,0,MONTEREY,-121.89351999,36.59282008,36.59282008,-121.89351999,"c(-121.89351999, 36.59282008)",Monterey
2015,2015-09-25,2015-09-25T16:44:00Z,Friday,CALIFORNIA AV,CARMEL AV,NA,Y,NA,NA,4,0,1,A,09,D,C,A,H,A,N,N,N,N,N,0,0,1,0,0,0,0,0,0,MARINA,-121.7875099,36.67696,36.67696,-121.7875099,"c(-121.7875099, 36.67696)",Marina
2015,2015-09-18,2015-09-18T11:02:00Z,Friday,MUNRAS AV,WEBSTER ST,N,N,NA,NA,3,0,1,A,10,G,B,B,H,A,Y,N,N,N,N,0,1,0,0,1,0,0,0,0,MONTEREY,-121.893714,36.59637445,36.59637445,-121.893714,"c(-121.893714, 36.59637445)",Monterey
2015,2015-09-28,2015-09-28T15:15:00Z,Monday,68,OLMSTED RD,E,N,68,H,4,0,1,A,03,C,C,A,H,A,N,N,N,N,N,0,0,1,0,0,0,0,0,0,MONTEREY,-121.84749571,36.58359214,36.58359214,-121.84749571,"c(-121.84749571, 36.58359214)",Monterey
2015,2015-09-02,2015-09-02T10:23:00Z,Wednesday,NORTH FREMONT ST,HANNON AV,W,N,NA,NA,3,0,1,A,08,D,C,A,H,A,N,N,Y,N,N,0,1,0,0,0,0,0,0,1,MONTEREY,-121.85460347,36.59746485,36.59746485,-121.85460347,"c(-121.85460347, 36.59746485)",Monterey
2015,2015-07-27,2015-07-27T12:56:00Z,Monday,FREMONT BL,HILBY AV,NA,Y,NA,NA,4,0,1,A,12,D,C,A,H,A,N,N,N,N,N,0,0,1,0,0,0,0,0,0,SEASIDE,-121.84881988,36.60261004,36.60261004,-121.84881988,"c(-121.84881988, 36.60261004)",Seaside
2015,2015-07-18,2015-07-18T11:04:00Z,Saturday,FREMONT BL,PLAYA AV,S,N,NA,NA,3,0,1,A,09,B,C,A,H,A,N,N,Y,N,N,0,1,0,0,0,0,0,0,1,SEASIDE,-121.84129869,36.61774263,36.61774263,-121.84129869,"c(-121.84129869, 36.61774263)",Seaside
2015,2015-07-05,2015-07-05T14:22:00Z,Sunday,FREMONT BL,SAN PABLO AV,N,N,NA,NA,4,0,2,A,04,C,C,A,H,A,N,N,N,N,N,0,0,2,0,0,0,0,0,0,SEASIDE,-121.84252571,36.61529259,36.61529259,-121.84252571,"c(-121.84252571, 36.61529259)",Seaside
2015,2015-08-11,2015-08-11T04:25:00Z,Tuesday,198,MAIN ST,E,N,198,H,4,0,1,A,03,E,I,A,H,D,N,N,N,N,N,0,0,1,0,0,0,0,0,0,UNINCORPORATED,-121.01177085,36.13170106,36.13170106,-121.01177085,"c(-121.01177085, 36.13170106)",Other Unincorporated
2015,2015-07-29,2015-07-29T07:30:00Z,Wednesday,101,JOLON RD,S,N,101,H,3,0,1,A,03,C,C,A,H,A,N,N,N,N,N,0,1,0,0,0,0,0,0,0,UNINCORPORATED,-120.7598029,35.84342314,35.84342314,-120.7598029,"c(-120.7598029, 35.84342314)",Parkfield
2015,2015-08-10,2015-08-10T05:40:00Z,Monday,ARROYO SECO RD,RT 101,W,N,NA,NA,3,0,3,A,09,D,C,A,H,D,N,N,N,N,N,0,2,1,0,0,0,0,0,0,UNINCORPORATED,-121.32152472,36.4014528,36.4014528,-121.32152472,"c(-121.32152472, 36.4014528)",Other Unincorporated
2015,2015-05-25,2015-05-25T03:20:00Z,Monday,N SANBORN,CIRCLE DR,NA,Y,NA,NA,3,0,1,A,11,G,B,B,H,C,Y,N,N,N,N,0,1,0,0,1,0,0,0,0,SALINAS,-121.62525994,36.67901002,36.67901002,-121.62525994,"c(-121.62525994, 36.67901002)",Salinas
2015,2015-05-13,2015-05-13T14:23:00Z,Wednesday,NORTH MAIN ST,NAVAJO DR,S,N,NA,NA,4,0,1,A,11,D,B,E,H,A,Y,N,N,N,N,0,0,1,0,1,0,0,0,0,SALINAS,-121.6530421,36.70465575,36.70465575,-121.6530421,"c(-121.6530421, 36.70465575)",Salinas
2015,2015-05-28,2015-05-28T11:48:00Z,Thursday,EAST BORONDA RD,DARTMOUTH WY,NA,Y,NA,NA,4,0,1,A,08,B,C,A,H,A,N,N,N,N,N,0,0,1,0,0,0,0,0,0,SALINAS,-121.64875997,36.71793011,36.71793011,-121.64875997,"c(-121.64875997, 36.71793011)",Salinas
2015,2015-06-07,2015-06-07T14:05:00Z,Sunday,IMJIN PW,RESERVATION RD,NA,Y,NA,NA,4,0,1,A,10,G,B,B,H,C,Y,N,N,N,N,0,0,1,0,1,0,0,0,0,MARINA,-121.76659991,36.67143003,36.67143003,-121.76659991,"c(-121.76659991, 36.67143003)",Marina
2015,2015-08-24,2015-08-24T12:13:00Z,Monday,SAN ANTONIO AV,4TH AV,S,N,NA,NA,3,0,1,A,08,E,I,A,H,A,N,N,N,N,N,0,1,0,0,0,0,0,0,0,CARMEL,-121.92789635,36.5567569,36.5567569,-121.92789635,"c(-121.92789635, 36.5567569)",Carmel-by-the-Sea
2015,2015-08-16,2015-08-16T14:30:00Z,Sunday,1,OLD COAST RD,N,N,1,H,3,0,1,A,08,H,G,A,H,A,N,Y,N,N,N,0,1,0,0,0,0,1,0,0,UNINCORPORATED,-121.90020385,36.38417942,36.38417942,-121.90020385,"c(-121.90020385, 36.38417942)",Other Unincorporated
2015,2015-09-07,2015-09-07T13:09:00Z,Monday,EAST MARKET ST,MERCED ST,NA,Y,NA,NA,3,0,2,A,09,D,C,A,H,A,N,N,N,N,N,0,1,1,0,0,0,0,0,0,SALINAS,-121.64231989,36.67811006,36.67811006,-121.64231989,"c(-121.64231989, 36.67811006)",Salinas
2015,2015-09-21,2015-09-21T16:41:00Z,Monday,WILLIAMS AV,TIERA,E,N,NA,NA,3,0,1,A,08,E,I,A,H,A,N,N,N,N,N,0,1,0,0,0,0,0,0,0,SEASIDE,-121.85080616,36.60079938,36.60079938,-121.85080616,"c(-121.85080616, 36.60079938)",Seaside
2015,2015-09-29,2015-09-29T10:33:00Z,Tuesday,ABBOTT ST,MAPLE ST,S,N,NA,NA,4,0,3,A,09,D,C,A,H,A,N,N,N,N,N,0,0,3,0,0,0,0,0,0,SALINAS,-121.64535539,36.66740719,36.66740719,-121.64535539,"c(-121.64535539, 36.66740719)",Salinas
2015,2015-09-22,2015-09-22T10:00:00Z,Tuesday,EAST LAUREL DR,RANCH VIEW LN,W,N,NA,NA,4,0,2,A,03,C,C,A,H,A,N,N,N,N,N,0,0,2,0,0,0,0,0,0,SALINAS,-121.62952719,36.69218083,36.69218083,-121.62952719,"c(-121.62952719, 36.69218083)",Salinas
2015,2015-09-09,2015-09-09T19:23:00Z,Wednesday,NORTH DAVIS RD,W ROSSI,S,N,NA,NA,3,0,3,C,18,C,C,A,H,B,N,N,N,N,N,0,1,2,0,0,0,0,0,0,SALINAS,-121.67195945,36.6883971,36.6883971,-121.67195945,"c(-121.67195945, 36.6883971)",Other Unincorporated
2015,2015-08-23,2015-08-23T16:29:00Z,Sunday,101,RT 156,S,N,101,H,4,0,5,A,03,C,A,A,H,A,N,N,N,N,N,0,0,5,0,0,0,0,0,0,UNINCORPORATED,-121.66767258,36.78874449,36.78874449,-121.66767258,"c(-121.66767258, 36.78874449)",Other Unincorporated
2015,2015-08-17,2015-08-17T17:41:00Z,Monday,156,CASTROVILLE BL,W,N,156,H,3,0,1,A,03,B,C,A,H,A,N,N,Y,N,N,0,1,0,0,0,0,0,0,1,UNINCORPORATED,-121.74963978,36.76388621,36.76388621,-121.74963978,"c(-121.74963978, 36.76388621)",Castroville
2015,2015-08-16,2015-08-16T12:52:00Z,Sunday,101,NORTH MAIN ST,S,N,101,H,4,0,1,A,03,C,C,A,H,A,N,N,N,N,N,0,0,1,0,0,0,0,0,0,SALINAS,-121.64226412,36.68078936,36.68078936,-121.64226412,"c(-121.64226412, 36.68078936)",Salinas
2015,2015-08-22,2015-08-22T16:37:00Z,Saturday,101,FRONT ST,N,N,101,H,4,0,3,A,08,E,I,A,H,A,N,N,N,N,N,0,0,3,0,0,0,0,0,0,UNINCORPORATED,-121.33704786,36.43133686,36.43133686,-121.33704786,"c(-121.33704786, 36.43133686)",Soledad
2015,2015-08-16,2015-08-16T12:27:00Z,Sunday,101,BORONDA RD,S,N,101,H,3,0,2,A,08,E,I,A,H,A,N,N,N,N,N,0,1,1,0,0,0,0,0,0,SALINAS,-121.66187293,36.71491179,36.71491179,-121.66187293,"c(-121.66187293, 36.71491179)",Salinas
2015,2015-08-12,2015-08-12T06:58:00Z,Wednesday,156,CASTROVILLE BL,E,N,156,H,4,0,1,A,09,A,C,A,H,A,N,N,N,N,N,0,0,1,0,0,0,0,0,0,UNINCORPORATED,-121.73125905,36.77189791,36.77189791,-121.73125905,"c(-121.73125905, 36.77189791)",Castroville
2015,2015-09-09,2015-09-09T19:42:00Z,Wednesday,MUNRAS AV,SOLEDAD DR,N,N,NA,NA,4,0,2,A,12,A,C,A,H,C,N,N,N,N,N,0,0,2,0,0,0,0,0,0,MONTEREY,-121.90179623,36.58344769,36.58344769,-121.90179623,"c(-121.90179623, 36.58344769)",Monterey
2015,2015-09-16,2015-09-16T11:09:00Z,Wednesday,E FRANKLIN ST,CORTES ST,NA,Y,NA,NA,4,0,1,A,09,D,C,A,H,A,N,N,N,N,N,0,0,1,0,0,0,0,0,0,MONTEREY,-121.88898998,36.59911006,36.59911006,-121.88898998,"c(-121.88898998, 36.59911006)",Monterey
2015,2015-09-17,2015-09-17T17:00:00Z,Thursday,NORTH FREMONT ST,CASANOVA AV,E,N,NA,NA,4,0,3,A,09,B,C,A,H,A,N,N,N,N,N,0,0,3,0,0,0,0,0,0,MONTEREY,-121.8524561,36.59789871,36.59789871,-121.8524561,"c(-121.8524561, 36.59789871)",Monterey
2015,2015-09-19,2015-09-19T12:36:00Z,Saturday,NORTH FREMONT ST,RAMONA AV,W,N,NA,NA,4,0,1,A,03,C,C,A,H,A,N,N,N,N,N,0,0,1,0,0,0,0,0,0,MONTEREY,-121.85632689,36.59719948,36.59719948,-121.85632689,"c(-121.85632689, 36.59719948)",Monterey
2015,2015-09-21,2015-09-21T11:01:00Z,Monday,FIGUEROA ST,DEL MONTE AV,N,N,NA,NA,3,0,1,A,09,D,G,A,H,A,N,Y,N,N,N,0,1,0,0,0,0,1,0,0,MONTEREY,-121.8899332,36.60082494,36.60082494,-121.8899332,"c(-121.8899332, 36.60082494)",Monterey
2015,2015-09-23,2015-09-23T23:14:00Z,Wednesday,OCEAN AV,5TH ST,S,N,NA,NA,3,0,1,A,00,B,E,E,H,C,Y,N,Y,N,N,0,1,0,0,1,0,0,0,0,MONTEREY,-121.87969662,36.5962713,36.5962713,-121.87969662,"c(-121.87969662, 36.5962713)",Monterey
2015,2015-09-06,2015-09-06T12:04:00Z,Sunday,IMJIN PKWY,2ND AV,E,N,NA,NA,4,0,1,A,07,B,C,A,H,A,N,N,N,N,N,0,0,1,0,0,0,0,0,0,MARINA,-121.80863876,36.6677035,36.6677035,-121.80863876,"c(-121.80863876, 36.6677035)",Marina
2015,2015-09-16,2015-09-16T07:48:00Z,Wednesday,CARMEL AV,CALIFORNIA AV,NA,Y,NA,NA,4,0,1,A,10,G,B,B,H,A,Y,N,N,N,N,0,0,1,0,1,0,0,0,0,MARINA,-121.7875099,36.67696,36.67696,-121.7875099,"c(-121.7875099, 36.67696)",Marina
2015,2015-09-03,2015-09-03T16:53:00Z,Thursday,IMJIN PW,3RD AV,S,N,NA,NA,3,0,1,A,03,C,C,A,H,A,N,N,N,N,Y,0,1,0,0,0,0,0,0,0,MARINA,-121.80453351,36.66647649,36.66647649,-121.80453351,"c(-121.80453351, 36.66647649)",Marina
2015,2015-09-15,2015-09-15T22:49:00Z,Tuesday,EAST MARKET ST,CARR AV,NA,Y,NA,NA,4,0,2,A,09,D,C,A,H,C,N,N,N,N,N,0,0,2,0,0,0,0,0,0,SALINAS,-121.63548986,36.67692011,36.67692011,-121.63548986,"c(-121.63548986, 36.67692011)",Salinas
2015,2015-09-03,2015-09-03T17:37:00Z,Thursday,MERRILL ST,ABBOTT ST,NA,Y,NA,NA,4,0,1,A,08,D,C,A,H,A,N,N,N,N,N,0,0,1,0,0,0,0,0,0,SALINAS,-121.63159994,36.65547006,36.65547006,-121.63159994,"c(-121.63159994, 36.65547006)",Salinas
2015,2015-09-08,2015-09-08T10:10:00Z,Tuesday,ST MICHAEL WY,NORTH MADEIRA AV,E,N,NA,NA,3,0,1,A,03,E,I,A,H,A,N,N,N,N,N,0,1,0,0,0,0,0,0,0,SALINAS,-121.63251798,36.68105549,36.68105549,-121.63251798,"c(-121.63251798, 36.68105549)",Salinas
2015,2015-09-09,2015-09-09T17:10:00Z,Wednesday,E ACACIA ST,CALIFORNIA ST,NA,Y,NA,NA,4,0,1,A,12,D,C,A,H,A,N,N,N,N,N,0,0,1,0,0,0,0,0,0,SALINAS,-121.65234997,36.66315009,36.66315009,-121.65234997,"c(-121.65234997, 36.66315009)",Salinas
2015,2015-09-13,2015-09-13T10:03:00Z,Sunday,ALISAL ST,SALINAS ST,NA,Y,NA,NA,4,0,1,A,12,-,-,A,H,A,N,N,N,N,N,0,0,1,0,0,0,0,0,0,SALINAS,-121.65602994,36.67362002,36.67362002,-121.65602994,"c(-121.65602994, 36.67362002)",Salinas
2015,2015-09-13,2015-09-13T15:38:00Z,Sunday,N MAIN,CURTIS,S,N,NA,NA,4,0,1,D,00,B,C,A,H,A,N,N,N,N,N,0,0,1,0,0,0,0,0,0,SALINAS,-121.65248532,36.70176279,36.70176279,-121.65248532,"c(-121.65248532, 36.70176279)",Salinas
2015,2015-09-22,2015-09-22T16:21:00Z,Tuesday,WILLIAMS RD,GARNER AV,NA,Y,NA,NA,3,0,3,A,09,D,C,A,H,A,N,N,N,N,Y,0,3,0,0,0,0,0,0,0,SALINAS,-121.60859996,36.67876009,36.67876009,-121.60859996,"c(-121.60859996, 36.67876009)",Salinas
2015,2015-09-06,2015-09-06T19:03:00Z,Sunday,NORTH SANBORN RD,GARNER AV,N,N,NA,NA,4,0,1,A,11,G,B,D,H,A,Y,N,N,N,Y,0,0,1,0,1,0,0,0,0,SALINAS,-121.61439499,36.68662711,36.68662711,-121.61439499,"c(-121.61439499, 36.68662711)",Salinas
2015,2015-09-07,2015-09-07T17:54:00Z,Monday,EAST MARKET ST,N HEBBRON AV,NA,Y,NA,NA,4,0,1,A,09,A,C,A,H,A,N,N,N,N,N,0,0,1,0,0,0,0,0,0,SALINAS,-121.63171997,36.67655003,36.67655003,-121.63171997,"c(-121.63171997, 36.67655003)",Salinas
2015,2015-09-06,2015-09-06T19:10:00Z,Sunday,E ALISAL,WOOD ST,NA,Y,NA,NA,4,0,1,A,12,B,C,A,H,B,N,N,N,N,N,0,0,1,0,0,0,0,0,0,SALINAS,-121.63539987,36.67370002,36.67370002,-121.63539987,"c(-121.63539987, 36.67370002)",Salinas
2015,2015-09-05,2015-09-05T21:33:00Z,Saturday,NORTH DAVIS RD,POST DR,NA,Y,NA,NA,4,0,2,A,12,A,C,A,H,C,N,N,N,N,N,0,0,2,0,0,0,0,0,0,SALINAS,-121.66875995,36.69607005,36.69607005,-121.66875995,"c(-121.66875995, 36.69607005)",Salinas
2015,2015-09-06,2015-09-06T21:18:00Z,Sunday,INDEPENDENCE BL,DANBURY ST,S,N,NA,NA,3,0,1,A,08,A,I,A,H,C,N,N,N,N,N,0,1,0,0,0,0,0,0,0,SALINAS,-121.6185558,36.71216372,36.71216372,-121.6185558,"c(-121.6185558, 36.71216372)",Salinas
2015,2015-09-14,2015-09-14T20:26:00Z,Monday,NORTH SANBORN RD,BUCKHORN DR,NA,Y,NA,NA,4,0,3,A,09,D,C,A,H,C,N,N,N,N,N,0,0,3,0,0,0,0,0,0,SALINAS,-121.59850991,36.69320008,36.69320008,-121.59850991,"c(-121.59850991, 36.69320008)",Salinas
2015,2015-09-05,2015-09-05T17:09:00Z,Saturday,EAST BERNAL DR,NORTH MAIN ST,E,N,NA,NA,3,0,1,A,09,D,C,A,H,A,N,N,N,N,N,0,1,0,0,0,0,0,0,0,SALINAS,-121.65185431,36.68995014,36.68995014,-121.65185431,"c(-121.65185431, 36.68995014)",Salinas
2015,2015-09-05,2015-09-05T10:27:00Z,Saturday,NORTH MAIN ST,E LAKE ST,N,N,NA,NA,4,0,1,A,03,C,C,A,H,A,N,N,N,N,N,0,0,1,0,0,0,0,0,0,SALINAS,-121.65443575,36.67992958,36.67992958,-121.65443575,"c(-121.65443575, 36.67992958)",Salinas
2015,2015-08-17,2015-08-17T20:10:00Z,Monday,68,SAN BENANCIO RD,W,N,68,H,4,0,1,A,03,C,C,A,H,C,N,N,N,N,Y,0,0,1,0,0,0,0,0,0,UNINCORPORATED,-121.72093337,36.57967198,36.57967198,-121.72093337,"c(-121.72093337, 36.57967198)",Other Unincorporated
2015,2015-07-09,2015-07-09T08:52:00Z,Thursday,SOUTH MAIN ST,E SAN JOAQUIN ST,NA,Y,NA,NA,4,0,1,A,03,C,C,A,H,-,N,N,N,N,N,0,0,1,0,0,0,0,0,0,SALINAS,-121.6590099,36.65887011,36.65887011,-121.6590099,"c(-121.6590099, 36.65887011)",Salinas
2015,2015-07-27,2015-07-27T09:08:00Z,Monday,EAST ROMIE LN,ALAMEDA AV,NA,Y,NA,NA,4,0,1,A,09,D,C,A,H,A,N,N,N,N,N,0,0,1,0,0,0,0,0,0,SALINAS,-121.64852987,36.66051002,36.66051002,-121.64852987,"c(-121.64852987, 36.66051002)",Salinas
2015,2015-05-24,2015-05-24T18:00:00Z,Sunday,MERCED ST,EAST MARKET ST,NA,Y,NA,NA,4,0,1,A,10,G,B,B,H,A,Y,N,N,N,Y,0,0,1,0,1,0,0,0,0,SALINAS,-121.64231989,36.67811006,36.67811006,-121.64231989,"c(-121.64231989, 36.67811006)",Salinas
2015,2015-05-23,2015-05-23T13:55:00Z,Saturday,W BERNAL DR,NORTH MAIN ST,NA,Y,NA,NA,3,0,1,A,05,A,G,A,H,A,N,Y,N,N,N,0,1,0,0,0,0,1,0,0,SALINAS,-121.65245986,36.68997008,36.68997008,-121.65245986,"c(-121.65245986, 36.68997008)",Salinas
2015,2015-05-27,2015-05-27T20:32:00Z,Wednesday,FREEDOM BL,RIDER AV,NA,Y,NA,NA,4,0,1,A,09,-,G,A,H,C,N,Y,N,N,Y,0,0,1,0,0,0,1,0,0,SALINAS,-121.60410991,36.69611012,36.69611012,-121.60410991,"c(-121.60410991, 36.69611012)",Salinas
2015,2015-08-21,2015-08-21T19:40:00Z,Friday,1,MILE POST MARKER 29,N,N,1,H,4,0,1,A,08,E,I,A,H,B,N,N,N,N,N,0,0,1,0,0,0,0,0,0,UNINCORPORATED,-121.61012056,36.07833347,36.07833347,-121.61012056,"c(-121.61012056, 36.07833347)",Big Sur
2015,2015-08-21,2015-08-21T17:24:00Z,Friday,DELMONTE AV,BLACKIE RD,S,N,NA,NA,3,0,1,A,09,A,A,A,H,A,N,N,N,N,N,0,1,0,0,0,0,0,0,0,UNINCORPORATED,-121.74413569,36.75794389,36.75794389,-121.74413569,"c(-121.74413569, 36.75794389)",Castroville
2015,2015-07-28,2015-07-28T22:20:00Z,Tuesday,ARROYO SECO RD,SYCAMORE FLATS RD,NA,Y,NA,NA,2,0,1,C,18,A,H,A,H,D,N,N,Y,N,N,1,0,0,0,0,0,0,0,1,UNINCORPORATED,-121.38896998,36.27059008,36.27059008,-121.38896998,"c(-121.38896998, 36.27059008)",Other Unincorporated
2015,2015-06-12,2015-06-12T10:38:00Z,Friday,MILDRED AV,BASSETT ST,NA,Y,NA,NA,4,0,4,A,12,D,C,A,H,A,N,N,N,N,N,0,0,4,0,0,0,0,0,0,KING CITY,-121.13124989,36.20878002,36.20878002,-121.13124989,"c(-121.13124989, 36.20878002)",King City
2015,2015-09-28,2015-09-29T01:00:00Z,Monday,218,SONOMA AV,E,N,218,H,4,0,1,A,03,C,-,A,H,A,N,N,N,N,N,0,0,1,0,0,0,0,0,0,SEASIDE,-121.85506138,36.60548445,36.60548445,-121.85506138,"c(-121.85506138, 36.60548445)",Seaside
2015,2015-09-30,2015-09-30T18:26:00Z,Wednesday,FREMONT BL,OLYMPIA AV,NA,Y,NA,NA,4,0,1,A,09,-,C,A,H,A,N,N,N,N,N,0,0,1,0,0,0,0,0,0,SEASIDE,-121.84514994,36.6101401,36.6101401,-121.84514994,"c(-121.84514994, 36.6101401)",Seaside
2015,2015-08-16,2015-08-16T18:10:00Z,Sunday,1,COAST RD,S,N,1,H,3,0,3,A,05,B,C,A,H,A,N,N,N,N,N,0,2,1,0,0,0,0,0,0,UNINCORPORATED,-121.82090783,36.27553426,36.27553426,-121.82090783,"c(-121.82090783, 36.27553426)",Big Sur
2015,2015-08-12,2015-08-12T22:40:00Z,Wednesday,AGUAJITO RD,MONHOLLAN RD,NA,Y,NA,NA,2,0,2,A,01,F,I,A,H,C,N,N,N,N,Y,1,1,0,0,0,0,0,0,0,UNINCORPORATED,-121.87409993,36.57536001,36.57536001,-121.87409993,"c(-121.87409993, 36.57536001)",Other Unincorporated
2015,2015-08-18,2015-08-18T17:45:00Z,Tuesday,RT 101,FRONT ST,N,N,NA,NA,4,0,1,A,03,C,C,A,H,A,N,N,N,N,N,0,0,1,0,0,0,0,0,0,UNINCORPORATED,-121.3390194,36.43425146,36.43425146,-121.3390194,"c(-121.3390194, 36.43425146)",Other Unincorporated
2015,2015-08-05,2015-08-05T14:30:00Z,Wednesday,SALINAS RD,LEWIS RD,NA,Y,NA,NA,4,0,2,A,09,D,C,A,H,A,N,N,N,N,N,0,0,2,0,0,0,0,0,0,UNINCORPORATED,-121.74731986,36.89099001,36.89099001,-121.74731986,"c(-121.74731986, 36.89099001)",Royal Oaks
2015,2015-08-06,2015-08-06T17:41:00Z,Thursday,MUNRAS AV,VIA ROBLES,NA,Y,NA,NA,4,0,1,A,09,D,C,A,H,A,N,N,N,N,N,0,0,1,0,0,0,0,0,0,MONTEREY,-121.89901994,36.58771001,36.58771001,-121.89901994,"c(-121.89901994, 36.58771001)",Monterey
2015,2015-08-10,2015-08-10T16:33:00Z,Monday,CARPENTER ST,1ST AV,N,N,NA,NA,4,0,1,A,03,C,C,A,H,A,N,N,N,N,N,0,0,1,0,0,0,0,0,0,CARMEL,-121.91563,36.56189121,36.56189121,-121.91563,"c(-121.91563, 36.56189121)",Carmel-by-the-Sea
2015,2015-08-10,2015-08-10T06:28:00Z,Monday,SALINAS RD,RT 1,E,N,NA,NA,4,0,1,A,03,C,C,A,H,A,N,N,N,N,N,0,0,1,0,0,0,0,0,0,UNINCORPORATED,-121.77025,36.86967,36.86967,-121.77025,"c(-121.77025, 36.86967)",Royal Oaks
2015,2015-08-12,2015-08-12T11:25:00Z,Wednesday,SCHULTE RD,VIA SERENO,E,N,NA,NA,3,0,1,C,18,D,H,A,H,A,N,N,Y,N,N,0,1,0,0,0,0,0,0,1,UNINCORPORATED,-121.83471348,36.52549472,36.52549472,-121.83471348,"c(-121.83471348, 36.52549472)",Other Unincorporated
2015,2015-08-12,2015-08-12T13:50:00Z,Wednesday,CACHAGUA RD,SUMMERHILL FARMS RD,S,N,NA,NA,3,0,1,A,03,F,I,A,H,A,N,N,N,N,N,0,1,0,0,0,0,0,0,0,UNINCORPORATED,NA,NA,0,0,"c(0, 0)",Other Unincorporated
2015,2015-08-22,2015-08-22T12:47:00Z,Saturday,MERIDIAN RD,ARCHER RD,E,N,NA,NA,3,0,1,A,01,E,I,A,H,A,N,N,N,N,Y,0,1,0,0,0,0,0,0,0,UNINCORPORATED,-121.69955052,36.78894991,36.78894991,-121.69955052,"c(-121.69955052, 36.78894991)",Other Unincorporated