ACCIDENT_YEAR,COLLISION_DATE,COLLISION_TIME,DAY_OF_WEEK,PRIMARY_RD,SECONDARY_RD,DIRECTION,INTERSECTION,STATE_ROUTE,LOCATION_TYPE,COLLISION_SEVERITY,NUMBER_KILLED,NUMBER_INJURED,PRIMARY_COLL_FACTOR,PCF_VIOL_CATEGORY,TYPE_OF_COLLISION,MVIW,PED_ACTION,ROAD_COND_1,LIGHTING,PEDESTRIAN_ACCIDENT,BICYCLE_ACCIDENT,MOTORCYCLE_ACCIDENT,TRUCK_ACCIDENT,ALCOHOL_INVOLVED,COUNT_SEVERE_INJ,COUNT_VISIBLE_INJ,COUNT_COMPLAINT_PAIN,COUNT_PED_KILLED,COUNT_PED_INJURED,COUNT_BICYCLIST_KILLED,COUNT_BICYCLIST_INJURED,COUNT_MC_KILLED,COUNT_MC_INJURED,CITY,POINT_X,POINT_Y,lat,lon,geometry,city_new
2015,2015-11-20,2015-11-20T16:25:00Z,Friday,NORTH FREMONT ST,CASANOVA AV,E,N,NA,NA,4,0,1,A,03,C,C,A,H,A,N,N,N,N,N,0,0,1,0,0,0,0,0,0,MONTEREY,-121.85268043,36.59782568,36.59782568,-121.85268043,"c(-121.85268043, 36.59782568)",Monterey
2015,2015-11-20,2015-11-20T16:05:00Z,Friday,GLENWOOD CIR,GLENWOOD CIR 500,W,N,NA,NA,3,0,2,A,09,D,C,A,H,A,N,N,N,N,N,0,1,1,0,0,0,0,0,0,MONTEREY,NA,NA,0,0,"c(0, 0)",Other Unincorporated
2015,2015-11-29,2015-11-29T12:10:00Z,Sunday,LIGHTHOUSE AV,WASHINGTON ST,N,N,NA,NA,4,0,1,A,03,B,C,A,H,A,N,N,N,N,N,0,0,1,0,0,0,0,0,0,MONTEREY,-121.89264865,36.60133502,36.60133502,-121.89264865,"c(-121.89264865, 36.60133502)",Monterey
2015,2015-11-21,2015-11-21T08:41:00Z,Saturday,CYPRESS AV,SUNSET AV,NA,Y,NA,NA,4,0,1,A,09,D,C,A,H,A,N,N,N,N,N,0,0,1,0,0,0,0,0,0,MARINA,-121.80223988,36.68033007,36.68033007,-121.80223988,"c(-121.80223988, 36.68033007)",Marina
2015,2015-12-05,2015-12-05T12:36:00Z,Saturday,8TH ST,CENTER ST,W,N,NA,NA,3,0,1,C,18,G,B,C,H,A,Y,N,N,N,N,0,1,0,0,1,0,0,0,0,GONZALES,-121.44691805,36.51070387,36.51070387,-121.44691805,"c(-121.44691805, 36.51070387)",Gonzales
2015,2015-11-19,2015-11-19T20:39:00Z,Thursday,EAST LAUREL DR,NORTH MAIN ST,E,N,NA,NA,3,0,2,A,03,C,C,A,H,C,N,N,N,N,Y,0,1,1,0,0,0,0,0,0,SALINAS,-121.65172494,36.699315,36.699315,-121.65172494,"c(-121.65172494, 36.699315)",Salinas
2015,2015-11-08,2015-11-08T15:03:00Z,Sunday,EAST LAUREL DR,GRANADA AV,NA,Y,NA,NA,3,0,1,A,09,A,C,A,H,A,N,N,N,N,Y,0,1,0,0,0,0,0,0,0,SALINAS,-121.64034988,36.69679003,36.69679003,-121.64034988,"c(-121.64034988, 36.69679003)",Salinas
2015,2015-11-04,2015-11-04T13:56:00Z,Wednesday,WILLIAMS RD,BARDIN RD,S,N,NA,NA,4,0,1,A,03,C,D,A,-,A,N,N,N,N,N,0,0,1,0,0,0,0,0,0,SALINAS,-121.6077273,36.67925472,36.67925472,-121.6077273,"c(-121.6077273, 36.67925472)",Salinas
2015,2015-11-02,2015-11-02T08:41:00Z,Monday,S ALVIN DR,WHEELER DR,NA,Y,NA,NA,4,0,1,A,09,D,C,A,H,A,N,N,N,N,N,0,0,1,0,0,0,0,0,0,SALINAS,-121.65197,36.70808003,36.70808003,-121.65197,"c(-121.65197, 36.70808003)",Salinas
2015,2015-11-05,2015-11-05T17:42:00Z,Thursday,NORTH MAIN ST,RUSSELL RD,S,N,NA,NA,4,0,1,A,07,B,C,A,H,C,N,N,N,N,N,0,0,1,0,0,0,0,0,0,SALINAS,-121.65626725,36.72962428,36.72962428,-121.65626725,"c(-121.65626725, 36.72962428)",Salinas
2015,2015-11-01,2015-11-01T00:00:00Z,Sunday,CONSTITUTION BL,FREEDOM BL,NA,Y,NA,NA,3,0,2,A,01,D,C,A,H,C,N,N,N,N,Y,0,2,0,0,0,0,0,0,0,SALINAS,-121.60972998,36.7007201,36.7007201,-121.60972998,"c(-121.60972998, 36.7007201)",Salinas
2015,2015-11-01,2015-11-01T00:01:00Z,Sunday,SANBORN RD,E ALISAL ST,N,N,NA,NA,4,0,2,A,08,D,C,A,H,C,N,N,N,N,N,0,0,2,0,0,0,0,0,0,SALINAS,-121.62744000000001,36.67291,36.67291,-121.62744000000001,"c(-121.62744, 36.67291)",Salinas
2015,2015-11-01,2015-11-01T12:01:00Z,Sunday,JOHN ST,PAJARO ST,NA,Y,NA,NA,3,0,1,A,01,E,I,A,H,A,N,N,N,N,N,0,1,0,0,0,0,0,0,0,SALINAS,-121.65220988,36.67050006,36.67050006,-121.65220988,"c(-121.65220988, 36.67050006)",Salinas
2015,2015-10-27,2015-10-27T17:09:00Z,Tuesday,RIDER AV,GARNER AV,N,N,NA,NA,3,0,1,A,09,D,C,A,H,A,N,N,N,N,N,0,1,0,0,0,0,0,0,0,SALINAS,-121.6161393,36.69022718,36.69022718,-121.6161393,"c(-121.6161393, 36.69022718)",Salinas
2015,2015-11-06,2015-11-06T09:07:00Z,Friday,N MAIN,W ALVIN DR,NA,Y,NA,NA,3,0,1,A,12,D,C,A,H,A,N,N,N,N,N,0,1,0,0,0,0,0,0,0,SALINAS,-121.65366994,36.70787004,36.70787004,-121.65366994,"c(-121.65366994, 36.70787004)",Salinas
2015,2015-10-22,2015-10-22T06:55:00Z,Thursday,NORTH SANBORN RD,ACOSTA PLZ,N,N,NA,NA,4,0,1,A,03,C,C,A,H,A,N,N,N,N,N,0,0,1,0,0,0,0,0,0,SALINAS,-121.61969961,36.68362799,36.68362799,-121.61969961,"c(-121.61969961, 36.68362799)",Salinas
2015,2015-11-02,2015-11-02T08:06:00Z,Monday,CALLE DEL ADOBE,POST DR,NA,Y,NA,NA,4,0,1,A,08,D,C,A,H,A,N,N,N,N,N,0,0,1,0,0,0,0,0,0,SALINAS,-121.6706999,36.69803007,36.69803007,-121.6706999,"c(-121.6706999, 36.69803007)",Other Unincorporated
2015,2015-10-21,2015-10-21T08:31:00Z,Wednesday,CENTRAL AV,UNIVERSITY AV,NA,Y,NA,NA,4,0,2,A,09,D,C,A,H,A,N,N,N,N,N,0,0,2,0,0,0,0,0,0,SALINAS,-121.67413,36.67523004,36.67523004,-121.67413,"c(-121.67413, 36.67523004)",Salinas
2015,2015-11-02,2015-11-02T12:33:00Z,Monday,CHURCH ST,SAN LUIS ST,NA,Y,NA,NA,4,0,1,A,05,A,C,A,H,A,N,N,N,N,N,0,0,1,0,0,0,0,0,0,SALINAS,-121.65753996,36.67153009,36.67153009,-121.65753996,"c(-121.65753996, 36.67153009)",Salinas
2015,2015-10-24,2015-10-24T17:14:00Z,Saturday,KERN ST,EAST MARKET ST,N,N,NA,NA,4,0,1,A,08,B,C,A,H,A,N,N,N,N,N,0,0,1,0,0,0,0,0,0,SALINAS,-121.64008,36.67741747,36.67741747,-121.64008,"c(-121.64008, 36.67741747)",Salinas
2015,2015-10-25,2015-10-25T19:39:00Z,Sunday,SOUTH SANBORN RD,MCGOWAN DR,NA,Y,NA,NA,4,0,1,A,09,A,C,A,H,C,N,N,N,N,N,0,0,1,0,0,0,0,0,0,SALINAS,-121.62757987,36.67092011,36.67092011,-121.62757987,"c(-121.62757987, 36.67092011)",Salinas
2015,2015-11-20,2015-11-20T16:23:00Z,Friday,183,CAPITOL ST,W,N,183,H,4,0,1,A,08,B,C,A,H,A,N,N,N,N,N,0,0,1,0,0,0,0,0,0,SALINAS,-121.66153223,36.67962505,36.67962505,-121.66153223,"c(-121.66153223, 36.67962505)",Salinas
2015,2015-10-30,2015-10-30T18:47:00Z,Friday,BORONDA RD,MCKINNON,E,N,NA,NA,4,0,1,A,03,C,C,A,H,C,N,N,N,N,N,0,0,1,0,0,0,0,0,0,SALINAS,-121.64265621,36.71690857,36.71690857,-121.64265621,"c(-121.64265621, 36.71690857)",Salinas
2015,2015-11-29,2015-11-29T01:32:00Z,Sunday,EAST BORONDA RD,DARTMOUTH WY,E,N,NA,NA,3,0,3,A,05,A,C,A,H,C,N,N,N,N,Y,0,2,1,0,0,0,0,0,0,SALINAS,-121.6485297,36.71784013,36.71784013,-121.6485297,"c(-121.6485297, 36.71784013)",Salinas
2015,2015-10-10,2015-10-10T20:03:00Z,Saturday,OCEAN AV,JUNIPERO AV,E,N,NA,NA,4,0,1,A,03,C,C,A,H,D,N,N,N,N,N,0,0,1,0,0,0,0,0,0,CARMEL,-121.91997443,36.55509,36.55509,-121.91997443,"c(-121.91997443, 36.55509)",Carmel-by-the-Sea
2015,2015-08-31,2015-08-31T11:08:00Z,Monday,EAST BORONDA RD,CONSTITUTION BL,E,N,NA,NA,3,0,1,A,03,C,C,A,H,A,N,N,N,N,N,0,1,0,0,0,0,0,0,0,SALINAS,-121.60299914,36.70365948,36.70365948,-121.60299914,"c(-121.60299914, 36.70365948)",Salinas
2015,2015-08-24,2015-08-24T19:08:00Z,Monday,W ALISAL ST,SAN VICENTE AV,E,N,NA,NA,3,0,1,A,10,G,B,B,H,A,Y,N,N,N,N,0,1,0,0,1,0,0,0,0,SALINAS,-121.66752981,36.67210268,36.67210268,-121.66752981,"c(-121.66752981, 36.67210268)",Salinas
2015,2015-08-19,2015-08-19T21:53:00Z,Wednesday,RHODE ISLAND ST,CONSTITUTION,E,N,NA,NA,3,0,1,A,08,A,E,A,H,C,N,N,N,N,N,0,1,0,0,0,0,0,0,0,SALINAS,-121.60528832,36.7035556,36.7035556,-121.60528832,"c(-121.60528832, 36.7035556)",Salinas
2015,2015-08-31,2015-08-31T09:21:00Z,Monday,W ALISAL ST,BELLARMINE DR,NA,Y,NA,NA,4,0,1,A,09,D,C,A,H,A,N,N,N,N,N,0,0,1,0,0,0,0,0,0,SALINAS,-121.67468988,36.66781005,36.66781005,-121.67468988,"c(-121.67468988, 36.66781005)",Salinas
2015,2015-08-26,2015-08-26T07:17:00Z,Wednesday,SAN JUAN GRADE,RUSSELL RD,NA,Y,NA,NA,4,0,2,A,05,A,C,A,H,A,N,N,N,N,N,0,0,2,0,0,0,0,0,0,SALINAS,-121.6410899,36.73016006,36.73016006,-121.6410899,"c(-121.6410899, 36.73016006)",Salinas
2015,2015-08-08,2015-08-08T16:47:00Z,Saturday,VICTOR,VAN NESS,NA,Y,NA,NA,4,0,1,A,03,B,D,A,H,A,N,N,N,N,N,0,0,1,0,0,0,0,0,0,SALINAS,-121.66521995,36.68871001,36.68871001,-121.66521995,"c(-121.66521995, 36.68871001)",Salinas
2015,2015-08-30,2015-08-30T14:50:00Z,Sunday,JOHN ST,S HEBRON,NA,Y,NA,NA,4,0,1,A,03,D,C,A,H,A,N,N,N,N,N,0,0,1,0,0,0,0,0,0,SALINAS,-121.63280986,36.66988011,36.66988011,-121.63280986,"c(-121.63280986, 36.66988011)",Salinas
2017,2017-06-20,2017-06-20T02:55:00Z,Tuesday,MARIN AV,SUTTER ST,N,N,NA,NA,4,0,1,A,08,A,E,A,H,C,N,N,N,N,N,0,0,1,0,0,0,0,0,0,SALINAS,-121.63236826,36.70467232,36.70467232,-121.63236826,"c(-121.63236826, 36.70467232)",Salinas
2015,2015-12-09,2015-12-09T17:18:00Z,Wednesday,FOAM ST,CANNERY ROW,N,N,NA,NA,3,0,1,A,03,C,C,A,H,C,N,N,Y,N,N,0,1,0,0,0,0,0,0,1,MONTEREY,-121.89690775,36.60935258,36.60935258,-121.89690775,"c(-121.89690775, 36.60935258)",Monterey
2015,2015-11-26,2015-11-26T11:51:00Z,Thursday,68,JOSSELYN CANYON RD,W,N,68,H,4,0,1,A,03,C,C,A,H,A,N,N,N,N,N,0,0,1,0,0,0,0,0,0,MONTEREY,-121.85566119,36.58348841,36.58348841,-121.85566119,"c(-121.85566119, 36.58348841)",Monterey
2015,2015-11-28,2015-11-28T15:12:00Z,Saturday,PRESCOTT AV,CANNERY ROW,W,N,NA,NA,4,0,1,-,-,D,G,A,H,A,N,Y,N,N,N,0,0,1,0,0,0,1,0,0,MONTEREY,-121.90060726,36.6158284,36.6158284,-121.90060726,"c(-121.90060726, 36.6158284)",Monterey
2015,2015-10-14,2015-10-14T19:59:00Z,Wednesday,2ND AV,BELLEHAVEN ST,N,N,NA,NA,3,0,2,A,08,F,E,A,H,C,N,N,N,N,N,0,2,0,0,0,0,0,0,0,SALINAS,-121.61326451,36.6801004,36.6801004,-121.61326451,"c(-121.61326451, 36.6801004)",Salinas
2015,2015-10-21,2015-10-21T17:45:00Z,Wednesday,EAST LAUREL DR,CONSTITUTION BL,W,N,NA,NA,4,0,1,A,21,C,C,A,H,A,N,N,N,N,N,0,0,1,0,0,0,0,0,0,SALINAS,-121.63293075,36.69485358,36.69485358,-121.63293075,"c(-121.63293075, 36.69485358)",Salinas
2015,2015-10-09,2015-10-09T07:04:00Z,Friday,BORONDA RD,NORTH MAIN ST,NA,Y,NA,NA,4,0,1,A,07,B,C,A,H,A,N,N,N,N,N,0,0,1,0,0,0,0,0,0,SALINAS,-121.65622992,36.72162011,36.72162011,-121.65622992,"c(-121.65622992, 36.72162011)",Salinas
2015,2015-10-30,2015-10-30T15:38:00Z,Friday,AIRPORT RD,ROY DIAZ RD,S,N,NA,NA,4,0,1,A,05,B,C,A,H,A,N,N,N,N,N,0,0,1,0,0,0,0,0,0,SALINAS,-121.62281,36.66085,36.66085,-121.62281,"c(-121.62281, 36.66085)",Salinas
2015,2015-10-29,2015-10-29T18:54:00Z,Thursday,NORTH MAIN ST,HARDEN PKWY,N,N,NA,NA,3,0,1,A,05,D,G,A,H,C,N,Y,N,N,N,0,1,0,0,0,0,1,0,0,SALINAS,-121.65485788,36.71502827,36.71502827,-121.65485788,"c(-121.65485788, 36.71502827)",Salinas
2015,2015-10-26,2015-10-26T20:35:00Z,Monday,NORTH MAIN ST,ROCHEX AV,NA,Y,NA,NA,4,0,1,A,05,D,G,A,H,C,N,Y,N,N,N,0,0,1,0,0,0,1,0,0,SALINAS,-121.65223989,36.70054003,36.70054003,-121.65223989,"c(-121.65223989, 36.70054003)",Salinas
2015,2015-10-05,2015-10-05T15:57:00Z,Monday,NORTH SANBORN RD,CIRCLE DR,S,N,NA,NA,4,0,1,A,08,-,C,A,H,A,N,N,N,N,Y,0,0,1,0,0,0,0,0,0,SALINAS,-121.62529492,36.6789628,36.6789628,-121.62529492,"c(-121.62529492, 36.6789628)",Salinas
2015,2015-10-24,2015-10-24T18:22:00Z,Saturday,BORONDA,DARTMOUTH WY,W,N,NA,NA,4,0,1,A,01,D,C,A,H,C,N,N,N,N,Y,0,0,1,0,0,0,0,0,0,SALINAS,-121.64990152,36.71866122,36.71866122,-121.64990152,"c(-121.64990152, 36.71866122)",Salinas
2015,2015-10-24,2015-10-24T08:01:00Z,Saturday,N MAIN,ROSSI,S,N,NA,NA,4,0,2,A,04,-,C,A,H,A,N,N,N,N,N,0,0,2,0,0,0,0,0,0,SALINAS,-121.65420114,36.68058129,36.68058129,-121.65420114,"c(-121.65420114, 36.68058129)",Salinas
2015,2015-10-12,2015-10-12T13:59:00Z,Monday,W ALISAL ST,HOMESTEAD AV,NA,Y,NA,NA,3,0,1,A,09,D,C,A,H,A,N,N,N,N,N,0,1,0,0,0,0,0,0,0,SALINAS,-121.66437986,36.67252007,36.67252007,-121.66437986,"c(-121.66437986, 36.67252007)",Salinas
2015,2015-10-25,2015-10-25T08:13:00Z,Sunday,CHAPARRAL ST,LINWOOD DR,E,N,NA,NA,3,0,1,A,10,G,B,B,H,A,Y,N,N,N,N,0,1,0,0,1,0,0,0,0,SALINAS,-121.64250039,36.70204526,36.70204526,-121.64250039,"c(-121.64250039, 36.70204526)",Salinas
2015,2015-10-05,2015-10-05T10:17:00Z,Monday,NORTH MAIN ST,BOLIVAR ST,E,N,NA,NA,3,0,1,A,10,G,B,B,H,C,Y,N,N,N,N,0,1,0,0,1,0,0,0,0,SALINAS,-121.65637,36.72505,36.72505,-121.65637,"c(-121.65637, 36.72505)",Salinas
2015,2015-10-04,2015-10-04T20:24:00Z,Sunday,W ALISAL ST,SALINAS ST,NA,Y,NA,NA,4,0,2,A,12,D,C,A,H,C,N,N,N,N,N,0,0,2,0,0,0,0,0,0,SALINAS,-121.65602994,36.67362002,36.67362002,-121.65602994,"c(-121.65602994, 36.67362002)",Salinas
2015,2015-10-26,2015-10-26T08:36:00Z,Monday,HARKINS RD,ABBOTT,W,N,NA,NA,4,0,2,A,07,B,C,A,H,A,N,N,N,N,N,0,0,2,0,0,0,0,0,0,SALINAS,-121.62722973,36.65254884,36.65254884,-121.62722973,"c(-121.62722973, 36.65254884)",Salinas
2015,2015-10-10,2015-10-10T02:32:00Z,Saturday,LARKIN ST,VICTOR ST,E,N,NA,NA,3,0,1,A,06,C,E,A,H,D,N,N,N,N,Y,0,1,0,0,0,0,0,0,0,SALINAS,-121.660867,36.69010561,36.69010561,-121.660867,"c(-121.660867, 36.69010561)",Salinas
2015,2015-09-23,2015-09-23T15:12:00Z,Wednesday,W ACACIA,BEL AIR WY,NA,Y,NA,NA,4,0,1,A,01,B,E,A,H,A,N,N,N,N,Y,0,0,1,0,0,0,0,0,0,SALINAS,-121.67339987,36.66974001,36.66974001,-121.67339987,"c(-121.67339987, 36.66974001)",Salinas
2015,2015-09-19,2015-09-19T12:55:00Z,Saturday,EAST LAUREL DR,TERRA DR,NA,Y,NA,NA,3,0,1,A,09,D,C,A,H,-,N,N,N,N,N,0,1,0,0,0,0,0,0,0,SALINAS,-121.64881986,36.6986501,36.6986501,-121.64881986,"c(-121.64881986, 36.6986501)",Salinas
2015,2015-09-18,2015-09-18T08:04:00Z,Friday,ROSSI ST,NORTH MAIN ST,NA,Y,NA,NA,4,0,1,A,07,C,C,A,H,A,N,N,N,N,N,0,0,1,0,0,0,0,0,0,SALINAS,-121.65408995,36.68089008,36.68089008,-121.65408995,"c(-121.65408995, 36.68089008)",Salinas
2015,2015-09-24,2015-09-24T14:44:00Z,Thursday,EAST LAUREL DR,MARYAL DR,NA,Y,NA,NA,3,0,3,A,17,A,C,A,H,A,N,N,N,N,N,0,1,2,0,0,0,0,0,0,SALINAS,-121.64687991,36.6982301,36.6982301,-121.64687991,"c(-121.64687991, 36.6982301)",Salinas
2015,2015-09-23,2015-09-23T15:10:00Z,Wednesday,W ACACIA,CHALON CT,NA,Y,NA,NA,4,0,1,A,01,B,E,A,G,A,N,N,N,N,Y,0,0,1,0,0,0,0,0,0,SALINAS,-121.67417998,36.67004006,36.67004006,-121.67417998,"c(-121.67417998, 36.67004006)",Salinas
2015,2015-09-29,2015-09-29T06:42:00Z,Tuesday,WEST MARKET,SALINAS ST,NA,Y,NA,NA,4,0,2,A,12,D,C,A,H,A,N,N,N,N,N,0,0,2,0,0,0,0,0,0,SALINAS,-121.6559399,36.67761001,36.67761001,-121.6559399,"c(-121.6559399, 36.67761001)",Salinas
2015,2015-09-08,2015-09-08T07:12:00Z,Tuesday,NORTH SANBORN RD,FREEDOM PKWY,NA,Y,NA,NA,2,0,1,A,12,G,G,A,H,A,N,Y,N,N,N,1,0,0,0,0,0,1,0,0,SALINAS,-121.60134986,36.69213004,36.69213004,-121.60134986,"c(-121.60134986, 36.69213004)",Salinas
2015,2015-09-17,2015-09-17T17:29:00Z,Thursday,NORTH MAIN ST,SANTA CLARA AV,S,N,NA,NA,4,0,1,A,03,C,C,A,H,A,N,N,N,N,N,0,0,1,0,0,0,0,0,0,SALINAS,-121.65242505,36.68769575,36.68769575,-121.65242505,"c(-121.65242505, 36.68769575)",Salinas
2015,2015-09-18,2015-09-18T08:20:00Z,Friday,NORTH MAIN ST,NAVAJO DR,S,N,NA,NA,4,0,1,A,05,G,G,A,H,A,N,Y,N,N,N,0,0,1,0,0,0,1,0,0,SALINAS,-121.6530421,36.70465575,36.70465575,-121.6530421,"c(-121.6530421, 36.70465575)",Salinas
2015,2015-11-22,2015-11-22T22:35:00Z,Sunday,FAIRHAVEN ST,2ND AV,NA,Y,NA,NA,4,0,1,A,01,A,C,A,H,C,N,N,N,N,Y,0,0,1,0,0,0,0,0,0,SALINAS,-121.61509986,36.67903011,36.67903011,-121.61509986,"c(-121.61509986, 36.67903011)",Salinas
2015,2015-11-19,2015-11-19T00:07:00Z,Thursday,OLD STAGE RD,WILLIAMS RD,W,N,NA,NA,3,0,1,A,08,A,I,A,H,D,N,N,N,N,N,0,1,0,0,0,0,0,0,0,SALINAS,-121.59361524,36.72090863,36.72090863,-121.59361524,"c(-121.59361524, 36.72090863)",Other Unincorporated
2015,2015-11-11,2015-11-11T23:27:00Z,Wednesday,EAST LAUREL DR,CONSTITUTION BL,W,N,NA,NA,4,0,1,A,05,E,I,A,H,C,N,N,N,N,N,0,0,1,0,0,0,0,0,0,SALINAS,-121.63345312,36.69508474,36.69508474,-121.63345312,"c(-121.63345312, 36.69508474)",Salinas
2015,2015-09-18,2015-09-18T16:14:00Z,Friday,SANBORN,S JOHN ST,S,N,NA,NA,4,0,1,A,03,C,C,A,H,A,N,N,N,N,N,0,0,1,0,0,0,0,0,0,SALINAS,-121.62777174,36.66869654,36.66869654,-121.62777174,"c(-121.62777174, 36.66869654)",Salinas
2015,2015-10-31,2015-10-31T17:41:00Z,Saturday,WEST SAN LUIS ST,SALINAS ST,NA,Y,NA,NA,4,0,3,A,12,-,C,A,H,B,N,N,N,N,N,0,0,3,0,0,0,0,0,0,SALINAS,-121.65565992,36.67181007,36.67181007,-121.65565992,"c(-121.65565992, 36.67181007)",Salinas
2015,2015-10-27,2015-10-27T18:54:00Z,Tuesday,SHERWOOD DR,CALLE CEBU ST,NA,Y,NA,NA,4,0,1,A,03,C,C,A,H,C,N,N,N,N,N,0,0,1,0,0,0,0,0,0,SALINAS,-121.65036996,36.68020007,36.68020007,-121.65036996,"c(-121.65036996, 36.68020007)",Salinas
2015,2015-09-12,2015-09-12T20:06:00Z,Saturday,WILSON ST,SANTA BARBARA AV,E,N,NA,NA,2,0,2,A,01,E,I,A,H,D,N,N,N,N,Y,1,1,0,0,0,0,0,0,0,SALINAS,-121.66925897,36.67908668,36.67908668,-121.66925897,"c(-121.66925897, 36.67908668)",Salinas
2015,2015-12-18,2015-12-18T15:54:00Z,Friday,TYLER ST,FRANKLIN ST,NA,N,NA,NA,3,0,1,A,12,D,C,A,H,A,N,N,N,N,N,0,1,0,0,0,0,0,0,0,MONTEREY,-121.89344993,36.59984009,36.59984009,-121.89344993,"c(-121.89344993, 36.59984009)",Monterey
2015,2015-12-10,2015-12-10T17:45:00Z,Thursday,NORTH FREMONT ST,RAMONA AV,E,N,NA,NA,4,0,2,A,09,D,C,A,H,C,N,N,N,N,N,0,0,2,0,0,0,0,0,0,MONTEREY,-121.8553898,36.59734388,36.59734388,-121.8553898,"c(-121.8553898, 36.59734388)",Monterey
2015,2015-12-14,2015-12-14T19:38:00Z,Monday,1,SOLEDAD DR,NA,Y,1,R,3,0,2,A,12,D,C,A,H,C,N,N,N,N,Y,0,1,1,0,0,0,0,0,0,MONTEREY,-121.90008322,36.5818364,36.5818364,-121.90008322,"c(-121.90008322, 36.5818364)",Monterey
2015,2015-12-02,2015-12-02T17:30:00Z,Wednesday,IRIS CANYON RD,BARNET SEGAL LN,NA,Y,NA,NA,4,0,1,A,03,D,C,A,H,D,N,N,N,N,N,0,0,1,0,0,0,0,0,0,MONTEREY,-121.89249,36.58060005,36.58060005,-121.89249,"c(-121.89249, 36.58060005)",Monterey
2015,2015-12-14,2015-12-14T17:10:00Z,Monday,DAVID AV,TAYLOR ST,W,N,NA,NA,4,0,1,A,08,B,C,A,H,C,N,N,N,N,N,0,0,1,0,0,0,0,0,0,MONTEREY,-121.91794467,36.61045941,36.61045941,-121.91794467,"c(-121.91794467, 36.61045941)",Monterey
2015,2015-12-07,2015-12-07T11:08:00Z,Monday,BEACH RD,MARINA DR,W,N,NA,NA,3,0,2,A,06,D,C,A,H,A,N,N,N,Y,N,0,1,1,0,0,0,0,0,0,MARINA,-121.79934986,36.69452226,36.69452226,-121.79934986,"c(-121.79934986, 36.69452226)",Marina
2016,2016-01-01,2016-01-01T16:30:00Z,Friday,CRESCENT AV,RESERVATION RD,S,N,NA,NA,3,0,1,A,03,F,J,A,H,A,N,N,Y,N,Y,0,1,0,0,0,0,0,0,1,MARINA,-121.79213016,36.68342157,36.68342157,-121.79213016,"c(-121.79213016, 36.68342157)",Marina
2015,2015-12-03,2015-12-03T14:43:00Z,Thursday,HARDING ST,WANDA AV,N,N,NA,NA,3,0,1,A,08,G,B,E,H,A,Y,N,N,N,N,0,1,0,0,1,0,0,0,0,SEASIDE,-121.83332823,36.60492854,36.60492854,-121.83332823,"c(-121.83332823, 36.60492854)",Seaside
2016,2016-01-05,2016-01-05T14:47:00Z,Tuesday,DEL MONTE BL,PALM AV,S,N,NA,NA,3,0,2,C,18,C,E,A,H,A,N,N,N,Y,N,0,2,0,0,0,0,0,0,0,MARINA,-121.80386,36.68327,36.68327,-121.80386,"c(-121.80386, 36.68327)",Marina
2016,2016-01-09,2016-01-09T02:31:00Z,Saturday,2ND AV,10TH ST,N,N,NA,NA,4,0,1,A,03,E,I,A,H,C,N,N,N,N,N,0,0,1,0,0,0,0,0,0,MARINA,-121.80930201,36.66508921,36.66508921,-121.80930201,"c(-121.80930201, 36.66508921)",Marina
2016,2016-01-05,2016-01-05T13:33:00Z,Tuesday,MAIN ST,MONTEREY ST,W,N,NA,NA,3,0,1,A,-,G,B,B,H,A,Y,N,N,N,Y,0,1,0,0,1,0,0,0,0,SOLEDAD,-121.32833007,36.42778599,36.42778599,-121.32833007,"c(-121.32833007, 36.42778599)",Soledad
2016,2016-01-24,2016-01-24T07:20:00Z,Sunday,MONTEREY ST,OAK ST,NA,Y,NA,NA,4,0,1,A,12,D,C,A,H,A,N,N,N,N,N,0,0,1,0,0,0,0,0,0,SOLEDAD,-121.32340993,36.42481005,36.42481005,-121.32340993,"c(-121.32340993, 36.42481005)",Soledad
2016,2016-01-30,2016-01-30T20:58:00Z,Saturday,FRONT ST,NESTLES RD,W,N,NA,NA,4,0,1,A,04,C,C,A,H,C,N,N,N,N,N,0,0,1,0,0,0,0,0,0,SOLEDAD,-121.32273999,36.42034008,36.42034008,-121.32273999,"c(-121.32273999, 36.42034008)",Soledad
2015,2015-12-07,2015-12-07T17:06:00Z,Monday,MONTEREY ST,DIXIE ST,NA,Y,NA,NA,4,0,1,A,09,D,G,A,H,C,N,Y,N,N,N,0,0,1,0,0,0,1,0,0,SOLEDAD,-121.32434998,36.42542002,36.42542002,-121.32434998,"c(-121.32434998, 36.42542002)",Soledad
2015,2015-12-12,2015-12-12T17:29:00Z,Saturday,MONTEREY ST,MAIN ST,N,N,NA,NA,4,0,1,A,03,G,-,D,H,C,Y,N,N,N,N,0,0,1,0,1,0,0,0,0,SOLEDAD,-121.32837543,36.42803302,36.42803302,-121.32837543,"c(-121.32837543, 36.42803302)",Soledad
2015,2015-12-12,2015-12-12T15:05:00Z,Saturday,BENITO ST,MARKET ST,NA,Y,NA,NA,3,0,1,A,12,C,C,A,H,A,N,N,Y,N,N,0,1,0,0,0,0,0,0,0,SOLEDAD,-121.3292,36.43025012,36.43025012,-121.3292,"c(-121.3292, 36.43025012)",Soledad
2016,2016-01-25,2016-01-25T15:48:00Z,Monday,RESERVATION RD,DE FOREST RD,W,N,NA,NA,4,0,3,A,03,C,C,A,H,A,N,N,N,N,N,0,0,3,0,0,0,0,0,0,MARINA,-121.79411694,36.68490831,36.68490831,-121.79411694,"c(-121.79411694, 36.68490831)",Marina
2015,2015-08-31,2015-08-31T11:24:00Z,Monday,NORTH DAVIS RD,WESTRIDGE PKWY,NA,Y,NA,NA,4,0,1,A,12,D,C,A,H,A,N,N,N,N,N,0,0,1,0,0,0,0,0,0,SALINAS,-121.66692989,36.7040001,36.7040001,-121.66692989,"c(-121.66692989, 36.7040001)",Salinas
2015,2015-08-19,2015-08-19T20:42:00Z,Wednesday,NORTH SANBORN RD,FREEDOM PKWY,NA,Y,NA,NA,2,0,5,A,09,A,C,A,H,C,N,N,N,N,N,3,1,1,0,0,0,0,0,0,SALINAS,-121.60134986,36.69213004,36.69213004,-121.60134986,"c(-121.60134986, 36.69213004)",Salinas