ACCIDENT_YEAR,COLLISION_DATE,COLLISION_TIME,DAY_OF_WEEK,PRIMARY_RD,SECONDARY_RD,DIRECTION,INTERSECTION,STATE_ROUTE,LOCATION_TYPE,COLLISION_SEVERITY,NUMBER_KILLED,NUMBER_INJURED,PRIMARY_COLL_FACTOR,PCF_VIOL_CATEGORY,TYPE_OF_COLLISION,MVIW,PED_ACTION,ROAD_COND_1,LIGHTING,PEDESTRIAN_ACCIDENT,BICYCLE_ACCIDENT,MOTORCYCLE_ACCIDENT,TRUCK_ACCIDENT,ALCOHOL_INVOLVED,COUNT_SEVERE_INJ,COUNT_VISIBLE_INJ,COUNT_COMPLAINT_PAIN,COUNT_PED_KILLED,COUNT_PED_INJURED,COUNT_BICYCLIST_KILLED,COUNT_BICYCLIST_INJURED,COUNT_MC_KILLED,COUNT_MC_INJURED,CITY,POINT_X,POINT_Y,lat,lon,geometry,city_new
2015,2015-11-10,2015-11-10T17:49:00Z,Tuesday,ABBOTT ST,HARRIS RD,N,N,NA,NA,4,0,1,A,21,B,C,A,H,C,N,N,N,N,N,0,0,1,0,0,0,0,0,0,SALINAS,-121.61215222,36.64485747,36.64485747,-121.61215222,"c(-121.61215222, 36.64485747)",Other Unincorporated
2015,2015-11-23,2015-11-23T18:39:00Z,Monday,WILLIAMS RD,DEL MONTE AV,N,N,NA,NA,4,0,1,A,04,C,C,A,H,C,N,N,N,N,Y,0,0,1,0,0,0,0,0,0,SALINAS,-121.60411982,36.68130405,36.68130405,-121.60411982,"c(-121.60411982, 36.68130405)",Salinas
2015,2015-11-11,2015-11-11T19:28:00Z,Wednesday,CONSTITUTION BL,INDEPENDENCE BL,E,N,NA,NA,4,0,1,A,08,E,I,A,H,C,N,N,N,N,N,0,0,1,0,0,0,0,0,0,SALINAS,-121.61968874,36.70034646,36.70034646,-121.61968874,"c(-121.61968874, 36.70034646)",Salinas
2015,2015-11-20,2015-11-20T10:53:00Z,Friday,LINCOLN AV,CENTRAL AV,NA,Y,NA,NA,4,0,1,A,12,B,C,A,H,A,N,N,N,N,N,0,0,1,0,0,0,0,0,0,SALINAS,-121.65755997,36.6766401,36.6766401,-121.65755997,"c(-121.65755997, 36.6766401)",Salinas
2016,2016-02-01,2016-02-01T16:59:00Z,Monday,10TH ST,3RD AV,W,N,NA,NA,4,0,1,A,09,D,C,A,H,B,N,N,N,N,N,0,0,1,0,0,0,0,0,0,MARINA,-121.80588578,36.66464158,36.66464158,-121.80588578,"c(-121.80588578, 36.66464158)",Marina
2016,2016-02-25,2016-02-25T10:05:00Z,Thursday,DEL MONTE BL,PALM AV,NA,Y,NA,NA,3,0,2,A,12,D,A,A,H,A,N,N,N,N,N,0,1,1,0,0,0,0,0,0,MARINA,-121.80367994,36.68345004,36.68345004,-121.80367994,"c(-121.80367994, 36.68345004)",Marina
2014,2014-10-15,2014-10-15T07:18:00Z,Wednesday,GENERAL JIM MOORE BL,S BOUNDARY RD,N,N,NA,NA,4,0,1,A,03,C,C,A,H,A,N,N,N,N,N,0,0,1,0,0,0,0,0,0,DEL REY OAKS,NA,NA,0,0,"c(0, 0)",Other Unincorporated
2014,2014-03-22,2014-03-22T17:34:00Z,Saturday,S BOUNDARY RD,GENERAL JIM MOORE BL,E,N,NA,NA,3,0,1,A,08,F,I,A,H,A,N,N,N,N,N,0,1,0,0,0,0,0,0,0,DEL REY OAKS,NA,NA,0,0,"c(0, 0)",Other Unincorporated
2016,2016-02-06,2016-02-06T21:37:00Z,Saturday,E FRANKLIN ST,FIGUEROA ST,NA,Y,NA,NA,3,0,5,A,12,D,C,A,H,C,N,N,N,N,N,0,5,0,0,0,0,0,0,0,MONTEREY,-121.89019994,36.59929007,36.59929007,-121.89019994,"c(-121.89019994, 36.59929007)",Monterey
2016,2016-02-21,2016-02-21T11:10:00Z,Sunday,DRAKE AV,CANNERY ROW GARAGE M,NA,Y,NA,NA,3,0,1,A,09,D,G,A,H,A,N,Y,N,N,N,0,1,0,0,0,0,1,0,0,MONTEREY,NA,NA,0,0,"c(0, 0)",Other Unincorporated
2015,2015-02-02,2015-02-02T14:48:00Z,Monday,FREMONT AV,RT 218,NA,Y,NA,NA,3,0,1,A,10,G,B,F,H,A,Y,N,N,N,N,0,1,0,0,1,0,0,0,0,DEL REY OAKS,NA,NA,0,0,"c(0, 0)",Other Unincorporated
2016,2016-02-11,2016-02-11T19:25:00Z,Thursday,LIGHTHOUSE AV,PRIVATE BOLIO GATE M,S,N,NA,NA,3,0,1,A,08,E,I,A,H,C,N,N,Y,N,Y,0,1,0,0,0,0,0,0,1,MONTEREY,NA,NA,0,0,"c(0, 0)",Other Unincorporated
2015,2015-01-14,2015-01-14T11:38:00Z,Wednesday,218,ROSITA RD,NA,Y,218,I,4,0,1,A,03,C,C,A,H,A,N,N,N,N,N,0,0,1,0,0,0,0,0,0,DEL REY OAKS,-121.84616671,36.59595517,36.59595517,-121.84616671,"c(-121.84616671, 36.59595517)",Del Rey Oaks
2015,2015-07-19,2015-07-19T12:41:00Z,Sunday,218,NORTH FREMONT ST,NA,Y,218,H,4,0,1,A,03,C,C,A,H,A,N,N,N,N,N,0,0,1,0,0,0,0,0,0,DEL REY OAKS,-121.85079106,36.59890581,36.59890581,-121.85079106,"c(-121.85079106, 36.59890581)",Seaside
2015,2015-07-14,2015-07-14T12:58:00Z,Tuesday,68,RT 218,W,N,68,H,4,0,1,A,08,D,G,A,H,A,N,Y,N,N,N,0,0,1,0,0,0,1,0,0,DEL REY OAKS,-121.82987523,36.58163716,36.58163716,-121.82987523,"c(-121.82987523, 36.58163716)",Del Rey Oaks
2015,2015-08-11,2015-08-11T05:48:00Z,Tuesday,218,GENERAL JIM MOORE BL,NA,Y,218,I,4,0,2,D,00,D,C,A,H,B,N,N,N,N,N,0,0,2,0,0,0,0,0,0,DEL REY OAKS,-121.83316358,36.59157583,36.59157583,-121.83316358,"c(-121.83316358, 36.59157583)",Del Rey Oaks
2016,2016-02-16,2016-02-16T15:27:00Z,Tuesday,HEAD ST,STEPHENS CIR,S,N,NA,NA,4,0,1,D,00,G,B,E,H,A,Y,N,N,N,N,0,0,1,0,1,0,0,0,0,SOLEDAD,-121.33001176,36.43965722,36.43965722,-121.33001176,"c(-121.33001176, 36.43965722)",Soledad
2016,2016-02-24,2016-02-24T13:01:00Z,Wednesday,FRONT ST,OAK ST,NA,Y,NA,NA,2,0,1,A,08,H,C,A,H,A,N,N,Y,N,N,1,0,0,0,0,0,0,0,1,SOLEDAD,-121.32444995,36.42378007,36.42378007,-121.32444995,"c(-121.32444995, 36.42378007)",Soledad
2016,2016-03-11,2016-03-11T18:58:00Z,Friday,FOAM ST,DRAKE AV,S,N,NA,NA,4,0,1,A,08,B,C,A,H,C,N,N,N,N,N,0,0,1,0,0,0,0,0,0,MONTEREY,-121.8990734,36.61186694,36.61186694,-121.8990734,"c(-121.8990734, 36.61186694)",Monterey
2016,2016-02-21,2016-02-21T18:00:00Z,Sunday,DEL MONTE AV,CAMINO AGUAJITO,NA,Y,NA,NA,4,0,1,A,03,C,C,A,-,A,N,N,N,N,N,0,0,1,0,0,0,0,0,0,MONTEREY,-121.88357998,36.59994006,36.59994006,-121.88357998,"c(-121.88357998, 36.59994006)",Monterey
2016,2016-02-16,2016-02-16T15:51:00Z,Tuesday,EAST ALISAL ST,PAJARO ST,NA,Y,NA,NA,3,0,1,A,12,D,D,A,H,A,N,N,N,N,N,0,1,0,0,0,0,0,0,0,SALINAS,-121.65255986,36.67412,36.67412,-121.65255986,"c(-121.65255986, 36.67412)",Salinas
2016,2016-02-23,2016-02-23T08:32:00Z,Tuesday,NATIVIDAD RD,EAST LAUREL DR,S,N,NA,NA,4,0,1,A,03,C,C,A,H,A,N,N,N,N,N,0,0,1,0,0,0,0,0,0,SALINAS,-121.63849308,36.69610926,36.69610926,-121.63849308,"c(-121.63849308, 36.69610926)",Salinas
2016,2016-02-25,2016-02-25T15:12:00Z,Thursday,NORTH MAIN ST,EAST BORONDA RD,NA,Y,NA,NA,3,0,1,A,10,G,B,B,H,A,Y,N,N,N,N,0,1,0,0,1,0,0,0,0,SALINAS,-121.65622992,36.72162011,36.72162011,-121.65622992,"c(-121.65622992, 36.72162011)",Salinas
2016,2016-02-03,2016-02-03T09:53:00Z,Wednesday,NATIVIDAD RD,LUNSFORD ST,S,N,NA,NA,3,0,1,A,09,D,C,A,H,A,N,N,N,N,N,0,1,0,0,0,0,0,0,0,SALINAS,-121.64244383,36.69298827,36.69298827,-121.64244383,"c(-121.64244383, 36.69298827)",Salinas
2016,2016-02-12,2016-02-12T17:00:00Z,Friday,NORTH MAIN ST,BOLIVAR ST,NA,Y,NA,NA,4,0,1,A,12,G,G,A,H,A,N,Y,N,N,N,0,0,1,0,0,0,1,0,0,SALINAS,-121.65636988,36.72505007,36.72505007,-121.65636988,"c(-121.65636988, 36.72505007)",Salinas
2016,2016-02-11,2016-02-11T21:27:00Z,Thursday,EAST LAUREL DR,TOWT ST,NA,Y,NA,NA,4,0,1,A,12,D,D,A,H,C,N,N,N,N,N,0,0,1,0,0,0,0,0,0,SALINAS,-121.61766991,36.67920005,36.67920005,-121.61766991,"c(-121.61766991, 36.67920005)",Salinas
2016,2016-02-21,2016-02-21T17:39:00Z,Sunday,NORTH MAIN ST,MASSA ST,N,N,NA,NA,4,0,2,A,09,D,C,A,H,A,N,N,N,N,N,0,0,2,0,0,0,0,0,0,SALINAS,-121.65634850000001,36.72582317,36.72582317,-121.65634850000001,"c(-121.6563485, 36.72582317)",Salinas
2016,2016-02-08,2016-02-08T11:37:00Z,Monday,LARKIN ST,RICO ST,S,N,NA,NA,3,0,3,A,03,A,C,A,H,A,N,N,N,N,N,0,1,2,0,0,0,0,0,0,SALINAS,-121.65862,36.68927,36.68927,-121.65862,"c(-121.65862, 36.68927)",Salinas
2016,2016-02-23,2016-02-23T16:31:00Z,Tuesday,NORTH DAVIS RD,WESTRIDGE DR,NA,Y,NA,NA,4,0,1,A,12,-,C,A,H,A,N,N,N,N,N,0,0,1,0,0,0,0,0,0,SALINAS,-121.66692989,36.7040001,36.7040001,-121.66692989,"c(-121.66692989, 36.7040001)",Salinas
2016,2016-02-26,2016-02-26T19:33:00Z,Friday,NORTH DAVIS RD,WEST ROSSI ST,NA,Y,NA,NA,3,0,2,A,12,D,C,A,H,C,N,N,N,N,N,0,1,1,0,0,0,0,0,0,SALINAS,-121.67192991,36.68842008,36.68842008,-121.67192991,"c(-121.67192991, 36.68842008)",Other Unincorporated
2016,2016-02-15,2016-02-15T05:59:00Z,Monday,NORTH SANBORN RD,EAST MARKET ST,N,N,NA,NA,4,0,1,A,07,C,C,A,H,C,N,N,N,N,Y,0,0,1,0,0,0,0,0,0,SALINAS,-121.62702266,36.67656467,36.67656467,-121.62702266,"c(-121.62702266, 36.67656467)",Salinas
2016,2016-02-19,2016-02-19T19:15:00Z,Friday,EAST BORONDA RD,INDEPENDENCE BL,E,N,NA,NA,4,0,1,A,03,C,C,A,H,C,N,N,N,N,N,0,0,1,0,0,0,0,0,0,SALINAS,-121.61312549,36.71362274,36.71362274,-121.61312549,"c(-121.61312549, 36.71362274)",Salinas
2016,2016-02-24,2016-02-24T14:53:00Z,Wednesday,ABBOTT ST,ALEMEDA ST,NA,Y,NA,NA,4,0,2,A,09,D,C,A,H,A,N,N,N,N,N,0,0,2,0,0,0,0,0,0,SALINAS,-121.6439399,36.6655001,36.6655001,-121.6439399,"c(-121.6439399, 36.6655001)",Salinas
2016,2016-02-13,2016-02-13T22:52:00Z,Saturday,SOUTH MAIN ST,BLANCO RD,S,N,NA,NA,4,0,1,A,03,C,C,A,H,C,N,N,N,N,N,0,0,1,0,0,0,0,0,0,SALINAS,-121.66040106,36.65523568,36.65523568,-121.66040106,"c(-121.66040106, 36.65523568)",Salinas
2016,2016-02-18,2016-02-18T08:28:00Z,Thursday,W ALISAL ST,AMBROSE ST,NA,Y,NA,NA,4,0,1,A,09,C,A,A,H,A,N,N,N,N,N,0,0,1,0,0,0,0,0,0,SALINAS,-121.67610997,36.66666003,36.66666003,-121.67610997,"c(-121.67610997, 36.66666003)",Salinas
2016,2016-02-20,2016-02-20T15:54:00Z,Saturday,WEST ACACIA ST,RIKER ST,NA,Y,NA,NA,4,0,3,A,12,D,C,A,H,A,N,N,N,N,N,0,0,3,0,0,0,0,0,0,SALINAS,-121.66138987,36.66626003,36.66626003,-121.66138987,"c(-121.66138987, 36.66626003)",Salinas
2016,2016-02-18,2016-02-18T14:38:00Z,Thursday,WILLIAMS RD,QUILLA ST,NA,Y,NA,NA,4,0,1,A,03,D,C,A,H,A,N,N,N,N,N,0,0,1,0,0,0,0,0,0,SALINAS,-121.6180699,36.67335002,36.67335002,-121.6180699,"c(-121.6180699, 36.67335002)",Salinas
2016,2016-02-05,2016-02-05T19:26:00Z,Friday,NORTH MAIN ST,ROCHEX AV,NA,Y,NA,NA,4,0,3,A,09,D,C,A,H,C,N,N,N,N,N,0,0,3,0,0,0,0,0,0,SALINAS,-121.65223989,36.70054003,36.70054003,-121.65223989,"c(-121.65223989, 36.70054003)",Salinas
2016,2016-02-15,2016-02-15T10:46:00Z,Monday,LOS COCHES DR,NATIVIDAD RD,NA,Y,NA,NA,4,0,2,A,03,C,C,A,H,A,N,N,N,N,N,0,0,2,0,0,0,0,0,0,SALINAS,-121.62755991,36.70703008,36.70703008,-121.62755991,"c(-121.62755991, 36.70703008)",Salinas
2016,2016-02-14,2016-02-14T13:04:00Z,Sunday,HARDEN PKWY,EL DORADO DR,W,N,NA,NA,2,0,2,A,08,A,I,A,H,A,N,N,N,N,N,1,1,0,0,0,0,0,0,0,SALINAS,-121.63653104,36.71075851,36.71075851,-121.63653104,"c(-121.63653104, 36.71075851)",Salinas
2016,2016-02-01,2016-02-01T17:40:00Z,Monday,W ALISAL ST,HOMESTEAD AV,E,N,NA,NA,4,0,2,A,03,C,C,A,H,C,N,N,N,N,N,0,0,2,0,0,0,0,0,0,SALINAS,-121.66428584,36.6725328,36.6725328,-121.66428584,"c(-121.66428584, 36.6725328)",Salinas
2016,2016-01-27,2016-01-27T12:24:00Z,Wednesday,W ACACIA,W ALISAL,NA,Y,NA,NA,4,0,1,A,09,D,C,A,H,A,N,N,N,N,N,0,0,1,0,0,0,0,0,0,SALINAS,-121.67269989,36.66946003,36.66946003,-121.67269989,"c(-121.67269989, 36.66946003)",Salinas
2016,2016-02-01,2016-02-01T13:28:00Z,Monday,H DE LA ROSA SR ST,NESTLES RD,NA,Y,NA,NA,4,0,1,A,21,G,B,E,H,A,Y,N,N,N,N,0,0,1,0,1,0,0,0,0,SOLEDAD,-121.31964988,36.41780002,36.41780002,-121.31964988,"c(-121.31964988, 36.41780002)",Soledad
2016,2016-02-19,2016-02-19T12:23:00Z,Friday,FOAM ST,IRVING AV,NA,Y,NA,NA,4,0,1,A,12,D,C,A,H,A,N,N,N,N,N,0,0,1,0,0,0,0,0,0,MONTEREY,-121.90279996,36.61628003,36.61628003,-121.90279996,"c(-121.90279996, 36.61628003)",Monterey
2016,2016-02-14,2016-02-14T09:29:00Z,Sunday,FREMONT ST,MUNRAS AV,W,N,NA,NA,4,0,1,A,08,D,C,A,H,A,N,N,N,N,N,0,0,1,0,0,0,0,0,0,MONTEREY,-121.89308,36.59562,36.59562,-121.89308,"c(-121.89308, 36.59562)",Monterey
2016,2016-02-14,2016-02-14T16:41:00Z,Sunday,CAMINO AGUAJITO,7TH ST,N,N,NA,NA,4,0,1,A,09,D,C,A,H,A,N,N,N,N,N,0,0,1,0,0,0,0,0,0,MONTEREY,-121.88230678,36.59471411,36.59471411,-121.88230678,"c(-121.88230678, 36.59471411)",Monterey
2016,2016-01-12,2016-01-12T15:46:00Z,Tuesday,DEL MONTE BL,CANYON DEL REY,N,N,NA,NA,4,0,1,A,03,C,C,A,H,A,N,N,N,N,N,0,0,1,0,0,0,0,0,0,SEASIDE,-121.8555934,36.60778123,36.60778123,-121.8555934,"c(-121.8555934, 36.60778123)",Seaside
2016,2016-01-26,2016-01-26T17:00:00Z,Tuesday,CLEMENTINA AV,FREMONT BL,NA,Y,NA,NA,4,0,1,A,-,-,G,A,H,A,N,Y,N,N,N,0,0,1,0,0,0,1,0,0,SEASIDE,-121.84462987,36.61087005,36.61087005,-121.84462987,"c(-121.84462987, 36.61087005)",Seaside
2016,2016-02-17,2016-02-17T14:57:00Z,Wednesday,WALKER DR,METZ RD,NA,Y,NA,NA,4,0,1,A,11,G,B,B,H,A,Y,N,N,N,N,0,0,1,0,1,0,0,0,0,SOLEDAD,-121.32111997,36.42761007,36.42761007,-121.32111997,"c(-121.32111997, 36.42761007)",Soledad
2016,2016-01-27,2016-01-27T18:20:00Z,Wednesday,PINE AV,FOREST AV,NA,Y,NA,NA,1,1,0,A,11,G,B,B,H,C,Y,N,N,N,N,0,0,0,1,0,0,0,0,0,PACIFIC GROVE,-121.91879995,36.61885011,36.61885011,-121.91879995,"c(-121.91879995, 36.61885011)",Pacific Grove
2016,2016-01-09,2016-01-09T22:42:00Z,Saturday,TRINITY AV,SAN LUCAS ST,NA,Y,NA,NA,1,1,1,A,01,A,A,A,E,C,N,N,Y,N,Y,0,0,1,0,0,0,0,1,1,SEASIDE,-121.84038,36.60464004,36.60464004,-121.84038,"c(-121.84038, 36.60464004)",Seaside
2016,2016-01-14,2016-01-14T16:27:00Z,Thursday,KIMBALL AV,HIGHLAND ST,NA,Y,NA,NA,1,1,0,A,03,D,C,A,C,A,N,N,Y,N,N,0,0,0,0,0,0,0,1,0,SEASIDE,-121.83199993,36.59943011,36.59943011,-121.83199993,"c(-121.83199993, 36.59943011)",Seaside
2017,2017-01-20,2017-01-20T06:06:00Z,Friday,SKYLINE DR,WYNDEMERE WY,N,N,NA,NA,1,1,0,A,03,E,J,A,C,D,N,N,N,N,N,0,0,0,0,0,0,0,0,0,MONTEREY,-121.91761928,36.58972854,36.58972854,-121.91761928,"c(-121.91761928, 36.58972854)",Monterey
2017,2017-01-30,2017-01-30T01:31:00Z,Monday,EAST BORONDA RD,HEMINGWAY DR,E,N,NA,NA,1,1,0,A,03,E,I,A,H,C,N,N,N,N,Y,0,0,0,0,0,0,0,0,0,SALINAS,-121.6055832,36.71012472,36.71012472,-121.6055832,"c(-121.6055832, 36.71012472)",Salinas
2015,2015-02-28,2015-02-28T04:32:00Z,Saturday,68,BISHOP AV,S,N,68,H,4,0,1,A,01,F,I,A,H,C,N,N,N,N,Y,0,0,1,0,0,0,0,0,0,PACIFIC GROVE,-121.92163355,36.60280649,36.60280649,-121.92163355,"c(-121.92163355, 36.60280649)",Pacific Grove
2015,2015-06-20,2015-06-20T13:43:00Z,Saturday,SUNSET DR,ASILOMAR AV,NA,Y,NA,NA,4,0,1,A,03,D,G,A,H,A,N,Y,N,N,N,0,0,1,0,0,0,1,0,0,PACIFIC GROVE,-121.93602986,36.61612,36.61612,-121.93602986,"c(-121.93602986, 36.61612)",Pacific Grove
2016,2016-03-23,2016-03-23T11:01:00Z,Wednesday,IMJIN PKWY,3RD AV,NA,Y,NA,NA,3,0,2,A,09,D,C,A,H,A,N,N,N,N,N,0,1,1,0,0,0,0,0,0,MARINA,-121.80454999,36.66648006,36.66648006,-121.80454999,"c(-121.80454999, 36.66648006)",Marina
2016,2016-03-21,2016-03-21T15:28:00Z,Monday,68,RT 68,N,N,68,I,4,0,1,A,03,C,C,A,H,A,N,N,N,N,N,0,0,1,0,0,0,0,0,0,MONTEREY,-121.80831135,36.57150678,36.57150678,-121.80831135,"c(-121.80831135, 36.57150678)",Monterey
2016,2016-03-24,2016-03-24T18:21:00Z,Thursday,DEL MONTE AV,PALO VERDE AV,NA,Y,NA,NA,3,0,2,A,09,D,C,A,H,A,N,N,N,N,N,0,2,0,0,0,0,0,0,0,MONTEREY,-121.86937987,36.60084004,36.60084004,-121.86937987,"c(-121.86937987, 36.60084004)",Monterey
2016,2016-03-25,2016-03-25T15:39:00Z,Friday,FREMONT ST,CAMINO EL ESTERO,E,N,NA,NA,4,0,2,A,03,C,C,A,H,A,N,N,N,N,N,0,0,2,0,0,0,0,0,0,MONTEREY,-121.88902579,36.59505383,36.59505383,-121.88902579,"c(-121.88902579, 36.59505383)",Monterey
2016,2016-04-04,2016-04-04T23:13:00Z,Monday,NORTH FREMONT ST,CASANOVA AV,NA,Y,NA,NA,3,0,2,A,12,D,C,A,H,C,N,N,N,N,N,0,2,0,0,0,0,0,0,0,MONTEREY,-121.8532299,36.59767004,36.59767004,-121.8532299,"c(-121.8532299, 36.59767004)",Monterey
2016,2016-04-04,2016-04-04T17:06:00Z,Monday,IRIS CANYON RD,GLENWOOD CIR,N,N,NA,NA,3,0,1,A,03,-,J,A,H,A,N,N,Y,N,N,0,1,0,0,0,0,0,0,1,MONTEREY,-121.89137175,36.58414207,36.58414207,-121.89137175,"c(-121.89137175, 36.58414207)",Monterey
2016,2016-03-30,2016-03-30T13:39:00Z,Wednesday,REESIDE,RECREATIONAL TRL,NA,Y,NA,NA,3,0,1,A,11,-,B,C,A,A,Y,N,N,N,N,0,1,0,0,1,0,0,0,0,MONTEREY,NA,NA,0,0,"c(0, 0)",Other Unincorporated
2016,2016-03-11,2016-03-11T16:06:00Z,Friday,NATIVIDAD RD,RAINIER DR,N,N,NA,NA,4,0,1,A,04,C,C,A,H,A,N,N,N,N,N,0,0,1,0,0,0,0,0,0,SALINAS,-121.63314389,36.70149612,36.70149612,-121.63314389,"c(-121.63314389, 36.70149612)",Salinas
2016,2016-02-15,2016-02-15T15:51:00Z,Monday,CANYON DEL REY BL,DEL MONTE BL,NA,Y,NA,NA,3,0,1,A,10,-,G,A,H,A,N,Y,N,N,N,0,1,0,0,0,0,1,0,0,SEASIDE,-121.85599998000001,36.60762005,36.60762005,-121.85599998000001,"c(-121.85599998, 36.60762005)",Seaside
2016,2016-02-11,2016-02-11T15:33:00Z,Thursday,NOCHE BUENA ST,MILITARY AV,NA,Y,NA,NA,4,0,1,A,09,D,C,A,H,A,N,N,N,N,N,0,0,1,0,0,0,0,0,0,SEASIDE,-121.8379799,36.62140006,36.62140006,-121.8379799,"c(-121.8379799, 36.62140006)",Seaside
2016,2016-01-29,2016-01-29T06:33:00Z,Friday,CONSTITUTION,E BORONDA,NA,Y,NA,NA,3,0,1,A,05,D,G,A,H,B,N,Y,N,N,N,0,1,0,0,0,0,1,0,0,SALINAS,-121.60334992,36.70440001,36.70440001,-121.60334992,"c(-121.60334992, 36.70440001)",Salinas
2016,2016-01-28,2016-01-28T08:02:00Z,Thursday,NORTH SANBORN RD,GARNER AV,N,N,NA,NA,4,0,1,A,07,B,C,A,H,A,N,N,N,N,N,0,0,1,0,0,0,0,0,0,SALINAS,-121.61485432,36.68636995,36.68636995,-121.61485432,"c(-121.61485432, 36.68636995)",Salinas
2016,2016-01-04,2016-01-04T10:30:00Z,Monday,EAST BLANCO RD,ABBOTT ST,W,N,NA,NA,4,0,1,A,03,C,C,A,H,A,N,N,N,N,N,0,0,1,0,0,0,0,0,0,SALINAS,-121.64116091,36.65184667,36.65184667,-121.64116091,"c(-121.64116091, 36.65184667)",Salinas
2016,2016-01-22,2016-01-22T17:54:00Z,Friday,TOWT ST,MAE AV,N,N,NA,NA,4,0,2,A,04,C,C,A,H,C,N,N,N,N,N,0,0,2,0,0,0,0,0,0,SALINAS,-121.60371498,36.6872846,36.6872846,-121.60371498,"c(-121.60371498, 36.6872846)",Salinas
2016,2016-03-06,2016-03-06T12:30:00Z,Sunday,CALLE PRINCIPAL,FRANKLIN ST,N,Y,NA,NA,4,0,1,A,03,C,C,A,H,A,N,N,N,N,N,0,0,1,0,0,0,0,0,0,MONTEREY,-121.89502642,36.60012155,36.60012155,-121.89502642,"c(-121.89502642, 36.60012155)",Monterey
2016,2016-03-04,2016-03-04T08:12:00Z,Friday,TYLER ST,FRANKLIN ST,NA,Y,NA,NA,4,0,1,A,10,-,B,B,H,A,Y,N,N,N,N,0,0,1,0,1,0,0,0,0,MONTEREY,-121.89344993,36.59984009,36.59984009,-121.89344993,"c(-121.89344993, 36.59984009)",Monterey
2016,2016-03-09,2016-03-09T08:16:00Z,Wednesday,DEL MONTE AV,NAVY GATE,NA,Y,NA,NA,4,0,1,A,03,C,C,A,H,A,N,N,N,N,N,0,0,1,0,0,0,0,0,0,MONTEREY,NA,NA,0,0,"c(0, 0)",Other Unincorporated
2016,2016-03-04,2016-03-04T17:08:00Z,Friday,LARKIN ST,JEFFERSON ST,NA,Y,NA,NA,4,0,2,A,09,D,C,A,H,A,N,N,N,N,N,0,0,2,0,0,0,0,0,0,MONTEREY,-121.89928998,36.59902005,36.59902005,-121.89928998,"c(-121.89928998, 36.59902005)",Monterey
2016,2016-02-28,2016-02-28T20:51:00Z,Sunday,HERRMANN DR,PG&E POLE 78493,S,N,NA,NA,4,0,1,A,01,E,I,A,H,C,N,N,N,N,Y,0,0,1,0,0,0,0,0,0,MONTEREY,NA,NA,0,0,"c(0, 0)",Other Unincorporated
2016,2016-01-18,2016-01-18T19:30:00Z,Monday,FREMONT BL,ORD GROVE AV,NA,Y,NA,NA,2,0,1,A,09,H,G,A,H,C,N,Y,N,N,N,1,0,0,0,0,0,1,0,0,SEASIDE,-121.84069988,36.61931006,36.61931006,-121.84069988,"c(-121.84069988, 36.61931006)",Seaside
2014,2014-01-06,2014-01-06T17:41:00Z,Monday,68,RT 218,E,N,68,H,4,0,1,C,18,C,C,A,H,D,N,N,Y,N,N,0,0,1,0,0,0,0,0,1,DEL REY OAKS,-121.82665827,36.57984267,36.57984267,-121.82665827,"c(-121.82665827, 36.57984267)",Monterey
2016,2016-03-01,2016-03-01T15:46:00Z,Tuesday,IMJIN PW,ABRAMS DR,S,N,NA,NA,3,0,2,A,03,C,C,A,H,A,N,N,N,N,N,0,1,1,0,0,0,0,0,0,MARINA,-121.79155504,36.66179467,36.66179467,-121.79155504,"c(-121.79155504, 36.66179467)",Marina
2017,2017-03-05,2017-03-05T23:07:00Z,Sunday,WEST BLANCO RD,LOS OLIVOS DR,W,N,NA,NA,1,1,0,A,00,E,I,A,H,D,N,N,N,N,Y,0,0,0,0,0,0,0,0,0,SALINAS,-121.66939297,36.66139903,36.66139903,-121.66939297,"c(-121.66939297, 36.66139903)",Salinas
2017,2017-03-23,2017-03-23T02:38:00Z,Thursday,WORK ST,WORK CIR,N,N,NA,NA,1,1,1,A,01,G,B,F,H,C,Y,N,N,N,Y,1,0,0,1,1,0,0,0,0,SALINAS,-121.64060757,36.66897546,36.66897546,-121.64060757,"c(-121.64060757, 36.66897546)",Salinas
2017,2017-05-20,2017-05-20T18:56:00Z,Saturday,183,EAST MARKET ST,N,N,183,H,1,1,0,A,11,G,B,D,H,B,Y,N,N,N,Y,0,0,0,1,0,0,0,0,0,SALINAS,-121.654968,36.67885979,36.67885979,-121.654968,"c(-121.654968, 36.67885979)",Salinas
2017,2017-05-29,2017-05-29T20:48:00Z,Monday,WEST BLANCO RD,PADRE,W,N,NA,NA,1,1,0,A,11,G,B,D,H,B,Y,N,N,N,Y,0,0,0,1,0,0,0,0,0,SALINAS,-121.66359545,36.65702542,36.65702542,-121.66359545,"c(-121.66359545, 36.65702542)",Salinas
2016,2016-01-22,2016-01-22T00:03:00Z,Friday,W FRANKLIN ST,PACIFIC ST,NA,Y,NA,NA,3,0,1,A,11,G,B,B,H,C,Y,N,N,N,N,0,1,0,0,1,0,0,0,0,MONTEREY,-121.89580997,36.60019011,36.60019011,-121.89580997,"c(-121.89580997, 36.60019011)",Monterey
2016,2016-02-24,2016-02-24T16:38:00Z,Wednesday,RYAN RANCH RD,CANYON DEL REY BL,NA,Y,NA,NA,4,0,1,A,05,D,C,A,H,A,N,N,Y,N,N,0,0,1,0,0,0,0,0,1,MONTEREY,-121.82922997,36.58394003,36.58394003,-121.82922997,"c(-121.82922997, 36.58394003)",Del Rey Oaks
2016,2016-01-26,2016-01-26T14:07:00Z,Tuesday,OAK AV,GREENLEAF LOOP ST,NA,N,NA,NA,4,0,2,A,07,C,E,A,H,A,N,N,Y,N,N,0,0,2,0,0,0,0,0,0,GREENFIELD,NA,NA,0,0,"c(0, 0)",Other Unincorporated
2016,2016-04-14,2016-04-14T09:10:00Z,Thursday,SOUTH MAIN ST,ACACIA ST,NA,Y,NA,NA,4,0,4,A,03,C,C,A,H,A,N,N,N,N,N,0,0,4,0,0,0,0,0,0,SALINAS,-121.65715998,36.66424001,36.66424001,-121.65715998,"c(-121.65715998, 36.66424001)",Salinas
2016,2016-04-11,2016-04-11T16:24:00Z,Monday,SOUTH SANBORN RD,OREGON ST,N,N,NA,NA,4,0,1,A,03,C,C,A,H,A,N,N,N,N,N,0,0,1,0,0,0,0,0,0,SALINAS,-121.62200798,36.68233605,36.68233605,-121.62200798,"c(-121.62200798, 36.68233605)",Salinas