ACCIDENT_YEAR,COLLISION_DATE,COLLISION_TIME,DAY_OF_WEEK,PRIMARY_RD,SECONDARY_RD,DIRECTION,INTERSECTION,STATE_ROUTE,LOCATION_TYPE,COLLISION_SEVERITY,NUMBER_KILLED,NUMBER_INJURED,PRIMARY_COLL_FACTOR,PCF_VIOL_CATEGORY,TYPE_OF_COLLISION,MVIW,PED_ACTION,ROAD_COND_1,LIGHTING,PEDESTRIAN_ACCIDENT,BICYCLE_ACCIDENT,MOTORCYCLE_ACCIDENT,TRUCK_ACCIDENT,ALCOHOL_INVOLVED,COUNT_SEVERE_INJ,COUNT_VISIBLE_INJ,COUNT_COMPLAINT_PAIN,COUNT_PED_KILLED,COUNT_PED_INJURED,COUNT_BICYCLIST_KILLED,COUNT_BICYCLIST_INJURED,COUNT_MC_KILLED,COUNT_MC_INJURED,CITY,POINT_X,POINT_Y,lat,lon,geometry,city_new
2016,2016-06-01,2016-06-01T15:31:00Z,Wednesday,PRESCOTT AV,LAINE ST,NA,Y,NA,NA,4,0,1,A,09,D,C,A,H,A,N,N,N,N,N,0,0,1,0,0,0,0,0,0,MONTEREY,-121.90436997,36.6137801,36.6137801,-121.90436997,"c(-121.90436997, 36.6137801)",Monterey
2016,2016-06-14,2016-06-14T09:13:00Z,Tuesday,MUNRAS AV,SOLEDAD DR,NA,Y,NA,NA,3,0,2,A,09,D,C,A,H,A,N,N,N,N,N,0,1,1,0,0,0,0,0,0,MONTEREY,-121.90185992,36.58336005,36.58336005,-121.90185992,"c(-121.90185992, 36.58336005)",Monterey
2016,2016-06-08,2016-06-08T17:25:00Z,Wednesday,NORTH FREMONT ST,RAMONA AV,W,N,NA,NA,4,0,1,A,03,C,C,A,H,A,N,N,N,N,N,0,0,1,0,0,0,0,0,0,MONTEREY,-121.85631016,36.59720211,36.59720211,-121.85631016,"c(-121.85631016, 36.59720211)",Monterey
2016,2016-05-27,2016-05-27T13:30:00Z,Friday,5TH AV,DOLORES ST,NA,Y,NA,NA,2,0,1,A,10,G,B,B,H,A,Y,N,N,N,N,1,0,0,0,1,0,0,0,0,CARMEL,-121.92267993,36.5569001,36.5569001,-121.92267993,"c(-121.92267993, 36.5569001)",Carmel-by-the-Sea
2016,2016-06-14,2016-06-14T12:23:00Z,Tuesday,MUNRAS AV,SOLEDAD DR,NA,Y,NA,NA,4,0,2,A,12,D,C,A,H,A,N,N,N,N,N,0,0,2,0,0,0,0,0,0,MONTEREY,-121.90185992,36.58336005,36.58336005,-121.90185992,"c(-121.90185992, 36.58336005)",Monterey
2016,2016-06-09,2016-06-09T22:23:00Z,Thursday,ABREGO ST,FREMONT ST,NA,Y,NA,NA,4,0,1,A,09,A,C,A,H,C,N,N,N,N,N,0,0,1,0,0,0,0,0,0,MONTEREY,-121.89217993,36.59525005,36.59525005,-121.89217993,"c(-121.89217993, 36.59525005)",Monterey
2016,2016-06-10,2016-06-10T14:49:00Z,Friday,DEL MONTE AV,SLOAT AV,NA,Y,NA,NA,4,0,4,A,09,-,C,A,H,A,N,N,N,N,N,0,0,4,0,0,0,0,0,0,MONTEREY,-121.87887996,36.59986002,36.59986002,-121.87887996,"c(-121.87887996, 36.59986002)",Monterey
2016,2016-06-01,2016-06-01T21:29:00Z,Wednesday,FIGUEROA ST,REC TRAIL,NA,Y,NA,NA,3,0,1,A,10,D,G,A,H,C,N,Y,N,N,N,0,1,0,0,0,0,1,0,0,MONTEREY,NA,NA,0,0,"c(0, 0)",Other Unincorporated
2016,2016-06-10,2016-06-10T10:11:00Z,Friday,MUNRAS AV,SOLEDAD DR,NA,Y,NA,NA,4,0,1,A,12,D,C,A,H,A,N,N,N,N,N,0,0,1,0,0,0,0,0,0,MONTEREY,-121.90185992,36.58336005,36.58336005,-121.90185992,"c(-121.90185992, 36.58336005)",Monterey
2016,2016-06-15,2016-06-15T08:26:00Z,Wednesday,FREMONT ST,HANNON AV,NA,Y,NA,NA,4,0,1,A,03,C,C,A,H,A,N,N,N,N,N,0,0,1,0,0,0,0,0,0,MONTEREY,-121.85456989,36.59747007,36.59747007,-121.85456989,"c(-121.85456989, 36.59747007)",Monterey
2016,2016-06-17,2016-06-17T23:42:00Z,Friday,E FRANKLIN ST,ALVARADO ST,W,N,NA,NA,3,0,1,A,11,G,B,B,H,C,Y,N,N,N,Y,0,1,0,0,1,0,0,0,0,MONTEREY,-121.89432,36.59997,36.59997,-121.89432,"c(-121.89432, 36.59997)",Monterey
2016,2016-06-13,2016-06-13T11:04:00Z,Monday,10TH ST,CAMINO AGUAJITO,E,N,NA,NA,3,0,1,C,18,G,-,A,H,A,N,N,N,N,N,0,1,0,0,0,0,0,0,0,MONTEREY,NA,NA,0,0,"c(0, 0)",Other Unincorporated
2016,2016-06-05,2016-06-05T19:43:00Z,Sunday,ALISAL ST,ACACIA ST,E,N,NA,NA,4,0,1,A,01,C,C,A,H,A,N,N,N,N,Y,0,0,1,0,0,0,0,0,0,SALINAS,-121.67228395,36.66978919,36.66978919,-121.67228395,"c(-121.67228395, 36.66978919)",Salinas
2016,2016-06-09,2016-06-09T08:31:00Z,Thursday,WILLIAMS RD,GARNER AV,NA,Y,NA,NA,4,0,1,A,12,G,B,D,H,A,Y,N,N,N,N,0,0,1,0,1,0,0,0,0,SALINAS,-121.60859996,36.67876009,36.67876009,-121.60859996,"c(-121.60859996, 36.67876009)",Salinas
2016,2016-06-18,2016-06-18T19:11:00Z,Saturday,MAIN ST,ROSSI ST,NA,Y,NA,NA,4,0,3,A,04,C,C,A,H,A,N,N,N,N,N,0,0,3,0,0,0,0,0,0,SALINAS,-121.65408995,36.68089008,36.68089008,-121.65408995,"c(-121.65408995, 36.68089008)",Salinas
2016,2016-06-07,2016-06-07T17:13:00Z,Tuesday,CASENTINI ST,MAIN ST,W,N,NA,NA,3,0,1,A,09,A,C,A,H,A,N,N,N,N,N,0,1,0,0,0,0,0,0,0,SALINAS,-121.65459899,36.68528399,36.68528399,-121.65459899,"c(-121.65459899, 36.68528399)",Salinas
2016,2016-06-07,2016-06-07T17:31:00Z,Tuesday,MARKET ST,MERCED ST,NA,Y,NA,NA,4,0,3,A,09,D,C,A,H,A,N,N,N,N,N,0,0,3,0,0,0,0,0,0,SALINAS,-121.64231989,36.67811006,36.67811006,-121.64231989,"c(-121.64231989, 36.67811006)",Salinas
2016,2016-06-24,2016-06-24T15:17:00Z,Friday,MARKET ST,HEBBRON AV,NA,Y,NA,NA,4,0,1,A,09,-,C,A,A,A,N,N,N,N,N,0,0,1,0,0,0,0,0,0,SALINAS,-121.63171997,36.67655003,36.67655003,-121.63171997,"c(-121.63171997, 36.67655003)",Salinas
2016,2016-06-29,2016-06-29T13:25:00Z,Wednesday,ROMIE LN,WILGART WY,E,N,NA,NA,3,0,1,A,03,E,I,A,H,A,N,N,Y,N,N,0,1,0,0,0,0,0,0,1,SALINAS,-121.64714259,36.6602037,36.6602037,-121.64714259,"c(-121.64714259, 36.6602037)",Salinas
2016,2016-06-07,2016-06-07T18:16:00Z,Tuesday,CONSTITUTION BL,BEACON HILL DR,NA,Y,NA,NA,3,0,3,A,12,D,C,A,H,A,N,N,N,N,N,0,3,0,0,0,0,0,0,0,SALINAS,-121.61603992,36.69877011,36.69877011,-121.61603992,"c(-121.61603992, 36.69877011)",Salinas
2016,2016-06-19,2016-06-19T11:05:00Z,Sunday,MEMORY DR,ABBOTT,W,N,NA,NA,3,0,1,A,11,G,B,D,H,A,Y,N,N,N,N,0,1,0,0,1,0,0,0,0,SALINAS,-121.63749067,36.65739087,36.65739087,-121.63749067,"c(-121.63749067, 36.65739087)",Salinas
2016,2016-06-09,2016-06-09T20:49:00Z,Thursday,ALISAL RD,SCONBERG PKWY,W,N,NA,NA,4,0,2,A,03,A,C,A,H,C,N,N,N,N,N,0,0,2,0,0,0,0,0,0,SALINAS,-121.60094793,36.67275366,36.67275366,-121.60094793,"c(-121.60094793, 36.67275366)",Salinas
2016,2016-06-29,2016-06-29T18:37:00Z,Wednesday,SANBORN RD,FREEDOM PKWY,S,N,NA,NA,4,0,2,A,17,B,C,A,H,A,N,N,N,N,N,0,0,2,0,0,0,0,0,0,SALINAS,-121.60140701,36.69211164,36.69211164,-121.60140701,"c(-121.60140701, 36.69211164)",Salinas
2016,2016-06-26,2016-06-26T22:34:00Z,Sunday,BORONDA RD,NATIVIDAD RD,E,N,NA,NA,4,0,3,A,01,C,C,A,H,C,N,N,N,N,Y,0,0,3,0,0,0,0,0,0,SALINAS,-121.62300191,36.71549523,36.71549523,-121.62300191,"c(-121.62300191, 36.71549523)",Salinas
2016,2016-06-27,2016-06-27T22:36:00Z,Monday,DEL MONTE BL,CYPRESS AV,NA,Y,NA,NA,4,0,1,A,09,D,C,A,H,C,N,N,N,N,N,0,0,1,0,0,0,0,0,0,MARINA,-121.80521994,36.68178,36.68178,-121.80521994,"c(-121.80521994, 36.68178)",Marina
2016,2016-07-09,2016-07-09T15:06:00Z,Saturday,9TH ST,2ND AV,W,N,NA,NA,4,0,1,A,08,D,G,A,H,A,N,Y,N,N,N,0,0,1,0,0,0,1,0,0,MARINA,-121.81021169,36.66251425,36.66251425,-121.81021169,"c(-121.81021169, 36.66251425)",Marina
2016,2016-05-07,2016-05-07T17:16:00Z,Saturday,WALNUT AV,WALNUT AV 580,NA,-,NA,NA,4,0,1,A,03,G,B,F,H,A,Y,N,N,N,N,0,0,1,0,1,0,0,0,0,GREENFIELD,NA,NA,0,0,"c(0, 0)",Other Unincorporated
2016,2016-08-11,2016-08-11T11:04:00Z,Thursday,PACIFIC ST,FRANKLIN ST,S,N,NA,NA,4,0,1,A,03,C,C,A,H,A,N,N,N,N,N,0,0,1,0,0,0,0,0,0,MONTEREY,-121.89584858,36.60007034,36.60007034,-121.89584858,"c(-121.89584858, 36.60007034)",Monterey
2016,2016-08-10,2016-08-10T17:17:00Z,Wednesday,OCEAN,4TH ST,S,N,NA,NA,4,0,1,A,08,D,C,A,H,A,N,N,N,N,N,0,0,1,0,0,0,0,0,0,MONTEREY,-121.87990519,36.59709075,36.59709075,-121.87990519,"c(-121.87990519, 36.59709075)",Monterey
2016,2016-08-09,2016-08-09T07:16:00Z,Tuesday,DEL MONTE AV,PALO VERDE AV,NA,Y,NA,NA,4,0,1,A,09,D,C,A,H,A,N,N,Y,N,N,0,0,1,0,0,0,0,0,1,MONTEREY,-121.86937987,36.60084004,36.60084004,-121.86937987,"c(-121.86937987, 36.60084004)",Monterey
2016,2016-08-12,2016-08-12T12:31:00Z,Friday,DAVID AV,LIGHTHOUSE,W,N,NA,NA,3,0,1,A,08,F,I,A,H,A,N,Y,N,N,N,0,1,0,0,0,0,1,0,0,MONTEREY,-121.90457495,36.6167443,36.6167443,-121.90457495,"c(-121.90457495, 36.6167443)",Monterey
2016,2016-08-03,2016-08-03T20:24:00Z,Wednesday,FREMONT ST,CASA VERDE WY,E,N,NA,NA,3,0,1,A,03,C,C,A,H,A,N,N,N,N,N,0,1,0,0,0,0,0,0,0,MONTEREY,-121.86202055,36.5963127,36.5963127,-121.86202055,"c(-121.86202055, 36.5963127)",Monterey
2016,2016-08-04,2016-08-04T15:07:00Z,Thursday,DEL MONTE AV,CASA VERDE WY,NA,Y,NA,NA,3,0,1,A,17,D,G,A,H,A,N,Y,N,N,N,0,1,0,0,0,0,1,0,0,MONTEREY,-121.86659989,36.60208001,36.60208001,-121.86659989,"c(-121.86659989, 36.60208001)",Monterey
2016,2016-04-22,2016-04-22T15:28:00Z,Friday,BROADWAY ST,S VANDERHURST AV,W,N,NA,NA,4,0,1,A,03,C,C,A,H,A,N,N,N,N,N,0,0,1,0,0,0,0,0,0,KING CITY,-121.12778514,36.21217493,36.21217493,-121.12778514,"c(-121.12778514, 36.21217493)",King City
2016,2016-04-21,2016-04-21T17:07:00Z,Thursday,S MILDRED AV,REICH ST,NA,Y,NA,NA,4,0,1,A,12,G,G,A,H,A,N,Y,N,N,N,0,0,1,0,0,0,1,0,0,KING CITY,-121.12980989,36.20693011,36.20693011,-121.12980989,"c(-121.12980989, 36.20693011)",King City
2016,2016-04-25,2016-04-25T16:52:00Z,Monday,ADAMS ST,TULANE ST,S,N,NA,NA,3,0,1,A,08,A,G,A,H,A,N,Y,N,N,N,0,1,0,0,0,0,1,0,0,SALINAS,-121.66296033,36.70044126,36.70044126,-121.66296033,"c(-121.66296033, 36.70044126)",Salinas
2016,2016-06-15,2016-06-15T07:02:00Z,Wednesday,MUNRAS AV,WEBSTER ST,W,N,NA,NA,4,0,2,A,03,C,C,A,H,A,N,N,N,N,N,0,0,2,0,0,0,0,0,0,MONTEREY,-121.89388211,36.59656123,36.59656123,-121.89388211,"c(-121.89388211, 36.59656123)",Monterey
2016,2016-06-16,2016-06-16T17:32:00Z,Thursday,IMJIN PKWY,PRESTON AV,S,N,NA,NA,4,0,3,A,03,C,C,A,H,A,N,N,N,N,N,0,0,3,0,0,0,0,0,0,MARINA,-121.77241718,36.66683047,36.66683047,-121.77241718,"c(-121.77241718, 36.66683047)",Marina
2016,2016-06-19,2016-06-19T09:14:00Z,Sunday,SEACREST AV,CARMEL AV,N,N,NA,NA,4,0,1,A,12,G,B,B,H,A,Y,N,N,N,N,0,0,1,0,1,0,0,0,0,MARINA,-121.79858467,36.68229142,36.68229142,-121.79858467,"c(-121.79858467, 36.68229142)",Marina
2016,2016-06-09,2016-06-09T14:56:00Z,Thursday,IMJIN PKWY,2ND AV,E,N,NA,NA,4,0,1,A,12,D,C,A,H,A,N,N,N,N,N,0,0,1,0,0,0,0,0,0,MARINA,-121.80871462,36.66773484,36.66773484,-121.80871462,"c(-121.80871462, 36.66773484)",Marina
2016,2016-05-25,2016-05-25T11:45:00Z,Wednesday,EL CAMINO REAL,STREET LIGHT POLE #1349,S,N,NA,NA,4,0,1,A,12,D,D,A,H,A,N,N,N,N,N,0,0,1,0,0,0,0,0,0,GREENFIELD,NA,NA,0,0,"c(0, 0)",Other Unincorporated
2016,2016-06-25,2016-06-25T20:54:00Z,Saturday,LIGHTHOUSE AV,DRAKE,N,N,NA,NA,3,0,6,A,01,C,C,A,H,C,N,N,N,N,Y,0,1,5,0,0,0,0,0,0,MONTEREY,-121.90002719,36.61155503,36.61155503,-121.90002719,"c(-121.90002719, 36.61155503)",Monterey
2016,2016-06-19,2016-06-19T16:08:00Z,Sunday,DEL MONTE AV,WASHINGTON ST,E,N,NA,NA,4,0,1,A,03,C,C,A,H,A,N,N,N,N,N,0,0,1,0,0,0,0,0,0,MONTEREY,-121.89212527,36.60059141,36.60059141,-121.89212527,"c(-121.89212527, 36.60059141)",Monterey
2016,2016-05-31,2016-05-31T18:30:00Z,Tuesday,SINEX AV,19TH ST,E,N,NA,NA,3,0,1,A,08,A,E,A,H,A,N,N,N,N,N,0,1,0,0,0,0,0,0,0,PACIFIC GROVE,-121.92210018,36.61555679,36.61555679,-121.92210018,"c(-121.92210018, 36.61555679)",Pacific Grove
2016,2016-06-28,2016-06-28T05:29:00Z,Tuesday,OAK AV,4TH ST,NA,N,NA,NA,4,0,1,A,12,H,C,A,H,A,N,N,N,N,N,0,0,1,0,0,0,0,0,0,GREENFIELD,-121.23750996,36.32412009,36.32412009,-121.23750996,"c(-121.23750996, 36.32412009)",Greenfield
2016,2016-08-08,2016-08-08T15:08:00Z,Monday,FRONT ST,EAST ST,N,N,NA,NA,2,0,1,D,00,G,A,A,H,A,N,Y,N,Y,N,1,0,0,0,0,0,1,0,0,SOLEDAD,-121.32619247,36.42490812,36.42490812,-121.32619247,"c(-121.32619247, 36.42490812)",Soledad
2016,2016-08-26,2016-08-26T21:57:00Z,Friday,IMJIN PW,IMJIN RD,NA,Y,NA,NA,4,0,1,A,01,E,I,A,H,C,N,N,N,N,Y,0,0,1,0,0,0,0,0,0,MARINA,-121.79136991,36.66174009,36.66174009,-121.79136991,"c(-121.79136991, 36.66174009)",Marina
2016,2016-08-16,2016-08-16T14:35:00Z,Tuesday,LINCOLN ST,7TH,N,N,NA,NA,4,0,1,A,21,G,B,F,H,A,Y,N,Y,N,N,0,0,1,0,1,0,0,0,0,CARMEL,-121.92355907,36.55391089,36.55391089,-121.92355907,"c(-121.92355907, 36.55391089)",Carmel-by-the-Sea
2016,2016-06-25,2016-06-25T14:29:00Z,Saturday,GARNER AV,ATLANTIC ST,W,N,NA,NA,4,0,1,A,09,A,G,A,-,-,N,Y,N,N,N,0,0,1,0,0,0,1,0,0,SALINAS,-121.61751563,36.68897076,36.68897076,-121.61751563,"c(-121.61751563, 36.68897076)",Salinas
2016,2016-06-14,2016-06-14T17:40:00Z,Tuesday,BORONDA RD,NATIVIDAD RD,E,N,NA,NA,4,0,2,A,04,C,C,A,H,A,N,N,N,N,N,0,0,2,0,0,0,0,0,0,SALINAS,-121.62012051,36.71530411,36.71530411,-121.62012051,"c(-121.62012051, 36.71530411)",Salinas
2016,2016-06-26,2016-06-26T16:39:00Z,Sunday,JOHN ST,PAJARO ST,NA,Y,NA,NA,4,0,3,A,12,A,C,A,H,A,N,N,N,N,N,0,0,3,0,0,0,0,0,0,SALINAS,-121.65220988,36.67050006,36.67050006,-121.65220988,"c(-121.65220988, 36.67050006)",Salinas
2016,2016-06-16,2016-06-16T18:27:00Z,Thursday,EAST BORONDA RD,MCKINNON ST,E,N,NA,NA,2,0,1,A,03,C,C,A,H,A,N,N,N,N,N,1,0,0,0,0,0,0,0,0,SALINAS,-121.64357646,36.71705608,36.71705608,-121.64357646,"c(-121.64357646, 36.71705608)",Salinas
2016,2016-06-09,2016-06-09T18:13:00Z,Thursday,ALISAL ST,LINCOLN AV,NA,Y,NA,NA,4,0,1,A,12,D,C,A,H,A,N,N,N,N,Y,0,0,1,0,0,0,0,0,0,SALINAS,-121.65684995,36.67352009,36.67352009,-121.65684995,"c(-121.65684995, 36.67352009)",Salinas
2016,2016-06-02,2016-06-02T16:57:00Z,Thursday,CHEROKEE DR,DURAN ST,NA,Y,NA,NA,4,0,2,A,09,A,C,A,H,A,N,N,N,N,N,0,0,2,0,0,0,0,0,0,SALINAS,-121.66209998,36.70996007,36.70996007,-121.66209998,"c(-121.66209998, 36.70996007)",Salinas
2016,2016-06-14,2016-06-14T00:11:00Z,Tuesday,ALISAL RD,TOWT ST,E,N,NA,NA,3,0,1,A,08,C,E,A,H,C,N,N,N,N,N,0,1,0,0,0,0,0,0,0,SALINAS,-121.62092721,36.67223893,36.67223893,-121.62092721,"c(-121.62092721, 36.67223893)",Salinas
2016,2016-06-19,2016-06-19T19:18:00Z,Sunday,TOWT ST,ALMA AV,NA,Y,NA,NA,4,0,2,A,09,D,C,A,H,A,N,N,N,N,N,0,0,2,0,0,0,0,0,0,SALINAS,-121.61272992,36.68202007,36.68202007,-121.61272992,"c(-121.61272992, 36.68202007)",Salinas
2016,2016-06-14,2016-06-14T18:42:00Z,Tuesday,ROMIE LN,PAJARO ST,NA,Y,NA,NA,4,0,1,A,12,D,C,A,H,A,N,N,N,N,N,0,0,1,0,0,0,0,0,0,SALINAS,-121.65522,36.66204001,36.66204001,-121.65522,"c(-121.65522, 36.66204001)",Salinas
2016,2016-06-23,2016-06-23T18:18:00Z,Thursday,MARKET ST,FRONT ST,NA,Y,NA,NA,4,0,1,A,07,B,C,A,H,A,N,N,N,N,N,0,0,1,0,0,0,0,0,0,SALINAS,-121.6529199,36.67779001,36.67779001,-121.6529199,"c(-121.6529199, 36.67779001)",Salinas
2016,2016-06-19,2016-06-19T16:16:00Z,Sunday,SANBORN,GARNER AV,N,N,NA,NA,3,0,1,A,11,G,B,D,-,A,Y,N,N,N,Y,0,1,0,0,1,0,0,0,0,SALINAS,-121.61492994,36.68632761,36.68632761,-121.61492994,"c(-121.61492994, 36.68632761)",Salinas
2016,2016-06-05,2016-06-05T18:42:00Z,Sunday,MARKET ST,MERCED ST,NA,Y,NA,NA,4,0,1,A,09,A,D,A,H,A,N,N,N,N,N,0,0,1,0,0,0,0,0,0,SALINAS,-121.64231989,36.67811006,36.67811006,-121.64231989,"c(-121.64231989, 36.67811006)",Salinas
2016,2016-07-16,2016-07-16T14:53:00Z,Saturday,LIGHTHOUSE AV,SB TNNL,NA,-,NA,NA,4,0,1,A,03,C,C,A,H,A,N,N,N,N,N,0,0,1,0,0,0,0,0,0,MONTEREY,NA,NA,0,0,"c(0, 0)",Other Unincorporated
2016,2016-07-16,2016-07-16T15:21:00Z,Saturday,ABREGO ST,FREMONT ST,N,N,NA,NA,4,0,1,A,09,B,C,A,H,A,N,N,Y,N,N,0,0,1,0,0,0,0,0,0,MONTEREY,-121.89217331,36.5953102,36.5953102,-121.89217331,"c(-121.89217331, 36.5953102)",Monterey
2016,2016-07-19,2016-07-19T17:46:00Z,Tuesday,CLAY ST,FRANKLIN ST,NA,Y,NA,NA,4,0,1,A,09,D,C,A,H,A,N,N,N,N,N,0,0,1,0,0,0,0,0,0,MONTEREY,-121.9021399,36.60168008,36.60168008,-121.9021399,"c(-121.9021399, 36.60168008)",Monterey
2016,2016-07-17,2016-07-17T18:43:00Z,Sunday,LIGHTHOUSE,PACIFIC,NA,Y,NA,NA,3,0,1,A,01,E,I,A,H,A,N,N,N,N,Y,0,1,0,0,0,0,0,0,0,MONTEREY,-121.92272988,36.62344008,36.62344008,-121.92272988,"c(-121.92272988, 36.62344008)",Pacific Grove
2016,2016-07-12,2016-07-12T17:26:00Z,Tuesday,PRESCOTT AV,LOTTIE ST,E,N,NA,NA,4,0,2,A,03,C,C,A,H,A,N,N,N,N,N,0,0,2,0,0,0,0,0,0,MONTEREY,-121.91611029,36.60729998,36.60729998,-121.91611029,"c(-121.91611029, 36.60729998)",Monterey
2016,2016-06-26,2016-06-26T02:08:00Z,Sunday,DEL MONTE,WASHINGTON ST,E,N,NA,NA,4,0,1,A,03,A,I,A,H,C,N,N,N,N,Y,0,0,1,0,0,0,0,0,0,MONTEREY,-121.89175075,36.60053246,36.60053246,-121.89175075,"c(-121.89175075, 36.60053246)",Monterey
2016,2016-05-07,2016-05-07T04:48:00Z,Saturday,BRUNKEN AV,MALARIN ST,S,N,NA,NA,3,0,1,A,21,H,A,A,H,C,N,N,N,N,N,0,1,0,0,0,0,0,0,0,SALINAS,-121.63885223,36.66216489,36.66216489,-121.63885223,"c(-121.63885223, 36.66216489)",Salinas
2016,2016-05-04,2016-05-04T04:57:00Z,Wednesday,EAST ALISAL ST,HOLADAY AV,W,N,NA,NA,2,0,1,A,11,G,B,D,H,C,Y,N,N,N,N,1,0,0,0,1,0,0,0,0,SALINAS,-121.62910828,36.67306099,36.67306099,-121.62910828,"c(-121.62910828, 36.67306099)",Salinas
2016,2016-05-29,2016-05-29T03:53:00Z,Sunday,WILLIAMS RD,FREEDOM PKWY,S,N,NA,NA,3,0,1,A,08,D,E,A,-,C,N,N,N,N,N,0,1,0,0,0,0,0,0,0,SALINAS,-121.59960398,36.68390378,36.68390378,-121.59960398,"c(-121.59960398, 36.68390378)",Salinas
2016,2016-05-31,2016-05-31T14:51:00Z,Tuesday,SALINAS ST,WEST SAN LUIS ST,S,N,NA,NA,4,0,1,A,04,C,C,A,H,A,N,N,N,N,N,0,0,1,0,0,0,0,0,0,SALINAS,-121.65559664,36.67156807,36.67156807,-121.65559664,"c(-121.65559664, 36.67156807)",Salinas
2016,2016-05-19,2016-05-19T15:11:00Z,Thursday,HILBY AV,SHAFER ST,E,N,NA,NA,3,0,2,A,08,B,C,A,H,A,N,N,N,N,N,0,2,0,0,0,0,0,0,0,SEASIDE,-121.84279506,36.602488460000004,36.602488460000004,-121.84279506,"c(-121.84279506, 36.60248846)",Seaside
2016,2016-05-23,2016-05-23T15:55:00Z,Monday,HILBY AV,WHEELER ST,E,N,NA,NA,4,0,1,A,04,C,C,A,H,A,N,N,N,N,N,0,0,1,0,0,0,0,0,0,SEASIDE,-121.84536394,36.60253825,36.60253825,-121.84536394,"c(-121.84536394, 36.60253825)",Seaside
2016,2016-07-26,2016-07-26T16:54:00Z,Tuesday,HAWTHORNE ST,IRVING AV,S,N,NA,NA,4,0,2,A,09,D,C,A,H,A,N,N,N,N,N,0,0,2,0,0,0,0,0,0,MONTEREY,-121.90445371,36.61530676,36.61530676,-121.90445371,"c(-121.90445371, 36.61530676)",Monterey
2016,2016-04-12,2016-04-12T18:01:00Z,Tuesday,SOUTH 1ST ST,UNION RD,S,N,NA,NA,4,0,1,A,03,B,C,A,E,A,N,N,N,N,N,0,0,1,0,0,0,0,0,0,KING CITY,NA,NA,0,0,"c(0, 0)",Other Unincorporated
2016,2016-04-14,2016-04-14T21:56:00Z,Thursday,SANDOWN ST,SANDRINGHAM ST,S,N,NA,NA,4,0,1,A,01,A,E,A,H,C,N,N,N,N,N,0,0,1,0,0,0,0,0,0,KING CITY,-121.13814352,36.21508103,36.21508103,-121.13814352,"c(-121.13814352, 36.21508103)",King City
2016,2016-04-19,2016-04-19T18:31:00Z,Tuesday,WENTWORTH ST,WINDSOR ST,W,N,NA,NA,3,0,1,A,08,B,E,A,H,A,N,N,Y,N,N,0,1,0,0,0,0,0,0,1,KING CITY,-121.13655285,36.21300786,36.21300786,-121.13655285,"c(-121.13655285, 36.21300786)",King City
2016,2016-07-14,2016-07-14T16:31:00Z,Thursday,HARDEN PKWY,REGENCY CIR,W,N,NA,NA,4,0,1,A,03,C,J,A,H,A,N,N,N,N,N,0,0,1,0,0,0,0,0,0,SALINAS,-121.650691,36.7136793,36.7136793,-121.650691,"c(-121.650691, 36.7136793)",Salinas
2016,2016-07-09,2016-07-09T19:36:00Z,Saturday,JOHN ST,JOHN CIR,N,N,NA,NA,2,0,3,A,03,C,C,A,H,A,N,N,N,N,N,1,0,2,0,0,0,0,0,0,SALINAS,-121.62014821,36.67167536,36.67167536,-121.62014821,"c(-121.62014821, 36.67167536)",Salinas
2016,2016-07-11,2016-07-11T11:08:00Z,Monday,NORTH MAIN ST,MADRID ST,NA,Y,NA,NA,4,0,2,A,12,D,C,A,H,A,N,N,N,N,N,0,0,2,0,0,0,0,0,0,SALINAS,-121.65468988,36.71327006,36.71327006,-121.65468988,"c(-121.65468988, 36.71327006)",Salinas
2016,2016-07-16,2016-07-16T20:42:00Z,Saturday,SAN JUAN GRADE RD,.8 MILE MARKER ON SAN JUAN GRADE,N,N,NA,NA,2,0,2,A,01,A,-,A,H,B,N,N,N,N,N,1,0,1,0,0,0,0,0,0,SALINAS,NA,NA,0,0,"c(0, 0)",Other Unincorporated
2016,2016-07-16,2016-07-16T18:11:00Z,Saturday,DENNIS AV,BARDIN RD,S,N,NA,NA,4,0,1,A,09,B,C,A,H,A,N,N,N,N,N,0,0,1,0,0,0,0,0,0,SALINAS,-121.60722102,36.67631322,36.67631322,-121.60722102,"c(-121.60722102, 36.67631322)",Salinas
2016,2016-07-07,2016-07-07T15:49:00Z,Thursday,EAST LAUREL DR,BOLERO AV,NA,Y,NA,NA,3,0,2,A,03,D,C,A,H,A,N,N,N,N,N,0,2,0,0,0,0,0,0,0,SALINAS,-121.63872995,36.69643007,36.69643007,-121.63872995,"c(-121.63872995, 36.69643007)",Salinas
2016,2016-07-09,2016-07-09T22:35:00Z,Saturday,EAST MARKET ST,PEACH DR,W,N,NA,NA,4,0,1,A,03,C,C,A,H,C,N,N,N,N,N,0,0,1,0,0,0,0,0,0,SALINAS,-121.64824204,36.67860579,36.67860579,-121.64824204,"c(-121.64824204, 36.67860579)",Salinas
2016,2016-07-16,2016-07-16T23:50:00Z,Saturday,EAST ALISAL,SOUTH FILICE,NA,Y,NA,NA,2,0,2,A,09,D,C,A,H,C,N,N,N,N,Y,1,0,1,0,0,0,0,0,0,SALINAS,-121.63037987,36.67319001,36.67319001,-121.63037987,"c(-121.63037987, 36.67319001)",Salinas
2016,2016-07-23,2016-07-23T14:54:00Z,Saturday,EAST ALISAL ST,WORK ST,NA,Y,NA,NA,3,0,3,A,12,D,C,A,H,A,N,N,N,N,N,0,1,2,0,0,0,0,0,0,SALINAS,-121.6433899,36.67449002,36.67449002,-121.6433899,"c(-121.6433899, 36.67449002)",Salinas
2016,2016-07-22,2016-07-22T19:21:00Z,Friday,WILLIAMS RD,EAST MARKET ST,N,N,NA,NA,4,0,1,A,07,D,C,A,H,A,N,N,N,N,N,0,0,1,0,0,0,0,0,0,SALINAS,-121.61492004,36.67515847,36.67515847,-121.61492004,"c(-121.61492004, 36.67515847)",Salinas
2016,2016-07-10,2016-07-10T16:15:00Z,Sunday,LAS CASITAS DR,RANCHERO DR,NA,Y,NA,NA,2,0,1,D,00,D,G,A,H,A,N,Y,N,N,N,1,0,0,0,0,0,1,0,0,SALINAS,-121.61378994,36.69512003,36.69512003,-121.61378994,"c(-121.61378994, 36.69512003)",Salinas