ACCIDENT_YEAR,COLLISION_DATE,COLLISION_TIME,DAY_OF_WEEK,PRIMARY_RD,SECONDARY_RD,DIRECTION,INTERSECTION,STATE_ROUTE,LOCATION_TYPE,COLLISION_SEVERITY,NUMBER_KILLED,NUMBER_INJURED,PRIMARY_COLL_FACTOR,PCF_VIOL_CATEGORY,TYPE_OF_COLLISION,MVIW,PED_ACTION,ROAD_COND_1,LIGHTING,PEDESTRIAN_ACCIDENT,BICYCLE_ACCIDENT,MOTORCYCLE_ACCIDENT,TRUCK_ACCIDENT,ALCOHOL_INVOLVED,COUNT_SEVERE_INJ,COUNT_VISIBLE_INJ,COUNT_COMPLAINT_PAIN,COUNT_PED_KILLED,COUNT_PED_INJURED,COUNT_BICYCLIST_KILLED,COUNT_BICYCLIST_INJURED,COUNT_MC_KILLED,COUNT_MC_INJURED,CITY,POINT_X,POINT_Y,lat,lon,geometry,city_new
2016,2016-08-29,2016-08-29T09:58:00Z,Monday,ALISAL ST,SALINAS ST,NA,Y,NA,NA,4,0,1,A,09,D,C,A,H,A,N,N,N,N,N,0,0,1,0,0,0,0,0,0,SALINAS,-121.65602994,36.67362002,36.67362002,-121.65602994,"c(-121.65602994, 36.67362002)",Salinas
2016,2016-08-22,2016-08-22T16:05:00Z,Monday,MARKET ST,CEDAR ST,E,N,NA,NA,4,0,1,A,09,D,C,A,H,A,N,N,N,N,N,0,0,1,0,0,0,0,0,0,SALINAS,-121.62473925,36.67689466,36.67689466,-121.62473925,"c(-121.62473925, 36.67689466)",Salinas
2016,2016-08-23,2016-08-23T12:04:00Z,Tuesday,FRONT ST,ALISAL ST,S,N,NA,NA,3,0,1,A,08,D,G,A,H,A,N,Y,N,N,N,0,1,0,0,0,0,1,0,0,SALINAS,-121.64898204,36.67386188,36.67386188,-121.64898204,"c(-121.64898204, 36.67386188)",Salinas
2016,2016-08-14,2016-08-14T12:08:00Z,Sunday,MARYAL DR,REATA ST,NA,Y,NA,NA,4,0,3,A,12,D,C,A,H,A,N,N,N,N,N,0,0,3,0,0,0,0,0,0,SALINAS,-121.64636989,36.70209009,36.70209009,-121.64636989,"c(-121.64636989, 36.70209009)",Salinas
2017,2017-03-29,2017-03-29T10:45:00Z,Wednesday,ESPINOSA RD.,FOXWOOD LN.,E,N,NA,NA,4,0,1,A,03,C,C,A,H,A,N,N,N,N,N,0,0,1,0,0,0,0,0,0,UNINCORPORATED,-121.68120751,36.74145962,36.74145962,-121.68120751,"c(-121.68120751, 36.74145962)",Other Unincorporated
2017,2017-03-28,2017-03-28T05:52:00Z,Tuesday,101,TUSTIN RD,N,N,101,NA,3,0,1,A,03,E,J,A,C,D,N,N,N,N,N,0,1,0,0,0,0,0,0,0,UNINCORPORATED,-121.64556643,36.80928085,36.80928085,-121.64556643,"c(-121.64556643, 36.80928085)",Other Unincorporated
2017,2017-03-19,2017-03-19T16:44:00Z,Sunday,1,MONTEREY ROAD,W,N,1,R,4,0,2,A,03,C,C,A,H,A,N,N,N,N,Y,0,0,2,0,0,0,0,0,0,SEASIDE,-121.84134,36.62418,36.62418,-121.84134,"c(-121.84134, 36.62418)",Seaside
2017,2017-03-22,2017-03-22T13:15:00Z,Wednesday,STRAWBERRY CANYON RD,TUCKER RD.,E,N,NA,NA,3,0,1,A,11,G,B,D,H,A,Y,N,N,N,N,0,1,0,0,1,0,0,0,0,UNINCORPORATED,NA,NA,0,0,"c(0, 0)",Other Unincorporated
2017,2017-03-27,2017-03-27T15:44:00Z,Monday,BORONDA RD,FONTES LN,NA,Y,NA,NA,4,0,1,A,09,D,C,A,H,A,N,N,N,N,N,0,0,1,0,0,0,0,0,0,UNINCORPORATED,-121.67842986,36.69791008,36.69791008,-121.67842986,"c(-121.67842986, 36.69791008)",Other Unincorporated
2017,2017-03-27,2017-03-27T05:10:00Z,Monday,ABBOTT RD,HARRIS RD,S,N,NA,NA,3,0,1,A,08,C,E,A,H,D,N,N,N,N,N,0,1,0,0,0,0,0,0,0,UNINCORPORATED,-121.59076186,36.62901866,36.62901866,-121.59076186,"c(-121.59076186, 36.62901866)",Other Unincorporated
2017,2017-03-24,2017-03-24T15:57:00Z,Friday,ELKHORN ROAD,WERNER ROAD,N,N,NA,NA,3,0,1,A,09,D,C,A,H,A,N,N,N,N,N,0,1,0,0,0,0,0,0,0,UNINCORPORATED,-121.74718038,36.87925182,36.87925182,-121.74718038,"c(-121.74718038, 36.87925182)",Royal Oaks
2017,2017-03-27,2017-03-27T07:10:00Z,Monday,101,CRAZY HORSE CANYON ROAD,N,N,101,NA,3,0,1,A,03,F,A,A,H,A,N,N,N,N,N,0,1,0,0,0,0,0,0,0,UNINCORPORATED,-121.63214614,36.81877421,36.81877421,-121.63214614,"c(-121.63214614, 36.81877421)",Other Unincorporated
2017,2017-03-22,2017-03-22T15:15:00Z,Wednesday,RIVER ROAD,CHUALAR RIVER ROAD,S,N,NA,NA,3,0,3,A,08,F,A,A,H,A,N,N,N,N,N,0,2,1,0,0,0,0,0,0,UNINCORPORATED,-121.54303361,36.54204994,36.54204994,-121.54303361,"c(-121.54303361, 36.54204994)",Other Unincorporated
2017,2017-03-27,2017-03-27T23:23:00Z,Monday,SR-1 NORTHBOUND OFF-RAMP,ENGLISH AVENUE,S,N,NA,NA,3,0,1,A,08,E,I,A,H,D,N,N,N,N,N,0,1,0,0,0,0,0,0,0,UNINCORPORATED,NA,NA,0,0,"c(0, 0)",Other Unincorporated
2017,2017-03-28,2017-03-28T08:47:00Z,Tuesday,DAVIS RD,RESERVATION RD,N,N,NA,NA,3,0,2,A,03,C,C,A,H,A,N,N,N,N,N,0,1,1,0,0,0,0,0,0,UNINCORPORATED,-121.7055523,36.64295201,36.64295201,-121.7055523,"c(-121.7055523, 36.64295201)",Other Unincorporated
2017,2017-04-03,2017-04-03T08:50:00Z,Monday,US 101 SOUTHBOUND,EAST GARRISON ROAD O/C,N,N,NA,NA,4,0,2,A,08,F,I,A,H,A,N,N,N,N,N,0,0,2,0,0,0,0,0,0,UNINCORPORATED,NA,NA,0,0,"c(0, 0)",Other Unincorporated
2017,2017-03-28,2017-03-28T17:30:00Z,Tuesday,BLACKIE ROAD,COMMERCIAL PKWY,E,N,NA,NA,3,0,1,A,08,E,A,A,H,A,N,N,N,N,N,0,1,0,0,0,0,0,0,0,UNINCORPORATED,-121.73416089,36.76285631,36.76285631,-121.73416089,"c(-121.73416089, 36.76285631)",Other Unincorporated
2017,2017-03-30,2017-03-30T13:37:00Z,Thursday,68,FOSTER RD,W,N,68,NA,4,0,2,A,08,B,C,A,H,A,N,N,N,N,N,0,0,2,0,0,0,0,0,0,UNINCORPORATED,-121.66718564,36.63673075,36.63673075,-121.66718564,"c(-121.66718564, 36.63673075)",Other Unincorporated
2017,2017-03-30,2017-03-30T16:30:00Z,Thursday,68,SCENIC DRIVE,W,N,68,NA,4,0,1,A,03,C,C,A,H,A,N,N,N,N,N,0,0,1,0,0,0,0,0,0,UNINCORPORATED,-121.91649794,36.5803444,36.5803444,-121.91649794,"c(-121.91649794, 36.5803444)",Pebble Beach
2017,2017-03-30,2017-03-30T16:15:00Z,Thursday,101,BLACKIE ROAD,S,N,101,NA,4,0,1,A,03,F,A,A,H,A,N,N,N,N,N,0,0,1,0,0,0,0,0,0,UNINCORPORATED,-121.66818199,36.76628118,36.76628118,-121.66818199,"c(-121.66818199, 36.76628118)",Other Unincorporated
2017,2017-03-27,2017-03-27T10:40:00Z,Monday,68,FOSTER ROAD,W,N,68,NA,3,0,3,A,07,H,A,A,D,A,N,N,N,N,N,0,1,2,0,0,0,0,0,0,UNINCORPORATED,-121.66730683,36.63641299,36.63641299,-121.66730683,"c(-121.66730683, 36.63641299)",Other Unincorporated
2017,2017-03-27,2017-03-27T08:25:00Z,Monday,RIVER ROAD,COREY ROAD,S,N,NA,NA,3,0,1,A,08,E,I,A,H,A,N,N,N,N,N,0,1,0,0,0,0,0,0,0,UNINCORPORATED,-121.58565976,36.5749885,36.5749885,-121.58565976,"c(-121.58565976, 36.5749885)",Other Unincorporated
2017,2017-04-02,2017-04-02T05:13:00Z,Sunday,101,LAUREL DR,N,N,101,NA,2,0,1,A,01,F,A,A,H,D,N,N,N,N,Y,1,0,0,0,0,0,0,0,0,UNINCORPORATED,-121.66623973,36.70390618,36.70390618,-121.66623973,"c(-121.66623973, 36.70390618)",Salinas
2017,2017-04-02,2017-04-02T08:04:00Z,Sunday,CARMEL VALLEY RD,KLONDIKE RD,E,N,NA,NA,4,0,1,A,03,E,I,A,H,A,N,N,N,N,N,0,0,1,0,0,0,0,0,0,UNINCORPORATED,NA,NA,0,0,"c(0, 0)",Other Unincorporated
2017,2017-04-03,2017-04-03T04:25:00Z,Monday,DAVIS ROAD,HITCHCOCK RD,S,N,NA,NA,3,0,1,A,01,F,A,A,H,D,N,N,N,N,Y,0,1,0,0,0,0,0,0,0,UNINCORPORATED,-121.69400797,36.65630239,36.65630239,-121.69400797,"c(-121.69400797, 36.65630239)",Other Unincorporated
2017,2017-04-03,2017-04-03T10:40:00Z,Monday,1,PAJARO RIVER BRIDGE,S,N,1,NA,4,0,1,A,08,B,C,A,H,A,N,N,N,N,N,0,0,1,0,0,0,0,0,0,UNINCORPORATED,-121.77231685,36.88242735,36.88242735,-121.77231685,"c(-121.77231685, 36.88242735)",Royal Oaks
2016,2016-09-13,2016-09-13T17:06:00Z,Tuesday,LAUREL DR,MONROE ST,NA,Y,NA,NA,4,0,1,A,09,D,C,A,H,A,N,N,N,N,N,0,0,1,0,0,0,0,0,0,SALINAS,-121.66142995,36.6981401,36.6981401,-121.66142995,"c(-121.66142995, 36.6981401)",Salinas
2016,2016-08-25,2016-08-25T14:28:00Z,Thursday,ALISAL ST,HOMESTEAD,W,N,NA,NA,4,0,1,A,09,D,C,A,H,A,N,N,N,N,N,0,0,1,0,0,0,0,0,0,SALINAS,-121.66471653,36.67247542,36.67247542,-121.66471653,"c(-121.66471653, 36.67247542)",Salinas
2016,2016-09-21,2016-09-21T15:31:00Z,Wednesday,E BORONDA,MCKINNON,W,N,NA,NA,4,0,1,A,01,A,C,A,H,A,N,N,N,N,Y,0,0,1,0,0,0,0,0,0,SALINAS,-121.64369357,36.71707493,36.71707493,-121.64369357,"c(-121.64369357, 36.71707493)",Salinas
2016,2016-09-06,2016-09-06T07:41:00Z,Tuesday,WEST CURTIS ST,NORTH MAIN ST,W,N,NA,NA,4,0,1,A,08,C,E,A,H,A,N,N,N,N,N,0,0,1,0,0,0,0,0,0,SALINAS,-121.65365098,36.7016339,36.7016339,-121.65365098,"c(-121.65365098, 36.7016339)",Salinas
2016,2016-09-02,2016-09-02T23:50:00Z,Friday,68,SOUTH MAIN ST,E,N,68,I,4,0,1,A,03,C,E,A,H,D,N,N,N,N,N,0,0,1,0,0,0,0,0,0,SALINAS,-121.65711278,36.66454576,36.66454576,-121.65711278,"c(-121.65711278, 36.66454576)",Salinas
2016,2016-09-10,2016-09-10T17:09:00Z,Saturday,NORTH DAVIS RD,WEST LAUREL DR,N,N,NA,NA,4,0,1,A,03,C,C,A,H,A,N,N,N,N,N,0,0,1,0,0,0,0,0,0,SALINAS,-121.66779219,36.69897432,36.69897432,-121.66779219,"c(-121.66779219, 36.69897432)",Salinas
2016,2016-09-04,2016-09-04T18:49:00Z,Sunday,VAN BUREN AV,EISENHOWER ST,NA,Y,NA,NA,4,0,1,A,09,A,C,A,H,A,N,N,N,N,N,0,0,1,0,0,0,0,0,0,SALINAS,-121.64970999,36.72902007,36.72902007,-121.64970999,"c(-121.64970999, 36.72902007)",Salinas
2016,2016-09-03,2016-09-03T22:58:00Z,Saturday,SAN JUAN GRADE RD,VAN BUREN ST,S,N,NA,NA,4,0,1,A,11,A,B,E,H,D,Y,N,N,N,N,0,0,1,0,1,0,0,0,0,SALINAS,-121.64747593,36.72282248,36.72282248,-121.64747593,"c(-121.64747593, 36.72282248)",Salinas
2016,2016-09-19,2016-09-19T06:37:00Z,Monday,CONSTITUTION BL,LAS CASITAS DR,NA,Y,NA,NA,4,0,1,A,09,A,C,A,H,A,N,N,N,N,N,0,0,1,0,0,0,0,0,0,SALINAS,-121.61258991,36.69878004,36.69878004,-121.61258991,"c(-121.61258991, 36.69878004)",Salinas
2016,2016-09-24,2016-09-24T00:36:00Z,Saturday,LIGHTHOUSE AV,DEL MONTE AV,N,N,NA,NA,3,0,2,A,03,F,A,A,H,C,N,N,N,N,N,0,2,0,0,0,0,0,0,0,MONTEREY,-121.89243278,36.60078484,36.60078484,-121.89243278,"c(-121.89243278, 36.60078484)",Monterey
2016,2016-09-20,2016-09-20T15:16:00Z,Tuesday,CAMINO EL ESTERO,PEARL ST,N,N,NA,NA,4,0,1,A,03,C,C,A,H,A,N,N,N,N,N,0,0,1,0,0,0,0,0,0,MONTEREY,-121.88788451,36.59781549,36.59781549,-121.88788451,"c(-121.88788451, 36.59781549)",Monterey
2016,2016-09-06,2016-09-06T15:05:00Z,Tuesday,E ALISAL ST,FRONT ST,E,N,NA,NA,4,0,1,A,03,C,C,A,H,A,N,N,N,N,N,0,0,1,0,0,0,0,0,0,SALINAS,-121.64873178,36.67466903,36.67466903,-121.64873178,"c(-121.64873178, 36.67466903)",Salinas
2017,2017-04-03,2017-04-03T07:06:00Z,Monday,SAN MIGUEL CANYON RD,APRICOT LANE,NA,Y,NA,NA,3,0,1,A,09,D,C,A,H,A,N,N,N,N,N,0,1,0,0,0,0,0,0,0,UNINCORPORATED,-121.69191988,36.85407002,36.85407002,-121.69191988,"c(-121.69191988, 36.85407002)",Royal Oaks
2017,2017-04-04,2017-04-04T08:15:00Z,Tuesday,101,ECHO VALLEY RD,N,N,101,NA,4,0,1,A,03,C,C,A,C,A,N,N,N,Y,N,0,0,1,0,0,0,0,0,0,UNINCORPORATED,-121.63017928,36.8321346,36.8321346,-121.63017928,"c(-121.63017928, 36.8321346)",Other Unincorporated
2017,2017-04-05,2017-04-05T07:14:00Z,Wednesday,BLANCO RD,DAVIS RD,W,N,NA,NA,4,0,3,A,03,C,C,A,H,A,N,N,N,N,N,0,0,3,0,0,0,0,0,0,UNINCORPORATED,-121.69253336,36.6708962,36.6708962,-121.69253336,"c(-121.69253336, 36.6708962)",Other Unincorporated
2017,2017-04-03,2017-04-03T17:27:00Z,Monday,SR-1 N/B,CASA VERDE WAY,S,N,NA,NA,4,0,2,A,03,C,C,A,H,A,N,N,N,N,N,0,0,2,0,0,0,0,0,0,UNINCORPORATED,-121.8649977,36.59822004,36.59822004,-121.8649977,"c(-121.8649977, 36.59822004)",Monterey
2017,2017-03-14,2017-03-14T23:20:00Z,Tuesday,SAN MIGUEL CANYON ROAD,HAMBEY LANE,S,N,NA,NA,1,1,3,A,01,A,C,A,H,D,N,N,N,N,Y,3,0,0,0,0,0,0,0,0,UNINCORPORATED,-121.68385177,36.83809809,36.83809809,-121.68385177,"c(-121.68385177, 36.83809809)",Royal Oaks
2017,2017-04-01,2017-04-01T18:30:00Z,Saturday,SAN JUAN ROAD,EL CERRITO WAY,E,N,NA,NA,4,0,1,A,09,B,C,A,H,A,N,N,N,N,N,0,0,1,0,0,0,0,0,0,UNINCORPORATED,-121.64361999,36.85712182,36.85712182,-121.64361999,"c(-121.64361999, 36.85712182)",Royal Oaks
2017,2017-04-02,2017-04-02T17:40:00Z,Sunday,1,SLOAT AVENUE,N,N,1,NA,3,0,2,A,08,D,C,A,H,A,N,N,N,N,N,0,1,1,0,0,0,0,0,0,MONTEREY,-121.87245119,36.59404951,36.59404951,-121.87245119,"c(-121.87245119, 36.59404951)",Monterey
2017,2017-03-31,2017-03-31T06:40:00Z,Friday,SAN MIGUEL CANYON RD,CHARMI LN,NA,Y,NA,NA,2,0,2,A,09,D,C,A,H,B,N,N,Y,N,N,1,0,1,0,0,0,0,0,1,UNINCORPORATED,-121.69393992,36.85630001,36.85630001,-121.69393992,"c(-121.69393992, 36.85630001)",Royal Oaks
2017,2017-04-02,2017-04-02T17:18:00Z,Sunday,ESPINOSA ROAD,US-101,W,N,NA,NA,4,0,1,A,03,C,C,A,H,A,N,N,N,N,N,0,0,1,0,0,0,0,0,0,UNINCORPORATED,-121.6714439,36.73872501,36.73872501,-121.6714439,"c(-121.6714439, 36.73872501)",Other Unincorporated
2017,2017-04-03,2017-04-03T07:35:00Z,Monday,VIERRA CANYON RD,VIERRA MEADOWS PL,W,N,NA,NA,4,0,1,A,08,E,A,A,H,A,N,N,N,N,N,0,0,1,0,0,0,0,0,0,UNINCORPORATED,-121.65626126,36.79582405,36.79582405,-121.65626126,"c(-121.65626126, 36.79582405)",Other Unincorporated
2017,2017-04-03,2017-04-03T11:15:00Z,Monday,CARMEL VALLEY ROAD,RANCHO SAN CARLOS,W,N,NA,NA,3,0,1,A,17,C,C,A,H,A,N,N,N,N,N,0,1,0,0,0,0,0,0,0,UNINCORPORATED,-121.87128269,36.53965324,36.53965324,-121.87128269,"c(-121.87128269, 36.53965324)",Other Unincorporated
2016,2016-09-02,2016-09-02T17:27:00Z,Friday,EAST LAUREL DR,NATIVIDAD RD,E,N,NA,NA,4,0,2,A,03,C,C,A,H,A,N,N,N,N,N,0,0,2,0,0,0,0,0,0,SALINAS,-121.63593155,36.69577882,36.69577882,-121.63593155,"c(-121.63593155, 36.69577882)",Salinas
2016,2016-09-02,2016-09-02T15:24:00Z,Friday,NORTH MAIN ST,WEST CURTIS ST,S,N,NA,NA,4,0,3,A,03,C,C,A,H,A,N,N,N,N,N,0,0,3,0,0,0,0,0,0,SALINAS,-121.65246895,36.70166754,36.70166754,-121.65246895,"c(-121.65246895, 36.70166754)",Salinas
2016,2016-09-01,2016-09-01T17:49:00Z,Thursday,ELM AV,HEIDI,NA,Y,NA,NA,3,0,1,C,18,G,G,A,H,A,N,Y,N,N,N,0,1,0,0,0,0,1,0,0,GREENFIELD,-121.24692992,36.31443005,36.31443005,-121.24692992,"c(-121.24692992, 36.31443005)",Greenfield
2016,2016-09-21,2016-09-21T22:12:00Z,Wednesday,SAN CARLOS ST,13TH AV,S,N,NA,NA,4,0,1,A,11,H,I,A,H,D,N,N,N,N,Y,0,0,1,0,0,0,0,0,0,CARMEL,-121.92177274,36.54564655,36.54564655,-121.92177274,"c(-121.92177274, 36.54564655)",Carmel-by-the-Sea
2016,2016-09-22,2016-09-22T10:39:00Z,Thursday,E ALISAL ST,GRIFFIN ST,NA,Y,NA,NA,4,0,1,A,03,C,C,A,H,A,N,N,N,N,N,0,0,1,0,0,0,0,0,0,SALINAS,-121.64123986,36.6742901,36.6742901,-121.64123986,"c(-121.64123986, 36.6742901)",Salinas
2016,2016-07-06,2016-07-06T17:21:00Z,Wednesday,RIDER AV,FREEDOM PKWY,NA,Y,NA,NA,3,0,1,A,05,D,G,A,H,A,N,Y,N,N,N,0,1,0,0,0,0,1,0,0,SALINAS,-121.60410991,36.69611012,36.69611012,-121.60410991,"c(-121.60410991, 36.69611012)",Salinas
2016,2016-08-28,2016-08-28T16:50:00Z,Sunday,MADRID ST,NORTH MAIN ST,NA,Y,NA,NA,4,0,1,A,21,D,C,A,H,A,N,N,N,N,N,0,0,1,0,0,0,0,0,0,SALINAS,-121.65468988,36.71327006,36.71327006,-121.65468988,"c(-121.65468988, 36.71327006)",Salinas
2016,2016-09-14,2016-09-14T15:13:00Z,Wednesday,68,JOHN ST,NA,Y,68,I,4,0,1,D,00,G,B,B,H,A,Y,N,N,N,N,0,0,1,0,1,0,0,0,0,SALINAS,-121.65481692,36.67107332,36.67107332,-121.65481692,"c(-121.65481692, 36.67107332)",Salinas
2016,2016-09-27,2016-09-27T12:11:00Z,Tuesday,TALCOTT AV,REINDOLLAR AV,S,N,NA,NA,4,0,1,A,03,E,I,A,H,A,N,N,N,N,N,0,0,1,0,0,0,0,0,0,MARINA,-121.80000599,36.67802014,36.67802014,-121.80000599,"c(-121.80000599, 36.67802014)",Marina
2016,2016-10-31,2016-10-31T21:42:00Z,Monday,VILLA ST,WILSON ST,S,N,NA,NA,4,0,1,A,01,C,C,A,H,C,N,N,N,N,Y,0,0,1,0,0,0,0,0,0,SALINAS,-121.66791684,36.6786717,36.6786717,-121.66791684,"c(-121.66791684, 36.6786717)",Salinas
2016,2016-10-30,2016-10-30T11:59:00Z,Sunday,E ALISAL ST,FRONT ST,E,N,NA,NA,4,0,1,A,01,C,C,A,H,A,N,N,N,N,Y,0,0,1,0,0,0,0,0,0,SALINAS,-121.64901386,36.67464991,36.67464991,-121.64901386,"c(-121.64901386, 36.67464991)",Salinas
2016,2016-10-12,2016-10-12T11:18:00Z,Wednesday,POLK ST,POLK CIR,S,N,NA,NA,3,0,2,A,03,D,C,A,H,A,N,N,N,N,N,0,2,0,0,0,0,0,0,0,SALINAS,-121.66069431,36.69463495,36.69463495,-121.66069431,"c(-121.66069431, 36.69463495)",Salinas
2017,2017-04-06,2017-04-06T14:33:00Z,Thursday,101,SR-156,S,N,101,NA,4,0,2,A,03,C,C,A,H,A,N,N,N,N,N,0,0,2,0,0,0,0,0,0,UNINCORPORATED,-121.66771623,36.78925343,36.78925343,-121.66771623,"c(-121.66771623, 36.78925343)",Other Unincorporated
2017,2017-04-05,2017-04-05T05:34:00Z,Wednesday,BLANCO RD,DAVIS RD,NA,Y,NA,NA,3,0,1,A,12,D,C,A,H,C,N,N,N,Y,N,0,1,0,0,0,0,0,0,0,UNINCORPORATED,-121.68510999,36.6668,36.6668,-121.68510999,"c(-121.68510999, 36.6668)",Other Unincorporated
2017,2017-03-31,2017-03-31T21:37:00Z,Friday,SAN MIGUEL CANYON ROAD,CASTROVILLE BLVD,S,N,NA,NA,3,0,3,A,03,E,I,A,H,D,N,N,N,N,N,0,1,2,0,0,0,0,0,0,UNINCORPORATED,-121.67181371,36.80832997,36.80832997,-121.67181371,"c(-121.67181371, 36.80832997)",Other Unincorporated
2017,2017-04-07,2017-04-07T13:45:00Z,Friday,BLACKIE ROAD,DEL MONTE AVENUE,E,N,NA,NA,4,0,1,A,03,C,C,A,H,A,N,N,N,N,N,0,0,1,0,0,0,0,0,0,UNINCORPORATED,-121.74374936,36.75804866,36.75804866,-121.74374936,"c(-121.74374936, 36.75804866)",Castroville
2017,2017-04-07,2017-04-07T02:03:00Z,Friday,1,TRAFTON RD,N,N,1,NA,4,0,1,A,03,E,I,A,H,D,N,N,N,N,N,0,0,1,0,0,0,0,0,0,UNINCORPORATED,-121.77121033,36.87670424,36.87670424,-121.77121033,"c(-121.77121033, 36.87670424)",Royal Oaks
2017,2017-04-05,2017-04-05T18:07:00Z,Wednesday,US 101 (NORTHBOUND),SOLEDAD PRISON ROAD,N,N,NA,NA,3,0,2,A,01,C,C,A,H,A,N,N,N,N,Y,0,2,0,0,0,0,0,0,0,UNINCORPORATED,-121.40917293,36.47807086,36.47807086,-121.40917293,"c(-121.40917293, 36.47807086)",Other Unincorporated
2017,2017-04-05,2017-04-05T18:22:00Z,Wednesday,1,STRUVE ROAD,N,N,1,NA,4,0,1,A,05,A,C,A,H,A,N,N,N,N,N,0,0,1,0,0,0,0,0,0,UNINCORPORATED,-121.77100635,36.83501002,36.83501002,-121.77100635,"c(-121.77100635, 36.83501002)",Royal Oaks
2017,2017-04-07,2017-04-07T07:53:00Z,Friday,101,PRUNEDALE SOUTH RD,S,N,101,NA,4,0,2,A,03,C,C,A,H,A,N,N,N,N,N,0,0,2,0,0,0,0,0,0,UNINCORPORATED,-121.66556707,36.75752781,36.75752781,-121.66556707,"c(-121.66556707, 36.75752781)",Other Unincorporated
2017,2017-04-08,2017-04-08T15:39:00Z,Saturday,68,SKYLINE FOREST DR.,E,N,68,NA,4,0,1,A,05,B,C,A,H,A,N,N,N,N,N,0,0,1,0,0,0,0,0,0,UNINCORPORATED,-121.91790036,36.58203386,36.58203386,-121.91790036,"c(-121.91790036, 36.58203386)",Pebble Beach
2017,2017-04-09,2017-04-09T15:25:00Z,Sunday,DOLAN ROAD,VIA TANQUES ROAD,NA,Y,NA,NA,4,0,1,A,09,A,C,A,H,A,N,N,N,N,N,0,0,1,0,0,0,0,0,0,UNINCORPORATED,NA,NA,0,0,"c(0, 0)",Other Unincorporated
2017,2017-04-09,2017-04-09T10:50:00Z,Sunday,183,SR-156 WB,NA,Y,183,NA,4,0,1,A,09,D,C,A,H,A,N,N,N,N,N,0,0,1,0,0,0,0,0,0,UNINCORPORATED,-121.75267218,36.76175179,36.76175179,-121.75267218,"c(-121.75267218, 36.76175179)",Castroville
2017,2017-04-07,2017-04-07T10:30:00Z,Friday,CARMEL VALLEY ROAD,SCARLETT ROAD,W,N,NA,NA,3,0,2,A,05,E,I,A,H,A,N,N,N,N,N,0,1,1,0,0,0,0,0,0,UNINCORPORATED,-121.79693114,36.52471154,36.52471154,-121.79693114,"c(-121.79693114, 36.52471154)",Carmel Valley
2017,2017-04-10,2017-04-10T15:30:00Z,Monday,PALO COLORADO ROAD,SR-1,E,N,NA,NA,2,0,1,A,08,E,I,A,H,A,N,N,N,N,N,1,0,0,0,0,0,0,0,0,UNINCORPORATED,NA,NA,0,0,"c(0, 0)",Other Unincorporated
2017,2017-04-04,2017-04-04T15:10:00Z,Tuesday,NACIMIENTO LAKE DR.,JOLON RD.,S,N,NA,NA,2,0,1,A,05,B,C,A,H,A,N,N,Y,N,N,1,0,0,0,0,0,0,0,1,UNINCORPORATED,-120.8382939,35.86669304,35.86669304,-120.8382939,"c(-120.8382939, 35.86669304)",San Ardo
2017,2017-04-11,2017-04-11T15:13:00Z,Tuesday,1,PALO COLRADO ROAD,NA,Y,1,NA,4,0,3,A,09,D,C,A,H,A,N,N,N,N,N,0,0,3,0,0,0,0,0,0,UNINCORPORATED,-121.90456786,36.39929595,36.39929595,-121.90456786,"c(-121.90456786, 36.39929595)",Other Unincorporated
2017,2017-04-08,2017-04-08T19:40:00Z,Saturday,183,SAN JON RD.,S,N,183,NA,3,0,4,A,01,C,C,A,H,D,N,N,N,N,Y,0,3,1,0,0,0,0,0,0,UNINCORPORATED,-121.70744975,36.70353362,36.70353362,-121.70744975,"c(-121.70744975, 36.70353362)",Other Unincorporated
2017,2017-03-31,2017-03-31T01:05:00Z,Friday,101,PARIS VALLEY O/C,S,N,101,NA,3,0,1,A,08,B,D,A,H,D,N,N,N,Y,N,0,1,0,0,0,0,0,0,0,UNINCORPORATED,-120.99052929,36.07129922,36.07129922,-120.99052929,"c(-120.99052929, 36.07129922)",Other Unincorporated
2017,2017-04-09,2017-04-09T23:05:00Z,Sunday,1,OCEAN AVE,N,N,1,NA,3,0,1,A,08,E,I,A,H,C,N,N,N,N,N,0,1,0,0,0,0,0,0,0,UNINCORPORATED,-121.91124751,36.55656638,36.55656638,-121.91124751,"c(-121.91124751, 36.55656638)",Other Unincorporated
2017,2017-04-10,2017-04-10T16:01:00Z,Monday,FOLETTA RD,BROOME RD,N,N,NA,NA,4,0,1,A,08,F,A,A,H,A,N,N,N,N,N,0,0,1,0,0,0,0,0,0,UNINCORPORATED,-121.5054919,36.55601039,36.55601039,-121.5054919,"c(-121.5054919, 36.55601039)",Chualar
2017,2017-04-10,2017-04-10T17:39:00Z,Monday,101,MARKET ST U/C,S,N,101,NA,4,0,2,A,03,C,C,A,H,A,N,N,N,N,N,0,0,2,0,0,0,0,0,0,SALINAS,-121.64088317,36.67571802,36.67571802,-121.64088317,"c(-121.64088317, 36.67571802)",Salinas
2017,2017-04-15,2017-04-15T21:30:00Z,Saturday,101,CHUALAR ROAD,S,N,101,NA,3,0,1,A,03,E,I,A,H,C,N,N,N,N,N,0,1,0,0,0,0,0,0,0,UNINCORPORATED,-121.50532521,36.556516189999996,36.556516189999996,-121.50532521,"c(-121.50532521, 36.55651619)",Other Unincorporated
2017,2017-04-06,2017-04-06T15:24:00Z,Thursday,GRANT STREET,MAIN STREET,S,N,NA,NA,3,0,1,A,09,D,G,A,H,A,N,Y,N,N,N,0,1,0,0,0,0,1,0,0,UNINCORPORATED,-121.51726341,36.569187,36.569187,-121.51726341,"c(-121.51726341, 36.569187)",Chualar