ACCIDENT_YEAR,COLLISION_DATE,COLLISION_TIME,DAY_OF_WEEK,PRIMARY_RD,SECONDARY_RD,DIRECTION,INTERSECTION,STATE_ROUTE,LOCATION_TYPE,COLLISION_SEVERITY,NUMBER_KILLED,NUMBER_INJURED,PRIMARY_COLL_FACTOR,PCF_VIOL_CATEGORY,TYPE_OF_COLLISION,MVIW,PED_ACTION,ROAD_COND_1,LIGHTING,PEDESTRIAN_ACCIDENT,BICYCLE_ACCIDENT,MOTORCYCLE_ACCIDENT,TRUCK_ACCIDENT,ALCOHOL_INVOLVED,COUNT_SEVERE_INJ,COUNT_VISIBLE_INJ,COUNT_COMPLAINT_PAIN,COUNT_PED_KILLED,COUNT_PED_INJURED,COUNT_BICYCLIST_KILLED,COUNT_BICYCLIST_INJURED,COUNT_MC_KILLED,COUNT_MC_INJURED,CITY,POINT_X,POINT_Y,lat,lon,geometry,city_new
2016,2016-10-19,2016-10-19T18:53:00Z,Wednesday,MUNICIPAL WHARF 2,DEL MONTE AV,N,N,NA,NA,3,0,1,A,05,B,C,A,H,C,N,N,N,N,N,0,1,0,0,0,0,0,0,0,MONTEREY,NA,NA,0,0,"c(0, 0)",Other Unincorporated
2016,2016-10-19,2016-10-19T15:19:00Z,Wednesday,ALVARADO ST,FRANKLIN,S,N,NA,NA,4,0,1,A,03,E,I,A,H,A,N,Y,N,N,N,0,0,1,0,0,0,1,0,0,MONTEREY,-121.89437013,36.59979887,36.59979887,-121.89437013,"c(-121.89437013, 36.59979887)",Monterey
2016,2016-10-19,2016-10-19T07:50:00Z,Wednesday,W FRANKLIN ST,BOWEN ST,W,N,NA,NA,4,0,1,A,11,G,B,D,H,A,Y,N,N,N,N,0,0,1,0,1,0,0,0,0,MONTEREY,-121.90880152,36.60329438,36.60329438,-121.90880152,"c(-121.90880152, 36.60329438)",Monterey
2016,2016-10-19,2016-10-19T14:54:00Z,Wednesday,NORTH FREMONT ST,AIRPORT RD,E,N,NA,NA,4,0,2,A,03,C,C,A,H,A,N,N,N,Y,N,0,0,2,0,0,0,0,0,0,MONTEREY,-121.85804575,36.5967662,36.5967662,-121.85804575,"c(-121.85804575, 36.5967662)",Monterey
2016,2016-09-27,2016-09-27T12:17:00Z,Tuesday,PRIMAVERA CT,LIGHT POLE,NA,N,NA,NA,2,0,1,D,00,B,I,A,H,A,N,N,N,N,N,1,0,0,0,0,0,0,0,0,GREENFIELD,NA,NA,0,0,"c(0, 0)",Other Unincorporated
2016,2016-09-15,2016-09-15T16:52:00Z,Thursday,3RD ST,OAK AV,N,N,NA,NA,2,0,1,A,09,G,G,A,H,A,N,Y,N,N,N,1,0,0,0,0,0,1,0,0,GREENFIELD,-121.23609081,36.32825936,36.32825936,-121.23609081,"c(-121.23609081, 36.32825936)",Greenfield
2016,2016-10-19,2016-10-19T17:20:00Z,Wednesday,5TH ST,BELDEN ST,NA,Y,NA,NA,3,0,1,A,09,A,C,A,H,A,N,N,N,N,N,0,1,0,0,0,0,0,0,0,GONZALES,-121.44472996,36.50815003,36.50815003,-121.44472996,"c(-121.44472996, 36.50815003)",Gonzales
2017,2017-05-05,2017-05-05T15:48:00Z,Friday,ESPINOSA ROAD,SR-183,E,N,NA,NA,2,0,4,A,05,A,C,A,H,A,N,N,N,N,N,2,0,2,0,0,0,0,0,0,UNINCORPORATED,NA,NA,0,0,"c(0, 0)",Other Unincorporated
2017,2017-05-08,2017-05-08T14:45:00Z,Monday,MAHER ROAD,ECHO VALLEY ROAD,W,N,NA,NA,4,0,1,A,03,C,C,A,H,A,N,N,N,N,N,0,0,1,0,0,0,0,0,0,UNINCORPORATED,-121.66579056,36.82633043,36.82633043,-121.66579056,"c(-121.66579056, 36.82633043)",Royal Oaks
2017,2017-05-07,2017-05-07T05:50:00Z,Sunday,US 101 SOUTHBOUND,MAIN STREET,N,N,NA,NA,2,0,1,A,08,E,I,A,H,B,N,N,N,N,N,1,0,0,0,0,0,0,0,0,UNINCORPORATED,-121.51922031,36.57045494,36.57045494,-121.51922031,"c(-121.51922031, 36.57045494)",Other Unincorporated
2017,2017-05-07,2017-05-07T01:25:00Z,Sunday,101,DUNBARTON RD.,S,N,101,NA,3,0,1,A,01,F,A,A,H,D,N,N,N,N,Y,0,1,0,0,0,0,0,0,0,UNINCORPORATED,-121.63300208,36.84150165,36.84150165,-121.63300208,"c(-121.63300208, 36.84150165)",Other Unincorporated
2017,2017-05-06,2017-05-06T19:50:00Z,Saturday,SAN MIGUEL CANYON ROAD,DIRT ROAD,S,N,NA,NA,3,0,3,A,09,D,C,A,H,A,N,N,Y,N,N,0,1,2,0,0,0,0,0,1,UNINCORPORATED,-121.67944997,36.83205959,36.83205959,-121.67944997,"c(-121.67944997, 36.83205959)",Royal Oaks
2017,2017-05-08,2017-05-08T06:20:00Z,Monday,HITCHCOCK ROAD,DAVIS ROAD,E,N,NA,NA,4,0,2,A,06,D,C,A,H,A,N,N,N,N,N,0,0,2,0,0,0,0,0,0,UNINCORPORATED,-121.68679595,36.65608863,36.65608863,-121.68679595,"c(-121.68679595, 36.65608863)",Other Unincorporated
2017,2017-05-11,2017-05-11T23:05:00Z,Thursday,68,RIVER ROAD,W,N,68,NA,3,0,2,A,01,F,I,A,H,C,N,N,N,N,Y,0,1,1,0,0,0,0,0,0,UNINCORPORATED,-121.68491215,36.62130107,36.62130107,-121.68491215,"c(-121.68491215, 36.62130107)",Other Unincorporated
2017,2017-05-09,2017-05-09T19:50:00Z,Tuesday,PINE CANYON RD. W/B,ROYAL DR.,E,N,NA,NA,4,0,1,A,03,C,C,A,H,A,N,N,N,N,N,0,0,1,0,0,0,0,0,0,UNINCORPORATED,-121.15047,36.18379,36.18379,-121.15047,"c(-121.15047, 36.18379)",Other Unincorporated
2017,2017-05-12,2017-05-12T06:45:00Z,Friday,DOLAN RD,SR-1,E,N,NA,NA,4,0,3,A,04,C,C,A,H,A,N,N,N,N,N,0,0,3,0,0,0,0,0,0,UNINCORPORATED,-121.7803484,36.80327278,36.80327278,-121.7803484,"c(-121.7803484, 36.80327278)",Moss Landing
2017,2017-05-12,2017-05-12T12:00:00Z,Friday,1,RIO RD,N,N,1,NA,4,0,2,A,03,C,C,A,H,A,N,N,N,N,N,0,0,2,0,0,0,0,0,0,UNINCORPORATED,-121.90996405,36.53976203,36.53976203,-121.90996405,"c(-121.90996405, 36.53976203)",Other Unincorporated
2017,2017-05-11,2017-05-11T10:45:00Z,Thursday,PALO COLORADO,LONG RIDGE RD,E,N,NA,NA,2,0,1,A,03,F,A,A,G,A,N,N,Y,N,N,1,0,0,0,0,0,0,0,1,UNINCORPORATED,NA,NA,0,0,"c(0, 0)",Other Unincorporated
2017,2017-05-12,2017-05-12T08:19:00Z,Friday,ARROYO SECO ROAD,US-101 SOUTHBOUND,NA,Y,NA,NA,3,0,3,A,09,D,C,A,H,A,N,N,N,N,N,0,2,1,0,0,0,0,0,0,UNINCORPORATED,-121.31669993,36.40332,36.40332,-121.31669993,"c(-121.31669993, 36.40332)",Other Unincorporated
2017,2017-05-10,2017-05-10T17:23:00Z,Wednesday,DAVIS ROAD,BLANCO ROAD,S,N,NA,NA,4,0,1,A,03,B,C,A,H,A,N,N,N,Y,N,0,0,1,0,0,0,0,0,0,UNINCORPORATED,-121.68645892,36.66528044,36.66528044,-121.68645892,"c(-121.68645892, 36.66528044)",Other Unincorporated
2017,2017-05-11,2017-05-11T16:37:00Z,Thursday,SAN JUAN ROAD,ALLISON STREET,NA,Y,NA,NA,2,0,1,A,09,D,C,A,H,A,N,N,N,N,N,1,0,0,0,0,0,0,0,0,UNINCORPORATED,-121.73619994,36.90424008,36.90424008,-121.73619994,"c(-121.73619994, 36.90424008)",Pajaro
2017,2017-05-03,2017-05-03T09:12:00Z,Wednesday,1,WILL CREEK ROAD,S,N,1,NA,2,0,1,A,01,F,A,A,D,A,N,N,Y,N,Y,1,0,0,0,0,0,0,0,1,UNINCORPORATED,-121.45214785,35.88171247,35.88171247,-121.45214785,"c(-121.45214785, 35.88171247)",Big Sur
2017,2017-05-14,2017-05-14T13:35:00Z,Sunday,DAVIS RD.,BLANCO RD.,NA,Y,NA,NA,4,0,1,A,21,C,C,A,H,A,N,N,N,N,N,0,0,1,0,0,0,0,0,0,UNINCORPORATED,-121.68510999,36.6668,36.6668,-121.68510999,"c(-121.68510999, 36.6668)",Other Unincorporated
2017,2017-05-13,2017-05-13T18:55:00Z,Saturday,1,JETTY RD.,NA,Y,1,NA,4,0,1,A,09,D,C,A,H,A,N,N,N,N,N,0,0,1,0,0,0,0,0,0,UNINCORPORATED,-121.7859075,36.81697019,36.81697019,-121.7859075,"c(-121.7859075, 36.81697019)",Moss Landing
2017,2017-05-16,2017-05-16T22:20:00Z,Tuesday,101,SAN JUAN RD,S,N,101,NA,4,0,1,A,08,E,I,A,H,C,N,N,N,N,N,0,0,1,0,0,0,0,0,0,UNINCORPORATED,-121.63507266,36.85254508,36.85254508,-121.63507266,"c(-121.63507266, 36.85254508)",Other Unincorporated
2017,2017-05-16,2017-05-16T18:00:00Z,Tuesday,WEST BLANCO ROAD,HITCHCOCK ROAD,E,N,NA,NA,4,0,1,A,03,C,C,A,H,A,N,N,N,N,N,0,0,1,0,0,0,0,0,0,UNINCORPORATED,-121.70000399,36.6752321,36.6752321,-121.70000399,"c(-121.70000399, 36.6752321)",Other Unincorporated
2017,2017-05-16,2017-05-16T19:30:00Z,Tuesday,ELKHORN RD.,WERNER RD.,NA,Y,NA,NA,3,0,1,A,09,A,C,A,H,B,N,N,N,N,N,0,1,0,0,0,0,0,0,0,UNINCORPORATED,-121.74722986,36.87898004,36.87898004,-121.74722986,"c(-121.74722986, 36.87898004)",Royal Oaks
2017,2017-05-17,2017-05-17T16:15:00Z,Wednesday,GRANT ST,JACKSON ST,S,N,NA,NA,4,0,2,A,03,C,C,A,H,A,N,N,N,N,N,0,0,2,0,0,0,0,0,0,UNINCORPORATED,-121.51830306,36.57019822,36.57019822,-121.51830306,"c(-121.51830306, 36.57019822)",Chualar
2017,2017-05-19,2017-05-19T04:49:00Z,Friday,101,GOULD ROAD,NA,Y,101,NA,1,1,0,A,03,D,C,A,H,D,N,N,N,Y,N,0,0,0,0,0,0,0,0,0,UNINCORPORATED,-121.61149502,36.64537313,36.64537313,-121.61149502,"c(-121.61149502, 36.64537313)",Other Unincorporated
2017,2017-05-21,2017-05-21T13:19:00Z,Sunday,US-101 N/B,PRUNEDALE SOUTH RD O/C,S,N,NA,NA,2,0,2,A,03,C,C,A,H,A,N,N,Y,N,N,1,1,0,0,0,0,0,0,2,UNINCORPORATED,-121.66790976,36.76544612,36.76544612,-121.66790976,"c(-121.66790976, 36.76544612)",Other Unincorporated
2017,2017-05-18,2017-05-18T18:30:00Z,Thursday,RIO ROAD,STATE ROUTE 1,NA,Y,NA,NA,4,0,1,A,07,B,C,A,H,A,N,N,N,N,N,0,0,1,0,0,0,0,0,0,UNINCORPORATED,-121.91023992,36.53941005,36.53941005,-121.91023992,"c(-121.91023992, 36.53941005)",Other Unincorporated
2017,2017-05-16,2017-05-16T21:13:00Z,Tuesday,1,OCEAN AVENUE,S,N,1,NA,3,0,1,A,08,E,I,A,H,C,N,N,N,N,N,0,1,0,0,0,0,0,0,0,UNINCORPORATED,-121.91085279,36.55392744,36.55392744,-121.91085279,"c(-121.91085279, 36.55392744)",Other Unincorporated
2017,2017-05-21,2017-05-21T12:51:00Z,Sunday,CARMEL VALLEY ROAD,LAURELES GRADE,W,N,NA,NA,3,0,1,A,08,F,A,A,G,A,N,Y,N,N,N,0,1,0,0,0,0,1,0,0,UNINCORPORATED,-121.75707764,36.50127676,36.50127676,-121.75707764,"c(-121.75707764, 36.50127676)",Carmel Valley
2017,2017-05-14,2017-05-14T11:55:00Z,Sunday,MCCANDLESS RD,NORTH SHORE ROAD,S,N,NA,NA,2,0,1,A,16,F,A,A,G,A,N,N,N,N,N,1,0,0,0,0,0,0,0,0,UNINCORPORATED,NA,NA,0,0,"c(0, 0)",Other Unincorporated
2017,2017-05-22,2017-05-22T16:28:00Z,Monday,BLANCO ROAD,COOPER ROAD,E,N,NA,NA,4,0,1,A,21,C,C,A,H,A,N,N,N,N,N,0,0,1,0,0,0,0,0,0,UNINCORPORATED,-121.72241382,36.67871005,36.67871005,-121.72241382,"c(-121.72241382, 36.67871005)",Other Unincorporated
2017,2017-05-18,2017-05-18T21:33:00Z,Thursday,OLD STAGE RD.,IVERSON RD.,S,N,NA,NA,3,0,1,A,08,F,A,A,H,D,N,N,N,N,N,0,1,0,0,0,0,0,0,0,UNINCORPORATED,-121.47216097,36.54904602,36.54904602,-121.47216097,"c(-121.47216097, 36.54904602)",Other Unincorporated
2017,2017-05-21,2017-05-21T05:20:00Z,Sunday,RIVER RD,CHUALAR RIVER RD,S,N,NA,NA,3,0,1,A,08,F,A,A,H,B,N,N,N,N,N,0,1,0,0,0,0,0,0,0,UNINCORPORATED,-121.53730683,36.53314367,36.53314367,-121.53730683,"c(-121.53730683, 36.53314367)",Other Unincorporated
2017,2017-05-22,2017-05-22T17:20:00Z,Monday,101,MARKET ST.,N,N,101,NA,4,0,1,A,03,C,C,A,H,A,N,N,N,N,N,0,0,1,0,0,0,0,0,0,SALINAS,-121.64161903,36.67859897,36.67859897,-121.64161903,"c(-121.64161903, 36.67859897)",Salinas
2017,2017-05-25,2017-05-25T17:40:00Z,Thursday,101,MARKET ST.,S,N,101,NA,4,0,1,A,03,C,C,A,H,A,N,N,N,N,N,0,0,1,0,0,0,0,0,0,SALINAS,-121.64105553,36.67672419,36.67672419,-121.64105553,"c(-121.64105553, 36.67672419)",Salinas
2017,2017-05-23,2017-05-23T16:40:00Z,Tuesday,1,MOLERA ROAD,S,N,1,NA,4,0,2,A,03,C,C,A,H,A,N,N,N,N,N,0,0,2,0,0,0,0,0,0,UNINCORPORATED,-121.77608544,36.77899167,36.77899167,-121.77608544,"c(-121.77608544, 36.77899167)",Castroville
2016,2016-10-14,2016-10-14T17:46:00Z,Friday,NORTH SANBORN RD,CEDAR ST,S,N,NA,NA,3,0,1,A,03,C,C,A,H,-,N,N,N,N,N,0,1,0,0,0,0,0,0,0,SALINAS,-121.6263128,36.67759272,36.67759272,-121.6263128,"c(-121.6263128, 36.67759272)",Salinas
2016,2016-10-07,2016-10-07T18:51:00Z,Friday,WILLIAMS RD,GRANDHAVEN ST,E,N,NA,NA,4,0,1,A,10,G,B,B,H,A,Y,N,N,N,Y,0,0,1,0,1,0,0,0,0,SALINAS,-121.61188723,36.67687845,36.67687845,-121.61188723,"c(-121.61188723, 36.67687845)",Salinas
2016,2016-10-06,2016-10-06T07:56:00Z,Thursday,RAINIER ST,LINWOOD ST,NA,Y,NA,NA,4,0,1,A,12,G,G,A,H,-,N,Y,N,N,N,0,0,1,0,0,0,1,0,0,SALINAS,-121.64222,36.70282003,36.70282003,-121.64222,"c(-121.64222, 36.70282003)",Salinas
2016,2016-10-06,2016-10-06T08:05:00Z,Thursday,MASSA ST,BRUTUS ST,NA,Y,NA,NA,4,0,1,A,09,D,C,A,H,A,N,N,N,N,N,0,0,1,0,0,0,0,0,0,SALINAS,-121.65712997,36.72576002,36.72576002,-121.65712997,"c(-121.65712997, 36.72576002)",Salinas
2016,2016-10-03,2016-10-03T08:49:00Z,Monday,E ALISAL ST,EAST MARKET ST,NA,Y,NA,NA,3,0,2,A,09,D,C,A,H,A,N,N,N,N,N,0,1,1,0,0,0,0,0,0,SALINAS,-121.61354993,36.67262008,36.67262008,-121.61354993,"c(-121.61354993, 36.67262008)",Salinas
2016,2016-10-04,2016-10-04T06:16:00Z,Tuesday,EAST LAUREL DR,RAMONA AV,NA,Y,NA,NA,3,0,1,A,11,G,B,D,H,C,Y,N,N,N,N,0,1,0,0,1,0,0,0,0,SALINAS,-121.63950987,36.69660011,36.69660011,-121.63950987,"c(-121.63950987, 36.69660011)",Salinas
2016,2016-10-03,2016-10-03T13:30:00Z,Monday,SOUTH MAIN ST,WINHAM ST,NA,Y,NA,NA,4,0,1,A,03,C,C,A,H,A,N,N,N,N,N,0,0,1,0,0,0,0,0,0,SALINAS,-121.65502992,36.67025006,36.67025006,-121.65502992,"c(-121.65502992, 36.67025006)",Salinas
2016,2016-11-05,2016-11-05T13:33:00Z,Saturday,SOLEDAD DR,MUNRAS,E,N,NA,NA,4,0,2,A,09,D,C,A,H,A,N,N,N,N,N,0,0,2,0,0,0,0,0,0,MONTEREY,-121.90139172,36.58308527,36.58308527,-121.90139172,"c(-121.90139172, 36.58308527)",Monterey
2016,2016-10-15,2016-10-15T18:53:00Z,Saturday,4TH ST,PALM AV,W,N,NA,NA,4,0,1,A,03,D,C,A,H,A,N,N,N,N,N,0,0,1,0,0,0,0,0,0,SOLEDAD,-121.31566986,36.42252007,36.42252007,-121.31566986,"c(-121.31566986, 36.42252007)",Soledad
2016,2016-10-28,2016-10-28T15:28:00Z,Friday,LIGHTHOUSE AV,DAVID AV,S,N,NA,NA,4,0,1,A,10,A,B,B,H,A,Y,N,N,N,N,0,0,1,0,1,0,0,0,0,MONTEREY,-121.90446416,36.61678324,36.61678324,-121.90446416,"c(-121.90446416, 36.61678324)",Monterey
2016,2016-10-31,2016-10-31T19:46:00Z,Monday,SOLEDAD DR,MUNRAS AV,E,N,NA,NA,4,0,1,A,03,C,C,A,H,C,N,N,N,N,N,0,0,1,0,0,0,0,0,0,MONTEREY,-121.90183828,36.58334673,36.58334673,-121.90183828,"c(-121.90183828, 36.58334673)",Monterey
2016,2016-11-03,2016-11-03T07:17:00Z,Thursday,68,OLMSTED RD,E,N,68,H,4,0,1,A,03,C,C,A,H,A,N,N,N,N,N,0,0,1,0,0,0,0,0,0,MONTEREY,-121.8493957,36.58399193,36.58399193,-121.8493957,"c(-121.8493957, 36.58399193)",Monterey
2017,2017-05-25,2017-05-25T13:50:00Z,Thursday,INDIAN VALLEY RD.,BIG SANDY RD,N,N,NA,NA,4,0,1,A,08,F,A,A,H,A,N,Y,N,N,N,0,0,1,0,0,0,1,0,0,UNINCORPORATED,-120.64575722,36.00654599,36.00654599,-120.64575722,"c(-120.64575722, 36.00654599)",Parkfield
2017,2017-05-21,2017-05-21T05:45:00Z,Sunday,101,SOMAVIA RD,N,N,101,NA,3,0,2,A,01,C,C,A,H,B,N,N,N,N,Y,0,1,1,0,0,0,0,0,0,UNINCORPORATED,-121.54721386,36.5973394,36.5973394,-121.54721386,"c(-121.54721386, 36.5973394)",Other Unincorporated
2017,2017-05-25,2017-05-25T15:36:00Z,Thursday,SR-1 S/B,SR-218,N,N,NA,NA,4,0,1,A,03,C,C,A,H,A,N,N,N,N,N,0,0,1,0,0,0,0,0,0,UNINCORPORATED,NA,NA,0,0,"c(0, 0)",Other Unincorporated
2017,2017-05-23,2017-05-23T18:10:00Z,Tuesday,RIVER ROAD,BERRY DRIVE,N,N,NA,NA,4,0,2,A,03,C,C,A,H,A,N,N,N,N,N,0,0,2,0,0,0,0,0,0,UNINCORPORATED,-121.63162911,36.60050204,36.60050204,-121.63162911,"c(-121.63162911, 36.60050204)",Other Unincorporated
2017,2017-05-24,2017-05-24T19:33:00Z,Wednesday,DAVIS ROAD,RESERVATION ROAD,S,N,NA,NA,3,0,1,A,03,C,C,A,H,A,N,N,N,Y,N,0,1,0,0,0,0,0,0,0,UNINCORPORATED,-121.70654,36.64174,36.64174,-121.70654,"c(-121.70654, 36.64174)",Other Unincorporated
2017,2017-05-24,2017-05-24T07:15:00Z,Wednesday,1,IMJIN PARKWAY,N,N,1,NA,4,0,2,A,03,C,C,A,H,A,N,N,N,N,N,0,0,2,0,0,0,0,0,0,UNINCORPORATED,-121.81305907,36.66972864,36.66972864,-121.81305907,"c(-121.81305907, 36.66972864)",Marina
2017,2017-05-20,2017-05-20T19:30:00Z,Saturday,METZ RD.,TOPO RD.,S,N,NA,NA,3,0,4,A,08,E,I,A,H,A,N,N,N,N,N,0,2,2,0,0,0,0,0,0,UNINCORPORATED,-121.2116679,36.35507848,36.35507848,-121.2116679,"c(-121.2116679, 36.35507848)",Other Unincorporated
2017,2017-05-29,2017-05-29T14:00:00Z,Monday,U.S. 101 SOUTHBOUND,LAUREL DRIVE,S,N,NA,NA,3,0,1,A,08,F,A,A,H,A,N,N,N,N,N,0,1,0,0,0,0,0,0,0,UNINCORPORATED,-121.66420993,36.69691325,36.69691325,-121.66420993,"c(-121.66420993, 36.69691325)",Salinas
2017,2017-05-29,2017-05-29T14:20:00Z,Monday,MCFADDEN ROAD,COOPER ROAD,E,N,NA,NA,4,0,1,A,09,D,C,A,H,A,N,N,N,N,N,0,0,1,0,0,0,0,0,0,UNINCORPORATED,-121.72146077,36.69318204,36.69318204,-121.72146077,"c(-121.72146077, 36.69318204)",Other Unincorporated
2017,2017-05-26,2017-05-26T06:25:00Z,Friday,UNITED STATES 101 (NORTHBOUND),DUNBARTON RD.,S,N,NA,NA,4,0,1,A,08,B,I,A,H,A,N,N,N,N,N,0,0,1,0,0,0,0,0,0,UNINCORPORATED,-121.63436048,36.8447454,36.8447454,-121.63436048,"c(-121.63436048, 36.8447454)",Other Unincorporated
2017,2017-05-26,2017-05-26T10:25:00Z,Friday,1,MOSS LANDING ROAD,N,N,1,NA,2,0,5,A,05,A,C,A,H,A,N,N,N,N,N,2,2,1,0,0,0,0,0,0,UNINCORPORATED,-121.78348513,36.80120266,36.80120266,-121.78348513,"c(-121.78348513, 36.80120266)",Moss Landing
2016,2016-10-28,2016-10-28T08:07:00Z,Friday,5TH ST,GABILAN ST,NA,Y,NA,NA,4,0,1,A,10,G,B,B,H,A,Y,N,N,N,N,0,0,1,0,1,0,0,0,0,GONZALES,-121.43975996,36.51183004,36.51183004,-121.43975996,"c(-121.43975996, 36.51183004)",Gonzales
2016,2016-10-25,2016-10-25T14:06:00Z,Tuesday,LIGHTHOUSE AV,HOFFMAN AV,S,N,NA,NA,4,0,1,A,10,G,B,B,H,A,Y,N,N,N,N,0,0,1,0,1,0,0,0,0,MONTEREY,-121.9016927,36.61353958,36.61353958,-121.9016927,"c(-121.9016927, 36.61353958)",Monterey
2016,2016-10-28,2016-10-28T09:58:00Z,Friday,VIRGIN AV,DEL MONTE AV,S,N,NA,NA,4,0,1,A,10,G,B,B,H,A,Y,N,N,N,N,0,0,1,0,1,0,0,0,0,MONTEREY,-121.85982324,36.60518382,36.60518382,-121.85982324,"c(-121.85982324, 36.60518382)",Monterey
2016,2016-10-30,2016-10-30T01:45:00Z,Sunday,LIGHTHOUSE AV,HOFFMAN AV,NA,Y,NA,NA,4,0,3,A,01,C,C,A,H,C,N,N,N,N,Y,0,0,3,0,0,0,0,0,0,MONTEREY,-121.90170992,36.61356008,36.61356008,-121.90170992,"c(-121.90170992, 36.61356008)",Monterey
2016,2016-10-24,2016-10-24T21:40:00Z,Monday,68,OLMSTED RD,W,N,68,H,2,0,1,C,18,E,I,A,H,D,N,N,N,N,Y,1,0,0,0,0,0,0,0,0,MONTEREY,-121.85302805,36.58352308,36.58352308,-121.85302805,"c(-121.85302805, 36.58352308)",Monterey
2016,2016-10-30,2016-10-30T11:32:00Z,Sunday,IMJIN PKWY,CALIFORNIA AV,E,N,NA,NA,3,0,1,A,01,E,I,A,H,A,N,N,N,N,Y,0,1,0,0,0,0,0,0,0,MARINA,-121.79570066,36.66559619,36.66559619,-121.79570066,"c(-121.79570066, 36.66559619)",Marina
2016,2016-10-26,2016-10-26T14:15:00Z,Wednesday,DEL MONTE AV,SLOAT AV,NA,Y,NA,NA,3,0,1,A,09,D,C,A,H,A,N,N,Y,N,N,0,1,0,0,0,0,0,0,1,MONTEREY,-121.87887996,36.59986002,36.59986002,-121.87887996,"c(-121.87887996, 36.59986002)",Monterey
2016,2016-10-20,2016-10-20T17:05:00Z,Thursday,RESERVATION RD,CRESTVIEW CT,W,N,NA,NA,3,0,3,A,07,A,C,A,H,A,N,N,N,N,N,0,2,1,0,0,0,0,0,0,MARINA,-121.78717761,36.68170741,36.68170741,-121.78717761,"c(-121.78717761, 36.68170741)",Marina
2016,2016-10-18,2016-10-18T15:42:00Z,Tuesday,EAST BORONDA RD,MCKINNON,E,N,NA,NA,3,0,3,A,03,C,C,A,H,A,N,N,N,N,N,0,1,2,0,0,0,0,0,0,SALINAS,-121.64355975,36.71705329,36.71705329,-121.64355975,"c(-121.64355975, 36.71705329)",Salinas
2016,2016-10-14,2016-10-14T16:22:00Z,Friday,WILLIAMS RD,EAST MARKET ST,S,N,NA,NA,4,0,1,A,21,C,C,A,H,A,N,N,N,N,N,0,0,1,0,0,0,0,0,0,SALINAS,-121.61512663,36.6750417,36.6750417,-121.61512663,"c(-121.61512663, 36.6750417)",Salinas
2016,2016-10-07,2016-10-07T13:51:00Z,Friday,MCKINNON ST,CHARDONNAY DR,NA,Y,NA,NA,3,0,3,A,03,C,C,A,H,A,N,N,N,N,Y,0,1,2,0,0,0,0,0,0,SALINAS,-121.64407996,36.71491001,36.71491001,-121.64407996,"c(-121.64407996, 36.71491001)",Salinas
2016,2016-10-20,2016-10-20T09:25:00Z,Thursday,68,CHESTNUT ST,S,N,68,H,4,0,1,A,03,C,C,A,H,A,N,N,N,N,N,0,0,1,0,0,0,0,0,0,SALINAS,-121.65596538,36.66777786,36.66777786,-121.65596538,"c(-121.65596538, 36.66777786)",Salinas
2017,2017-05-29,2017-05-29T17:30:00Z,Monday,1,SR-183,S,N,1,NA,4,0,1,A,03,C,C,A,H,A,N,N,N,N,N,0,0,1,0,0,0,0,0,0,UNINCORPORATED,-121.76541874,36.76422883,36.76422883,-121.76541874,"c(-121.76541874, 36.76422883)",Castroville
2017,2017-05-23,2017-05-23T18:57:00Z,Tuesday,101,BORONDA RD,S,N,101,NA,4,0,1,A,01,E,I,A,H,A,N,N,N,N,Y,0,0,1,0,0,0,0,0,0,SALINAS,-121.6640868,36.70973231,36.70973231,-121.6640868,"c(-121.6640868, 36.70973231)",Salinas
2017,2017-05-29,2017-05-29T13:15:00Z,Monday,CARMEL VALLEY ROAD,CACHAGUA RD.,W,N,NA,NA,4,0,1,A,08,F,A,A,H,A,N,N,Y,N,N,0,0,1,0,0,0,0,0,1,UNINCORPORATED,-121.68546472,36.44855236,36.44855236,-121.68546472,"c(-121.68546472, 36.44855236)",Carmel Valley
2017,2017-05-21,2017-05-21T15:35:00Z,Sunday,101,NORTH MAIN STREET,S,N,101,NA,4,0,1,A,08,F,A,A,H,A,N,N,N,N,N,0,0,1,0,0,0,0,0,0,SALINAS,-121.64992541,36.68571497,36.68571497,-121.64992541,"c(-121.64992541, 36.68571497)",Salinas
2017,2017-05-30,2017-05-30T15:20:00Z,Tuesday,SAN MIGUEL CANYON RD.,PARADISE RD.,NA,Y,NA,NA,2,0,1,A,09,D,C,A,H,A,N,N,N,N,N,1,0,0,0,0,0,0,0,0,UNINCORPORATED,-121.67580991,36.82518002,36.82518002,-121.67580991,"c(-121.67580991, 36.82518002)",Royal Oaks
2017,2017-05-30,2017-05-30T17:38:00Z,Tuesday,SAN JUAN RD,AROMAS RD,NA,Y,NA,NA,4,0,1,A,09,D,C,A,H,A,N,N,N,Y,N,0,0,1,0,0,0,0,0,0,UNINCORPORATED,-121.66188996,36.88257011,36.88257011,-121.66188996,"c(-121.66188996, 36.88257011)",Royal Oaks
2017,2017-05-30,2017-05-30T07:15:00Z,Tuesday,156,MONTE DEL LAGO,E,N,156,NA,4,0,1,A,03,C,C,A,H,A,N,N,N,N,N,0,0,1,0,0,0,0,0,0,UNINCORPORATED,-121.7307688,36.77203564,36.77203564,-121.7307688,"c(-121.7307688, 36.77203564)",Castroville
2017,2017-05-25,2017-05-25T18:29:00Z,Thursday,101,SOLEDAD PRISON RD O.C.,N,N,101,NA,4,0,1,A,03,C,C,A,H,A,N,N,N,N,N,0,0,1,0,0,0,0,0,0,UNINCORPORATED,-121.38819354,36.46504007,36.46504007,-121.38819354,"c(-121.38819354, 36.46504007)",Other Unincorporated
2017,2017-05-28,2017-05-28T19:27:00Z,Sunday,CALLE DEL ADOBE,ADDINGTON LANE,NA,Y,NA,NA,3,0,1,A,09,A,C,A,H,B,N,N,N,N,Y,0,1,0,0,0,0,0,0,0,UNINCORPORATED,-121.67569998,36.69949009,36.69949009,-121.67569998,"c(-121.67569998, 36.69949009)",Other Unincorporated