ACCIDENT_YEAR,COLLISION_DATE,COLLISION_TIME,DAY_OF_WEEK,PRIMARY_RD,SECONDARY_RD,DIRECTION,INTERSECTION,STATE_ROUTE,LOCATION_TYPE,COLLISION_SEVERITY,NUMBER_KILLED,NUMBER_INJURED,PRIMARY_COLL_FACTOR,PCF_VIOL_CATEGORY,TYPE_OF_COLLISION,MVIW,PED_ACTION,ROAD_COND_1,LIGHTING,PEDESTRIAN_ACCIDENT,BICYCLE_ACCIDENT,MOTORCYCLE_ACCIDENT,TRUCK_ACCIDENT,ALCOHOL_INVOLVED,COUNT_SEVERE_INJ,COUNT_VISIBLE_INJ,COUNT_COMPLAINT_PAIN,COUNT_PED_KILLED,COUNT_PED_INJURED,COUNT_BICYCLIST_KILLED,COUNT_BICYCLIST_INJURED,COUNT_MC_KILLED,COUNT_MC_INJURED,CITY,POINT_X,POINT_Y,lat,lon,geometry,city_new
2017,2017-10-28,2017-10-28T00:58:00Z,Saturday,OLD STAGE ROAD,IVERSON ROAD,NA,Y,NA,NA,3,0,1,A,03,E,A,A,H,D,N,N,N,N,N,0,1,0,0,0,0,0,0,0,UNINCORPORATED,-121.4783099,36.55696008,36.55696008,-121.4783099,"c(-121.4783099, 36.55696008)",Chualar
2017,2017-10-28,2017-10-28T14:45:00Z,Saturday,101,HARTNELL ROAD,N,N,101,NA,3,0,2,A,01,C,C,A,H,A,N,N,N,Y,Y,0,1,1,0,0,0,0,0,0,UNINCORPORATED,-121.58481415,36.62561073,36.62561073,-121.58481415,"c(-121.58481415, 36.62561073)",Other Unincorporated
2017,2017-10-28,2017-10-28T15:25:00Z,Saturday,OLD STAGE ROAD,SPENCE ROAD,NA,Y,NA,NA,4,0,1,A,03,C,C,A,H,A,N,N,N,N,N,0,0,1,0,0,0,0,0,0,UNINCORPORATED,-121.53988994,36.62988001,36.62988001,-121.53988994,"c(-121.53988994, 36.62988001)",Other Unincorporated
2017,2017-10-28,2017-10-28T17:28:00Z,Saturday,101,GOULD ROAD,N,N,101,NA,4,0,5,A,03,C,C,A,H,A,N,N,N,N,N,0,0,5,0,0,0,0,0,0,UNINCORPORATED,-121.59412117,36.63242468,36.63242468,-121.59412117,"c(-121.59412117, 36.63242468)",Other Unincorporated
2017,2017-10-28,2017-10-28T16:09:00Z,Saturday,101,GOULD ROAD,N,N,101,NA,3,0,1,A,03,C,C,A,H,A,N,N,N,Y,N,0,1,0,0,0,0,0,0,0,UNINCORPORATED,-121.59412117,36.63242468,36.63242468,-121.59412117,"c(-121.59412117, 36.63242468)",Other Unincorporated
2017,2017-10-28,2017-10-28T22:15:00Z,Saturday,TUSTIN ROAD,FRANKIE LN,S,N,NA,NA,3,0,1,A,01,E,I,A,H,D,N,N,N,N,Y,0,1,0,0,0,0,0,0,0,UNINCORPORATED,-121.64877018,36.81766666,36.81766666,-121.64877018,"c(-121.64877018, 36.81766666)",Other Unincorporated
2017,2017-10-30,2017-10-30T06:55:00Z,Monday,1,MOSS LANDING ROAD,S,N,1,NA,4,0,1,A,03,C,C,A,H,D,N,N,N,N,N,0,0,1,0,0,0,0,0,0,UNINCORPORATED,-121.78079603,36.78413748,36.78413748,-121.78079603,"c(-121.78079603, 36.78413748)",Moss Landing
2017,2017-10-30,2017-10-30T06:59:00Z,Monday,NASHUA ROAD,MONTE ROAD,E,N,NA,NA,3,0,1,A,03,E,I,A,H,D,N,N,N,N,N,0,1,0,0,0,0,0,0,0,UNINCORPORATED,-121.73798738,36.70851312,36.70851312,-121.73798738,"c(-121.73798738, 36.70851312)",Other Unincorporated
2017,2017-10-30,2017-10-30T10:00:00Z,Monday,1,LIGHTFIGHTER,S,N,1,NA,3,0,1,A,03,C,C,A,H,A,N,N,N,N,N,0,1,0,0,0,0,0,0,0,SEASIDE,-121.82326902,36.64317707,36.64317707,-121.82326902,"c(-121.82326902, 36.64317707)",Seaside
2017,2017-10-31,2017-10-31T14:31:00Z,Tuesday,PRUNEDALE NORTH ROAD,COUNTRYSIDE COURT,N,N,NA,NA,4,0,1,A,03,C,C,A,H,A,N,N,N,N,N,0,0,1,0,0,0,0,0,0,UNINCORPORATED,-121.66701837,36.7969449,36.7969449,-121.66701837,"c(-121.66701837, 36.7969449)",Other Unincorporated
2017,2017-11-01,2017-11-01T21:55:00Z,Wednesday,ESPINOSA ROAD,RODGERS ROAD,W,N,NA,NA,4,0,1,A,01,B,C,A,H,D,N,N,N,N,Y,0,0,1,0,0,0,0,0,0,UNINCORPORATED,-121.6940654,36.74513806,36.74513806,-121.6940654,"c(-121.6940654, 36.74513806)",Other Unincorporated
2017,2017-10-26,2017-10-26T18:51:00Z,Thursday,CASTROVILLE BLVD,SAN MIGUEL CANYON RD,S,N,NA,NA,3,0,1,A,01,C,C,A,H,D,N,N,N,N,Y,0,1,0,0,0,0,0,0,0,UNINCORPORATED,-121.67288174,36.80815541,36.80815541,-121.67288174,"c(-121.67288174, 36.80815541)",Other Unincorporated
2017,2017-11-02,2017-11-02T20:00:00Z,Thursday,BLANCO ROAD,ARMSTRONG ROAD,W,N,NA,NA,4,0,1,A,01,E,I,A,H,D,N,N,N,N,Y,0,0,1,0,0,0,0,0,0,UNINCORPORATED,-121.71872463,36.67871001,36.67871001,-121.71872463,"c(-121.71872463, 36.67871001)",Other Unincorporated
2017,2017-10-27,2017-10-27T13:30:00Z,Friday,68,CHOMP,E,N,68,NA,4,0,1,A,21,C,C,A,H,A,N,N,N,N,N,0,0,1,0,0,0,0,0,0,UNINCORPORATED,-121.91496703,36.57826397,36.57826397,-121.91496703,"c(-121.91496703, 36.57826397)",Pebble Beach
2017,2017-10-27,2017-10-27T09:55:00Z,Friday,1,BIXBY BRIDGE,N,N,1,NA,2,0,1,A,03,F,A,A,B,A,N,N,Y,N,N,1,0,0,0,0,0,0,0,1,UNINCORPORATED,-121.90481469,36.37531009,36.37531009,-121.90481469,"c(-121.90481469, 36.37531009)",Other Unincorporated
2017,2017-11-04,2017-11-04T12:19:00Z,Saturday,SR-198,198MON8,W,N,NA,NA,2,0,2,A,03,B,C,A,H,A,N,N,N,Y,N,1,1,0,0,0,0,0,0,0,UNINCORPORATED,NA,NA,0,0,"c(0, 0)",Other Unincorporated
2017,2017-06-21,2017-06-21T17:15:00Z,Wednesday,SKYLINE DR,MAR VISTA DR,NA,Y,NA,NA,4,0,1,A,09,-,C,A,H,A,N,N,N,N,N,0,0,1,0,0,0,0,0,0,MONTEREY,-121.91572989,36.59387003,36.59387003,-121.91572989,"c(-121.91572989, 36.59387003)",Monterey
2017,2017-06-06,2017-06-06T06:43:00Z,Tuesday,APPLE AV,LAS MANZANITAS DR,NA,Y,NA,NA,4,0,1,B,22,C,E,A,H,A,N,N,N,N,N,0,0,1,0,0,0,0,0,0,GREENFIELD,-121.23722993,36.3287001,36.3287001,-121.23722993,"c(-121.23722993, 36.3287001)",Greenfield
2017,2017-05-05,2017-05-05T12:55:00Z,Friday,VOSTI AV,VOSTI AV 1600,N,N,NA,NA,4,0,3,B,22,E,I,A,H,A,N,N,N,N,N,0,0,3,0,0,0,0,0,0,SOLEDAD,NA,NA,0,0,"c(0, 0)",Other Unincorporated
2017,2017-06-23,2017-06-23T11:34:00Z,Friday,PACIFIC ST,DOUD AV,N,N,NA,NA,3,0,1,A,09,D,G,A,A,A,N,Y,N,N,N,0,1,0,0,0,0,1,0,0,MONTEREY,-121.89902551,36.59105188,36.59105188,-121.89902551,"c(-121.89902551, 36.59105188)",Monterey
2017,2017-05-14,2017-05-14T20:32:00Z,Sunday,WALNUT AV,FRANSCIONI DR,NA,N,NA,NA,4,0,1,A,01,B,C,A,H,C,N,N,N,N,Y,0,0,1,0,0,0,0,0,0,GREENFIELD,-121.25177988,36.32495001,36.32495001,-121.25177988,"c(-121.25177988, 36.32495001)",Greenfield
2017,2017-05-09,2017-05-09T11:21:00Z,Tuesday,101,RT 101,W,N,101,R,3,0,1,A,03,C,C,A,H,A,N,N,N,N,N,0,1,0,0,0,0,0,0,0,SALINAS,-121.66618862,36.70127191,36.70127191,-121.66618862,"c(-121.66618862, 36.70127191)",Salinas
2017,2017-05-26,2017-05-26T14:06:00Z,Friday,EAST BORONDA RD,MAKINNON ST,E,N,NA,NA,3,0,1,A,03,C,C,A,H,A,N,N,N,N,N,0,1,0,0,0,0,0,0,0,SALINAS,NA,NA,0,0,"c(0, 0)",Other Unincorporated
2017,2017-05-20,2017-05-20T23:08:00Z,Saturday,OLD STAGE RD,WILLIAMS RD,S,N,NA,NA,3,0,1,A,08,E,I,A,C,D,N,N,N,N,N,0,1,0,0,0,0,0,0,0,SALINAS,-121.56910487,36.69248149,36.69248149,-121.56910487,"c(-121.56910487, 36.69248149)",Other Unincorporated
2017,2017-05-10,2017-05-10T23:40:00Z,Wednesday,SOUTH SANBORN RD,MAYFAIR DR,NA,Y,NA,NA,2,0,1,A,08,D,C,A,H,C,N,N,N,N,N,1,0,0,0,0,0,0,0,0,SALINAS,-121.62785999,36.66771001,36.66771001,-121.62785999,"c(-121.62785999, 36.66771001)",Salinas
2017,2017-05-30,2017-05-30T19:04:00Z,Tuesday,DEL MONTE AV,ORCHARD AV,NA,Y,NA,NA,4,0,1,A,09,D,C,A,-,A,N,N,N,N,N,0,0,1,0,0,0,0,0,0,SALINAS,-121.61154988,36.68954,36.68954,-121.61154988,"c(-121.61154988, 36.68954)",Salinas
2017,2017-05-13,2017-05-13T22:43:00Z,Saturday,E ALISAL,N SANBORN,NA,Y,NA,NA,3,0,1,A,12,D,C,A,H,C,N,N,N,N,N,0,1,0,0,0,0,0,0,0,SALINAS,-121.62743993,36.67291007,36.67291007,-121.62743993,"c(-121.62743993, 36.67291007)",Salinas
2017,2017-05-12,2017-05-12T16:05:00Z,Friday,ADAMS ST,INCA WY,S,N,NA,NA,4,0,1,A,21,B,C,A,H,A,N,N,N,N,N,0,0,1,0,0,0,0,0,0,SALINAS,-121.66174061,36.70513574,36.70513574,-121.66174061,"c(-121.66174061, 36.70513574)",Salinas
2017,2017-11-02,2017-11-02T15:18:00Z,Thursday,146,STONEWALL CANYON ROAD,E,N,146,NA,2,0,1,A,08,E,I,A,H,A,N,N,N,N,N,1,0,0,0,0,0,0,0,0,UNINCORPORATED,-121.28801019,36.42318861,36.42318861,-121.28801019,"c(-121.28801019, 36.42318861)",Other Unincorporated
2017,2017-11-03,2017-11-03T17:20:00Z,Friday,BLANCO ROAD,DAVIS ROAD,W,N,NA,NA,4,0,1,A,03,C,C,A,H,A,N,N,N,N,N,0,0,1,0,0,0,0,0,0,UNINCORPORATED,-121.68581192,36.66711096,36.66711096,-121.68581192,"c(-121.68581192, 36.66711096)",Other Unincorporated
2017,2017-11-03,2017-11-03T03:55:00Z,Friday,ECHO VALLEY RD.,VIA DEL SOL,E,N,NA,NA,3,0,2,A,08,F,A,A,H,D,N,N,N,N,N,0,1,1,0,0,0,0,0,0,UNINCORPORATED,-121.65032718,36.82870242,36.82870242,-121.65032718,"c(-121.65032718, 36.82870242)",Other Unincorporated
2017,2017-11-03,2017-11-03T05:00:00Z,Friday,US-101 NORTHBOUND FROM KERN ST,E MARKET ST OVER-CROSSING,N,N,NA,NA,4,0,1,A,03,F,A,A,H,C,N,N,N,N,N,0,0,1,0,0,0,0,0,0,UNINCORPORATED,NA,NA,0,0,"c(0, 0)",Other Unincorporated
2017,2017-11-06,2017-11-06T17:49:00Z,Monday,101,FRONT ST O.C.,N,N,101,NA,4,0,1,A,03,C,C,A,H,D,N,N,N,N,N,0,0,1,0,0,0,0,0,0,UNINCORPORATED,-121.34567786,36.43725238,36.43725238,-121.34567786,"c(-121.34567786, 36.43725238)",Other Unincorporated
2017,2017-11-04,2017-11-04T07:15:00Z,Saturday,1,RESERVATION ROAD,N,N,1,NA,4,0,1,A,08,F,A,A,H,A,N,N,N,N,N,0,0,1,0,0,0,0,0,0,UNINCORPORATED,-121.8013099,36.70258436,36.70258436,-121.8013099,"c(-121.8013099, 36.70258436)",Marina
2017,2017-11-05,2017-11-05T15:48:00Z,Sunday,SR-1 NORTHBOUND,RESERVATION RD U/C,N,N,NA,NA,4,0,1,A,03,C,C,A,H,A,N,N,N,N,N,0,0,1,0,0,0,0,0,0,UNINCORPORATED,-121.79717162,36.70988582,36.70988582,-121.79717162,"c(-121.79717162, 36.70988582)",Other Unincorporated
2017,2017-11-06,2017-11-06T07:15:00Z,Monday,68,SR-1,W,N,68,NA,3,0,1,A,09,C,G,A,H,A,N,Y,N,N,N,0,1,0,0,0,0,1,0,0,UNINCORPORATED,-121.91291028,36.57528988,36.57528988,-121.91291028,"c(-121.91291028, 36.57528988)",Pebble Beach
2017,2017-11-03,2017-11-03T09:22:00Z,Friday,ELKHORN ROAD,WERNER ROAD,S,N,NA,NA,4,0,1,A,03,C,C,A,H,A,N,N,N,N,N,0,0,1,0,0,0,0,0,0,UNINCORPORATED,-121.74727336,36.87867982,36.87867982,-121.74727336,"c(-121.74727336, 36.87867982)",Royal Oaks
2017,2017-11-03,2017-11-03T21:59:00Z,Friday,101,AIRPORT BLVD,S,N,101,NA,4,0,3,A,03,C,C,A,H,D,N,N,N,N,N,0,0,3,0,0,0,0,0,0,UNINCORPORATED,-121.61321397,36.64637695,36.64637695,-121.61321397,"c(-121.61321397, 36.64637695)",Other Unincorporated
2017,2017-11-03,2017-11-03T07:20:00Z,Friday,1,JENSEN ROAD,N,N,1,NA,3,0,1,A,05,A,C,A,H,A,N,N,N,N,N,0,1,0,0,0,0,0,0,0,UNINCORPORATED,-121.77108656,36.85566023,36.85566023,-121.77108656,"c(-121.77108656, 36.85566023)",Royal Oaks
2017,2017-05-11,2017-05-11T14:09:00Z,Thursday,EAST LAUREL DR,TOWT ST,NA,Y,NA,NA,4,0,1,A,09,D,C,A,H,A,N,N,N,N,N,0,0,1,0,0,0,0,0,0,SALINAS,-121.61766991,36.67920005,36.67920005,-121.61766991,"c(-121.61766991, 36.67920005)",Salinas
2017,2017-05-06,2017-05-06T14:02:00Z,Saturday,NORTH MAIN ST,SAN JUAN GRADE RD,N,N,NA,NA,4,0,2,A,04,C,C,A,H,A,N,N,N,N,N,0,0,2,0,0,0,0,0,0,SALINAS,-121.65378773,36.71801054,36.71801054,-121.65378773,"c(-121.65378773, 36.71801054)",Salinas
2017,2017-05-10,2017-05-10T18:37:00Z,Wednesday,S SANDBORN,MCGOWAN DR,S,N,NA,NA,4,0,4,A,04,C,C,A,H,A,N,N,N,N,N,0,0,4,0,0,0,0,0,0,SALINAS,NA,NA,0,0,"c(0, 0)",Other Unincorporated
2017,2017-05-09,2017-05-09T21:06:00Z,Tuesday,NORTH SANBORN RD,E ALISAL ST,N,-,NA,NA,4,0,1,A,07,B,C,A,H,C,N,N,N,N,N,0,0,1,0,0,0,0,0,0,SALINAS,-121.62744000000001,36.67296495,36.67296495,-121.62744000000001,"c(-121.62744, 36.67296495)",Salinas
2017,2017-05-08,2017-05-08T23:51:00Z,Monday,REATA ST,MARYAL DR,NA,Y,NA,NA,3,0,2,A,01,D,C,A,H,D,N,N,N,N,Y,0,2,0,0,0,0,0,0,0,SALINAS,-121.64636989,36.70209009,36.70209009,-121.64636989,"c(-121.64636989, 36.70209009)",Salinas
2017,2017-05-20,2017-05-20T10:52:00Z,Saturday,HUMBOLDT,DONNER,N,N,NA,NA,4,0,1,A,11,G,B,E,H,A,Y,N,N,N,N,0,0,1,0,1,0,0,0,0,SALINAS,-121.62976054,36.70996297,36.70996297,-121.62976054,"c(-121.62976054, 36.70996297)",Salinas
2017,2017-05-01,2017-05-01T02:49:00Z,Monday,EAST BORONDA RD,INDEPENDENCE BL,NA,Y,NA,NA,3,0,2,A,08,E,I,A,H,C,N,N,N,N,N,0,1,1,0,0,0,0,0,0,SALINAS,-121.61653999,36.71493007,36.71493007,-121.61653999,"c(-121.61653999, 36.71493007)",Salinas
2017,2017-05-14,2017-05-14T15:02:00Z,Sunday,NORTH MAIN ST,ALVIN DR,NA,Y,NA,NA,4,0,2,A,03,A,C,A,H,A,N,N,N,N,N,0,0,2,0,0,0,0,0,0,SALINAS,-121.65366994,36.70787004,36.70787004,-121.65366994,"c(-121.65366994, 36.70787004)",Salinas
2017,2017-04-18,2017-04-18T18:28:00Z,Tuesday,TOWT ST,2ND AV,N,N,NA,NA,4,0,1,A,00,G,B,D,H,A,Y,N,N,N,N,0,0,1,0,1,0,0,0,0,SALINAS,-121.62219541,36.67516588,36.67516588,-121.62219541,"c(-121.62219541, 36.67516588)",Salinas
2017,2017-05-18,2017-05-18T00:08:00Z,Thursday,NORTH MAIN ST,BOLIVAR ST,NA,Y,NA,NA,4,0,1,A,12,D,C,A,H,C,N,N,N,N,N,0,0,1,0,0,0,0,0,0,SALINAS,-121.65636988,36.72505007,36.72505007,-121.65636988,"c(-121.65636988, 36.72505007)",Salinas
2017,2017-05-19,2017-05-19T23:18:00Z,Friday,CASENTINI ST,NORTH MAIN ST,W,N,NA,NA,2,0,2,A,01,A,C,A,H,C,N,N,N,N,Y,1,1,0,0,0,0,0,0,0,SALINAS,-121.65593781,36.68588171,36.68588171,-121.65593781,"c(-121.65593781, 36.68588171)",Salinas
2017,2017-05-03,2017-05-03T17:46:00Z,Wednesday,EAST LAUREL DR,ST EDWARDS ST,NA,Y,NA,NA,4,0,2,A,09,D,C,A,H,A,N,N,N,N,N,0,0,2,0,0,0,0,0,0,SALINAS,-121.62309998,36.68633001,36.68633001,-121.62309998,"c(-121.62309998, 36.68633001)",Salinas
2017,2017-11-06,2017-11-06T13:25:00Z,Monday,DAVIS ROAD,BLANCO ROAD,N,N,NA,NA,4,0,1,A,21,C,C,A,H,A,N,N,N,N,N,0,0,1,0,0,0,0,0,0,UNINCORPORATED,-121.68490947,36.66702221,36.66702221,-121.68490947,"c(-121.68490947, 36.66702221)",Other Unincorporated
2017,2017-11-06,2017-11-06T10:40:00Z,Monday,MERIDIAN ROAD,DYER ROAD,E,N,NA,NA,4,0,1,A,09,D,C,A,H,A,N,N,N,N,N,0,0,1,0,0,0,0,0,0,UNINCORPORATED,-121.68243107,36.78829629,36.78829629,-121.68243107,"c(-121.68243107, 36.78829629)",Other Unincorporated
2017,2017-11-07,2017-11-07T09:20:00Z,Tuesday,101,RALPH LANE,N,N,101,NA,4,0,1,A,03,C,C,A,H,A,N,N,N,N,N,0,0,1,0,0,0,0,0,0,UNINCORPORATED,-121.66825047,36.76648625,36.76648625,-121.66825047,"c(-121.66825047, 36.76648625)",Other Unincorporated
2017,2017-11-03,2017-11-03T13:40:00Z,Friday,101,ECKHART RD.,N,N,101,NA,4,0,4,A,08,C,C,A,H,A,N,N,N,Y,N,0,0,4,0,0,0,0,0,0,UNINCORPORATED,-121.57353549,36.61763105,36.61763105,-121.57353549,"c(-121.57353549, 36.61763105)",Other Unincorporated
2017,2017-11-11,2017-11-11T17:35:00Z,Saturday,68,B ROAD,W,N,68,NA,2,0,2,A,05,A,C,A,H,D,N,N,Y,N,N,1,0,1,0,0,0,0,0,1,UNINCORPORATED,-121.7620279,36.57041742,36.57041742,-121.7620279,"c(-121.7620279, 36.57041742)",Other Unincorporated
2017,2017-11-07,2017-11-07T14:30:00Z,Tuesday,NASHUA ROAD,MONTE ROAD,S,N,NA,NA,4,0,1,A,03,C,C,A,H,A,N,N,N,N,N,0,0,1,0,0,0,0,0,0,UNINCORPORATED,-121.75878689,36.73489193,36.73489193,-121.75878689,"c(-121.75878689, 36.73489193)",Other Unincorporated
2017,2017-11-07,2017-11-07T07:45:00Z,Tuesday,SR-1 N/B,LIGHTFIGHTER DRIVE,S,N,NA,NA,4,0,1,A,07,B,C,A,H,A,N,N,N,Y,N,0,0,1,0,0,0,0,0,0,UNINCORPORATED,-121.81894288,36.64437161,36.64437161,-121.81894288,"c(-121.81894288, 36.64437161)",Seaside
2017,2017-11-11,2017-11-11T17:51:00Z,Saturday,1,COAST RD,S,N,1,NA,3,0,1,A,08,E,J,A,H,D,N,N,N,N,N,0,1,0,0,0,0,0,0,0,UNINCORPORATED,-121.90223587,36.35611445,36.35611445,-121.90223587,"c(-121.90223587, 36.35611445)",Other Unincorporated
2017,2017-11-11,2017-11-11T15:20:00Z,Saturday,SR-1 S/B,TIOGA AVE,S,N,NA,NA,4,0,2,A,03,C,C,A,H,A,N,N,N,N,N,0,0,2,0,0,0,0,0,0,UNINCORPORATED,-121.84945836,36.61715453,36.61715453,-121.84945836,"c(-121.84945836, 36.61715453)",Sand City
2017,2017-11-10,2017-11-10T14:40:00Z,Friday,US-101 NORTHBOUND,TEAGUE AVENUE,S,N,NA,NA,2,0,1,A,08,F,A,A,H,A,N,N,N,N,N,1,0,0,0,0,0,0,0,0,UNINCORPORATED,-121.17783886,36.25580068,36.25580068,-121.17783886,"c(-121.17783886, 36.25580068)",Other Unincorporated
2017,2017-11-10,2017-11-10T16:29:00Z,Friday,183,BLACKIE ROAD,N,N,183,NA,4,0,5,A,03,C,C,A,H,A,N,N,N,N,N,0,0,5,0,0,0,0,0,0,UNINCORPORATED,-121.74811679,36.75841626,36.75841626,-121.74811679,"c(-121.74811679, 36.75841626)",Castroville
2017,2017-11-11,2017-11-11T06:04:00Z,Saturday,SALINAS RD,HILLCREST RD,E,N,NA,NA,3,0,1,A,08,B,I,A,H,B,N,N,N,N,N,0,1,0,0,0,0,0,0,0,UNINCORPORATED,-121.76114487,36.87364434,36.87364434,-121.76114487,"c(-121.76114487, 36.87364434)",Royal Oaks
2017,2017-11-12,2017-11-12T15:02:00Z,Sunday,1,JULIA PFEIFFER BURNS,N,N,1,NA,3,0,3,A,08,E,I,A,H,A,N,N,N,N,N,0,3,0,0,0,0,0,0,0,UNINCORPORATED,-121.68707385,36.17162725,36.17162725,-121.68707385,"c(-121.68707385, 36.17162725)",Big Sur
2017,2017-11-12,2017-11-12T16:47:00Z,Sunday,1,SR-183,NA,N,1,NA,4,0,2,A,03,C,C,A,H,A,N,N,N,N,N,0,0,2,0,0,0,0,0,0,UNINCORPORATED,-121.76526355,36.76570811,36.76570811,-121.76526355,"c(-121.76526355, 36.76570811)",Castroville
2017,2017-11-12,2017-11-12T18:40:00Z,Sunday,SAN MIGUEL CANYON ROAD,PRUNEDALE NORTH ROAD,S,N,NA,NA,4,0,1,A,03,C,C,A,H,C,N,N,N,N,N,0,0,1,0,0,0,0,0,0,UNINCORPORATED,-121.66503726,36.80047512,36.80047512,-121.66503726,"c(-121.66503726, 36.80047512)",Other Unincorporated
2017,2017-11-15,2017-11-15T17:39:00Z,Wednesday,68,MORSE DRIVE,E,N,68,NA,4,0,2,A,03,C,C,A,H,D,N,N,N,N,N,0,0,2,0,0,0,0,0,0,UNINCORPORATED,-121.92239504,36.5965978,36.5965978,-121.92239504,"c(-121.92239504, 36.5965978)",Pebble Beach
2017,2017-11-14,2017-11-14T09:05:00Z,Tuesday,SPENCE ROAD,US-101,E,N,NA,NA,4,0,1,A,09,D,C,A,H,A,N,N,N,N,N,0,0,1,0,0,0,0,0,0,UNINCORPORATED,-121.56289723,36.61539832,36.61539832,-121.56289723,"c(-121.56289723, 36.61539832)",Other Unincorporated
2017,2017-11-09,2017-11-09T19:30:00Z,Thursday,ECHO VALLEY RD,355 ECHO VALLEY RD PVT DRIVEWAY,W,N,NA,NA,3,0,2,A,01,A,C,A,H,D,N,N,N,N,Y,0,2,0,0,0,0,0,0,0,UNINCORPORATED,NA,NA,0,0,"c(0, 0)",Other Unincorporated
2017,2017-11-12,2017-11-12T12:30:00Z,Sunday,101,SR-156,S,N,101,NA,3,0,2,A,03,C,C,A,H,A,N,N,N,N,Y,0,1,1,0,0,0,0,0,0,UNINCORPORATED,-121.66777844,36.78822171,36.78822171,-121.66777844,"c(-121.66777844, 36.78822171)",Other Unincorporated
2017,2017-11-14,2017-11-14T06:15:00Z,Tuesday,SAN JUAN ROAD,EL CERRO ROAD,W,N,NA,NA,4,0,1,A,03,C,C,A,H,D,N,N,N,N,N,0,0,1,0,0,0,0,0,0,UNINCORPORATED,-121.64197073,36.85628774,36.85628774,-121.64197073,"c(-121.64197073, 36.85628774)",Royal Oaks
2017,2017-11-13,2017-11-13T06:25:00Z,Monday,183,MEAD STREET,N,N,183,NA,4,0,1,A,03,C,C,A,H,A,N,N,N,N,N,0,0,1,0,0,0,0,0,0,UNINCORPORATED,-121.76209108,36.76871538,36.76871538,-121.76209108,"c(-121.76209108, 36.76871538)",Castroville
2017,2017-11-13,2017-11-13T08:25:00Z,Monday,CASTROVILLE BLVD,COLLINS ROAD,N,N,NA,NA,4,0,2,A,03,C,C,A,H,A,N,N,N,N,N,0,0,2,0,0,0,0,0,0,UNINCORPORATED,-121.74277937,36.77121113,36.77121113,-121.74277937,"c(-121.74277937, 36.77121113)",Castroville
2017,2017-05-07,2017-05-07T12:37:00Z,Sunday,MONTEREY ST,EAST MARKET ST,N,N,NA,NA,3,0,4,A,04,C,C,A,H,A,N,N,N,N,N,0,1,3,0,0,0,0,0,0,SALINAS,-121.65457182,36.67785946,36.67785946,-121.65457182,"c(-121.65457182, 36.67785946)",Salinas
2017,2017-05-02,2017-05-02T13:05:00Z,Tuesday,EAST MARKET ST,SHERWOOD DR,E,N,NA,NA,4,0,1,A,09,D,C,A,H,A,N,N,N,N,N,0,0,1,0,0,0,0,0,0,SALINAS,-121.6490889,36.67847844,36.67847844,-121.6490889,"c(-121.6490889, 36.67847844)",Salinas
2017,2017-05-23,2017-05-23T15:45:00Z,Tuesday,NORTH MAIN ST,IRIS DR,NA,Y,NA,NA,3,0,4,A,12,D,C,A,H,A,N,N,N,N,N,0,1,3,0,0,0,0,0,0,SALINAS,-121.65223997,36.69317003,36.69317003,-121.65223997,"c(-121.65223997, 36.69317003)",Salinas
2017,2017-05-04,2017-05-04T09:18:00Z,Thursday,CONSTITUTION BL,INDEPENDENCE BL,N,N,NA,NA,3,0,2,A,09,A,C,A,H,A,N,N,N,N,N,0,1,1,0,0,0,0,0,0,SALINAS,-121.61978228,36.70036205,36.70036205,-121.61978228,"c(-121.61978228, 36.70036205)",Salinas
2017,2017-05-01,2017-05-01T15:52:00Z,Monday,E ALISAL ST,WOOD ST,W,N,NA,NA,4,0,1,A,-,-,C,A,H,A,N,N,N,N,N,0,0,1,0,0,0,0,0,0,SALINAS,-121.63545073,36.67370534,36.67370534,-121.63545073,"c(-121.63545073, 36.67370534)",Salinas
2017,2017-05-03,2017-05-03T17:57:00Z,Wednesday,PAJARO ST,E ACACIA,S,N,NA,NA,4,0,1,A,03,C,E,A,H,A,N,N,N,N,N,0,0,1,0,0,0,0,0,0,SALINAS,-121.65465234,36.66358744,36.66358744,-121.65465234,"c(-121.65465234, 36.66358744)",Salinas
2017,2017-05-02,2017-05-02T07:56:00Z,Tuesday,INDEPENDENCE BL,DANBURY ST,NA,Y,NA,NA,3,0,1,A,03,D,G,A,H,A,N,Y,N,N,N,0,1,0,0,0,0,1,0,0,SALINAS,-121.61849988,36.71227008,36.71227008,-121.61849988,"c(-121.61849988, 36.71227008)",Salinas
2017,2017-05-02,2017-05-02T08:57:00Z,Tuesday,VANDENBERG ST,LA GUARDIA ST,NA,Y,NA,NA,4,0,3,A,03,E,I,A,H,A,N,N,N,N,N,0,0,3,0,0,0,0,0,0,SALINAS,-121.6071,36.65768007,36.65768007,-121.6071,"c(-121.6071, 36.65768007)",Salinas
2017,2017-06-05,2017-06-05T16:06:00Z,Monday,DEL MONTE AV,NAVY GATE,W,N,NA,NA,4,0,1,A,03,C,C,A,H,A,N,N,N,N,N,0,0,1,0,0,0,0,0,0,MONTEREY,NA,NA,0,0,"c(0, 0)",Other Unincorporated
2017,2017-05-18,2017-05-18T11:49:00Z,Thursday,CASANOVA AV,NORTH FREMONT ST,S,N,NA,NA,3,0,1,A,17,D,G,A,H,A,N,Y,N,N,N,0,1,0,0,0,0,1,0,0,MONTEREY,-121.85280542,36.5973487,36.5973487,-121.85280542,"c(-121.85280542, 36.5973487)",Monterey