ACCIDENT_YEAR,COLLISION_DATE,COLLISION_TIME,DAY_OF_WEEK,PRIMARY_RD,SECONDARY_RD,DIRECTION,INTERSECTION,STATE_ROUTE,LOCATION_TYPE,COLLISION_SEVERITY,NUMBER_KILLED,NUMBER_INJURED,PRIMARY_COLL_FACTOR,PCF_VIOL_CATEGORY,TYPE_OF_COLLISION,MVIW,PED_ACTION,ROAD_COND_1,LIGHTING,PEDESTRIAN_ACCIDENT,BICYCLE_ACCIDENT,MOTORCYCLE_ACCIDENT,TRUCK_ACCIDENT,ALCOHOL_INVOLVED,COUNT_SEVERE_INJ,COUNT_VISIBLE_INJ,COUNT_COMPLAINT_PAIN,COUNT_PED_KILLED,COUNT_PED_INJURED,COUNT_BICYCLIST_KILLED,COUNT_BICYCLIST_INJURED,COUNT_MC_KILLED,COUNT_MC_INJURED,CITY,POINT_X,POINT_Y,lat,lon,geometry,city_new
2017,2017-05-21,2017-05-21T10:24:00Z,Sunday,NORTH FREMONT ST,RAMONA AV,E,N,NA,NA,4,0,1,A,09,B,C,A,H,A,N,N,N,N,N,0,0,1,0,0,0,0,0,0,MONTEREY,-121.855768,36.5972857,36.5972857,-121.855768,"c(-121.855768, 36.5972857)",Monterey
2017,2017-06-10,2017-06-10T15:19:00Z,Saturday,DEL MONTE AV,CAMINO EL ESTERO,E,N,NA,NA,4,0,1,A,03,C,C,A,H,A,N,N,N,N,N,0,0,1,0,0,0,0,0,0,MONTEREY,-121.88729978,36.59994,36.59994,-121.88729978,"c(-121.88729978, 36.59994)",Monterey
2017,2017-11-16,2017-11-16T22:05:00Z,Thursday,SAN JUAN GRADE ROAD,CRAZY HORS CANYON ROAD,S,N,NA,NA,4,0,1,A,03,E,A,A,H,D,N,N,N,N,N,0,0,1,0,0,0,0,0,0,UNINCORPORATED,-121.60362568,36.77329568,36.77329568,-121.60362568,"c(-121.60362568, 36.77329568)",Other Unincorporated
2017,2017-11-13,2017-11-13T18:00:00Z,Monday,SALINAS ROAD,TRAFTON ROAD,NA,Y,NA,NA,4,0,2,A,09,D,C,A,H,D,N,N,N,N,N,0,0,2,0,0,0,0,0,0,UNINCORPORATED,-121.74710997,36.88679001,36.88679001,-121.74710997,"c(-121.74710997, 36.88679001)",Royal Oaks
2017,2017-11-17,2017-11-17T17:46:00Z,Friday,WEST BLANCO RD,ARMSTRONG RD,E,N,NA,NA,2,0,1,A,09,D,C,A,H,D,N,N,N,N,N,1,0,0,0,0,0,0,0,0,UNINCORPORATED,-121.70689994,36.67859999,36.67859999,-121.70689994,"c(-121.70689994, 36.67859999)",Other Unincorporated
2017,2017-11-17,2017-11-17T18:50:00Z,Friday,1,IMJIN PKWY,N,N,1,NA,3,0,1,A,08,E,I,A,H,C,N,N,N,N,N,0,1,0,0,0,0,0,0,0,UNINCORPORATED,-121.81088756,36.67271488,36.67271488,-121.81088756,"c(-121.81088756, 36.67271488)",Marina
2017,2017-10-23,2017-10-23T06:10:00Z,Monday,US 101 SOUTHBOUND,CAMP ROBERTS EQUIPMENT U/C,N,N,NA,NA,1,1,3,A,03,C,C,A,H,C,N,N,N,Y,N,2,1,0,0,0,0,0,0,0,UNINCORPORATED,NA,NA,0,0,"c(0, 0)",Other Unincorporated
2017,2017-11-13,2017-11-13T14:08:00Z,Monday,1,BIXBY BRIDGE,N,N,1,NA,2,0,1,A,08,F,A,A,H,A,N,N,Y,N,N,1,0,0,0,0,0,0,0,1,UNINCORPORATED,-121.90486373,36.37435265,36.37435265,-121.90486373,"c(-121.90486373, 36.37435265)",Other Unincorporated
2017,2017-09-10,2017-09-10T19:56:00Z,Sunday,HALL ROAD,SILL ROAD,E,N,NA,NA,1,1,1,A,11,G,B,D,H,D,Y,N,Y,N,Y,0,1,0,1,0,0,0,0,1,UNINCORPORATED,-121.72131625,36.86411,36.86411,-121.72131625,"c(-121.72131625, 36.86411)",Royal Oaks
2017,2017-10-26,2017-10-26T05:40:00Z,Thursday,SAN JUAN ROAD,SAN MIGUEL CANYON ROAD,W,N,NA,NA,1,1,1,A,01,A,C,A,H,D,N,N,N,N,Y,1,0,0,0,0,0,0,0,0,UNINCORPORATED,-121.7131352,36.90399813,36.90399813,-121.7131352,"c(-121.7131352, 36.90399813)",Royal Oaks
2017,2017-11-19,2017-11-19T04:25:00Z,Sunday,HEBERT ROAD,MIDDLEFIELD ROAD,E,N,NA,NA,3,0,1,A,01,E,I,A,H,D,N,N,N,N,Y,0,1,0,0,0,0,0,0,0,UNINCORPORATED,-121.61198794,36.75747947,36.75747947,-121.61198794,"c(-121.61198794, 36.75747947)",Other Unincorporated
2017,2017-11-13,2017-11-13T17:40:00Z,Monday,68,CORRAL DE TIERRA RD,W,N,68,NA,3,0,1,A,03,C,C,A,H,D,N,N,N,N,N,0,1,0,0,0,0,0,0,0,UNINCORPORATED,-121.72824803,36.57845848,36.57845848,-121.72824803,"c(-121.72824803, 36.57845848)",Other Unincorporated
2017,2017-11-21,2017-11-21T11:40:00Z,Tuesday,1,JULIA PHEIFFER BURNS PARK,N,N,1,NA,1,1,0,C,18,H,A,A,H,A,N,N,N,N,N,0,0,0,0,0,0,0,0,0,UNINCORPORATED,-121.68100463,36.1685668,36.1685668,-121.68100463,"c(-121.68100463, 36.1685668)",Big Sur
2017,2017-11-21,2017-11-21T10:17:00Z,Tuesday,101,MAIN STREET (CHUALAR),S,N,101,NA,4,0,2,A,03,C,C,A,H,A,N,N,N,N,N,0,0,2,0,0,0,0,0,0,UNINCORPORATED,-121.51344309,36.5650006,36.5650006,-121.51344309,"c(-121.51344309, 36.5650006)",Chualar
2017,2017-11-19,2017-11-19T15:05:00Z,Sunday,MCDOUGAL STREET,PRESTON STREET,S,N,NA,NA,4,0,1,A,21,E,I,A,H,A,N,N,N,N,N,0,0,1,0,0,0,0,0,0,UNINCORPORATED,-121.75716942,36.76642593,36.76642593,-121.75716942,"c(-121.75716942, 36.76642593)",Castroville
2017,2017-11-20,2017-11-20T09:54:00Z,Monday,CARPENTER ROAD,SR-1,E,N,NA,NA,4,0,1,A,21,C,C,A,H,A,N,N,N,N,N,0,0,1,0,0,0,0,0,0,UNINCORPORATED,-121.91293,36.56698,36.56698,-121.91293,"c(-121.91293, 36.56698)",Other Unincorporated
2017,2017-11-21,2017-11-21T15:57:00Z,Tuesday,101,AIRPORT BLVD,S,N,101,NA,4,0,2,A,08,E,I,A,H,A,N,N,N,N,N,0,0,2,0,0,0,0,0,0,UNINCORPORATED,-121.62091239,36.65763497,36.65763497,-121.62091239,"c(-121.62091239, 36.65763497)",Other Unincorporated
2017,2017-11-20,2017-11-20T16:05:00Z,Monday,CARMEL VALLEY ROAD,SCARLETT ROAD,NA,Y,NA,NA,4,0,1,A,09,D,C,A,H,A,N,N,N,N,N,0,0,1,0,0,0,0,0,0,UNINCORPORATED,-121.79368999,36.52400005,36.52400005,-121.79368999,"c(-121.79368999, 36.52400005)",Carmel Valley
2017,2017-11-10,2017-11-10T17:45:00Z,Friday,US-101 SOUTHBOUND,5TH STREET,N,N,NA,NA,4,0,2,A,03,C,C,A,H,D,N,N,N,N,N,0,0,2,0,0,0,0,0,0,UNINCORPORATED,-121.43895654,36.51545851,36.51545851,-121.43895654,"c(-121.43895654, 36.51545851)",Gonzales
2017,2017-11-15,2017-11-15T12:40:00Z,Wednesday,101,MAIN STREET,N,N,101,NA,4,0,1,A,03,C,C,A,H,A,N,N,N,N,N,0,0,1,0,0,0,0,0,0,SALINAS,-121.65461619,36.68819788,36.68819788,-121.65461619,"c(-121.65461619, 36.68819788)",Salinas
2017,2017-11-16,2017-11-16T21:30:00Z,Thursday,101,SAN MIGUEL CANYON ROAD OVERCROSS,S,N,101,NA,4,0,2,A,03,D,C,A,H,C,N,N,N,N,N,0,0,2,0,0,0,0,0,0,UNINCORPORATED,-121.66455771,36.79915999,36.79915999,-121.66455771,"c(-121.66455771, 36.79915999)",Other Unincorporated
2017,2017-11-19,2017-11-19T17:10:00Z,Sunday,SALINAS ROAD,RAILROAD AVENUE,S,N,NA,NA,4,0,1,A,03,C,C,A,H,C,N,N,N,N,N,0,0,1,0,0,0,0,0,0,UNINCORPORATED,-121.74754851,36.89351883,36.89351883,-121.74754851,"c(-121.74754851, 36.89351883)",Pajaro
2017,2017-11-19,2017-11-19T18:00:00Z,Sunday,SAN JUAN ROAD,INGRAM COURT,E,N,NA,NA,3,0,2,A,01,C,C,A,H,C,N,N,N,N,Y,0,1,1,0,0,0,0,0,0,UNINCORPORATED,NA,NA,0,0,"c(0, 0)",Other Unincorporated
2017,2017-11-22,2017-11-22T19:25:00Z,Wednesday,101,JOLON ROAD,S,N,101,NA,3,0,1,A,01,E,I,A,H,D,N,N,N,N,Y,0,1,0,0,0,0,0,0,0,UNINCORPORATED,-121.14776668,36.19786044,36.19786044,-121.14776668,"c(-121.14776668, 36.19786044)",Other Unincorporated
2017,2017-11-20,2017-11-20T12:54:00Z,Monday,SR-1 TO LIGHTFIGHTER DRIVE,SR-1,E,N,NA,NA,4,0,1,A,08,D,C,A,H,A,N,N,N,N,N,0,0,1,0,0,0,0,0,0,UNINCORPORATED,NA,NA,0,0,"c(0, 0)",Other Unincorporated
2017,2017-11-23,2017-11-23T16:30:00Z,Thursday,UNITED STATES 101 (NORTHBOUND),ESPERANZA RD.,S,N,NA,NA,4,0,1,C,18,F,I,A,H,A,N,N,N,N,N,0,0,1,0,0,0,0,0,0,UNINCORPORATED,-121.53645596,36.58664614,36.58664614,-121.53645596,"c(-121.53645596, 36.58664614)",Other Unincorporated
2017,2017-11-23,2017-11-23T11:10:00Z,Thursday,101,MAIN STREET (CHUALAR),S,N,101,NA,3,0,1,A,08,E,I,A,H,A,N,N,N,N,N,0,1,0,0,0,0,0,0,0,UNINCORPORATED,-121.50767471,36.55910103,36.55910103,-121.50767471,"c(-121.50767471, 36.55910103)",Other Unincorporated
2017,2017-11-22,2017-11-22T08:53:00Z,Wednesday,DAVIS ROAD,BLANCO ROAD,N,N,NA,NA,4,0,1,A,21,C,C,A,H,A,N,N,N,N,N,0,0,1,0,0,0,0,0,0,UNINCORPORATED,-121.68508995,36.66682222,36.66682222,-121.68508995,"c(-121.68508995, 36.66682222)",Other Unincorporated
2017,2017-11-22,2017-11-22T07:00:00Z,Wednesday,BLANCO  ROAD,COOPER ROAD,W,N,NA,NA,4,0,1,A,08,E,I,A,H,A,N,N,N,N,N,0,0,1,0,0,0,0,0,0,UNINCORPORATED,-121.74042179,36.67864609,36.67864609,-121.74042179,"c(-121.74042179, 36.67864609)",Other Unincorporated
2017,2017-11-21,2017-11-21T10:40:00Z,Tuesday,1,LIGHTFIGHTER DRIVE,S,N,1,NA,3,0,2,A,03,F,A,A,H,A,N,N,N,N,N,0,2,0,0,0,0,0,0,0,UNINCORPORATED,-121.83013929,36.63736933,36.63736933,-121.83013929,"c(-121.83013929, 36.63736933)",Seaside
2017,2017-11-23,2017-11-23T06:00:00Z,Thursday,CHUALAR RIVER ROAD,RIVER ROAD,E,N,NA,NA,4,0,1,A,08,F,A,A,H,D,N,N,N,N,N,0,0,1,0,0,0,0,0,0,UNINCORPORATED,-121.54359848,36.55368801,36.55368801,-121.54359848,"c(-121.54359848, 36.55368801)",Chualar
2017,2017-11-24,2017-11-24T05:35:00Z,Friday,101,MARKET STREET,N,N,101,NA,4,0,1,A,08,E,I,A,H,D,N,N,N,N,N,0,0,1,0,0,0,0,0,0,SALINAS,-121.64275788,36.68140108,36.68140108,-121.64275788,"c(-121.64275788, 36.68140108)",Salinas
2017,2017-11-24,2017-11-24T02:10:00Z,Friday,HALL ROAD,WILLOW ROAD,E,N,NA,NA,4,0,1,A,08,E,I,A,H,C,N,N,N,N,N,0,0,1,0,0,0,0,0,0,UNINCORPORATED,-121.73494655,36.86563941,36.86563941,-121.73494655,"c(-121.73494655, 36.86563941)",Royal Oaks
2017,2017-11-24,2017-11-24T16:50:00Z,Friday,RESERVATION RD,PORTOLA DR,W,N,NA,NA,2,0,2,A,09,D,C,A,H,B,N,N,Y,N,N,2,0,0,0,0,0,0,0,2,UNINCORPORATED,-121.6988814,36.63412411,36.63412411,-121.6988814,"c(-121.6988814, 36.63412411)",Other Unincorporated
2017,2017-11-26,2017-11-26T02:01:00Z,Sunday,SALINAS ROAD,TRAFTON ROAD,S,N,NA,NA,3,0,1,A,03,C,C,A,H,C,N,N,N,N,N,0,1,0,0,0,0,0,0,0,UNINCORPORATED,-121.74694126,36.88404612,36.88404612,-121.74694126,"c(-121.74694126, 36.88404612)",Royal Oaks
2017,2017-11-22,2017-11-22T06:00:00Z,Wednesday,METZ ROAD,ELM AVENUE,N,N,NA,NA,3,0,1,A,08,F,A,A,H,B,N,N,N,N,N,0,1,0,0,0,0,0,0,0,UNINCORPORATED,-121.21410086,36.35729282,36.35729282,-121.21410086,"c(-121.21410086, 36.35729282)",Other Unincorporated
2017,2017-11-18,2017-11-18T12:25:00Z,Saturday,CARMEL VALLEY ROAD,RANA CREEK,W,N,NA,NA,4,0,1,A,03,C,C,A,H,A,N,N,N,N,N,0,0,1,0,0,0,0,0,0,UNINCORPORATED,NA,NA,0,0,"c(0, 0)",Other Unincorporated
2017,2017-11-24,2017-11-24T11:10:00Z,Friday,1,SR-183,N,N,1,R,4,0,1,A,03,C,C,A,H,A,N,N,N,Y,N,0,0,1,0,0,0,0,0,0,UNINCORPORATED,-121.76544,36.77103,36.77103,-121.76544,"c(-121.76544, 36.77103)",Castroville
2017,2017-11-27,2017-11-27T09:30:00Z,Monday,SAN JUAN ROAD,SUSAN STREET,E,N,NA,NA,4,0,1,A,03,C,C,A,H,A,N,N,N,N,N,0,0,1,0,0,0,0,0,0,UNINCORPORATED,-121.74422439,36.904402759999996,36.904402759999996,-121.74422439,"c(-121.74422439, 36.90440276)",Pajaro
2017,2017-11-27,2017-11-27T15:48:00Z,Monday,68,BOOTS RD,E,N,68,NA,3,0,2,A,08,E,I,A,H,A,N,N,N,N,N,0,2,0,0,0,0,0,0,0,UNINCORPORATED,-121.77534673,36.56813949,36.56813949,-121.77534673,"c(-121.77534673, 36.56813949)",Other Unincorporated
2017,2017-11-28,2017-11-28T14:20:00Z,Tuesday,101,SHERWOOD,S,N,101,NA,3,0,1,A,03,E,I,A,H,A,N,N,Y,N,N,0,1,0,0,0,0,0,0,1,SALINAS,-121.64417918,36.68241675,36.68241675,-121.64417918,"c(-121.64417918, 36.68241675)",Salinas
2017,2017-11-17,2017-11-17T09:50:00Z,Friday,US-101 S/B,SHERWOOD DRIVE,N,N,NA,NA,3,0,1,A,01,F,I,A,H,A,N,N,N,N,Y,0,1,0,0,0,0,0,0,0,UNINCORPORATED,-121.64996438,36.68551507,36.68551507,-121.64996438,"c(-121.64996438, 36.68551507)",Salinas
2017,2017-11-24,2017-11-24T10:10:00Z,Friday,METZ ROAD,BLUE JAY LANE,N,N,NA,NA,3,0,3,A,08,F,A,A,H,A,N,N,N,N,N,0,3,0,0,0,0,0,0,0,UNINCORPORATED,-121.26278354,36.4058574,36.4058574,-121.26278354,"c(-121.26278354, 36.4058574)",Other Unincorporated
2017,2017-11-25,2017-11-25T18:25:00Z,Saturday,101,REESE CIRCLE,S,N,101,NA,4,0,1,A,03,C,C,A,H,D,N,N,N,N,N,0,0,1,0,0,0,0,0,0,UNINCORPORATED,-121.66826951,36.76654574,36.76654574,-121.66826951,"c(-121.66826951, 36.76654574)",Other Unincorporated
2017,2017-11-27,2017-11-27T08:20:00Z,Monday,FOLETTA RD.,CHUALAR RIVER RD.,S,N,NA,NA,4,0,1,A,01,E,I,A,H,A,N,N,N,N,N,0,0,1,0,0,0,0,0,0,UNINCORPORATED,-121.49952361,36.55078549,36.55078549,-121.49952361,"c(-121.49952361, 36.55078549)",Chualar
2017,2017-11-26,2017-11-26T08:47:00Z,Sunday,101,SALA RD,N,N,101,R,3,0,1,A,08,E,I,A,H,A,N,N,N,N,N,0,1,0,0,0,0,0,0,0,UNINCORPORATED,-121.6618,36.74507,36.74507,-121.6618,"c(-121.6618, 36.74507)",Other Unincorporated
2017,2017-11-27,2017-11-27T07:55:00Z,Monday,101,ESPERANZA RD.,S,N,101,NA,4,0,1,A,03,C,C,A,H,A,N,N,N,N,N,0,0,1,0,0,0,0,0,0,UNINCORPORATED,-121.53775706,36.58823559,36.58823559,-121.53775706,"c(-121.53775706, 36.58823559)",Other Unincorporated
2017,2017-11-27,2017-11-27T04:05:00Z,Monday,101,CRAZY HORSE CANYON ROAD OVERCROSSING,N,N,101,NA,4,0,1,A,03,E,I,A,H,D,N,N,N,N,N,0,0,1,0,0,0,0,0,0,UNINCORPORATED,-121.63006701,36.83240885,36.83240885,-121.63006701,"c(-121.63006701, 36.83240885)",Other Unincorporated
2017,2017-11-27,2017-11-27T04:07:00Z,Monday,US-101 NORTHBOUND,CRAZY HORSE CANYON ROAD OVERCROSSING,N,N,NA,NA,4,0,1,A,03,A,C,A,H,D,N,N,N,N,N,0,0,1,0,0,0,0,0,0,UNINCORPORATED,-121.63271,36.81839,36.81839,-121.63271,"c(-121.63271, 36.81839)",Other Unincorporated
2017,2017-11-26,2017-11-26T02:30:00Z,Sunday,N/B SR-1 TO SR-68 (SALINAS),FAIRGROUND RD OVERCROSSING,W,N,NA,NA,3,0,1,A,01,E,I,A,H,D,N,N,N,N,Y,0,1,0,0,0,0,0,0,0,UNINCORPORATED,NA,NA,0,0,"c(0, 0)",Other Unincorporated
2017,2017-11-25,2017-11-25T20:28:00Z,Saturday,CALLE DEL ADOBE,ADDINGTON LN,E,N,NA,NA,2,0,1,A,05,H,G,A,H,D,N,Y,N,N,N,1,0,0,0,0,0,1,0,0,UNINCORPORATED,-121.67403465,36.6989375,36.6989375,-121.67403465,"c(-121.67403465, 36.6989375)",Other Unincorporated
2017,2017-11-29,2017-11-29T17:55:00Z,Wednesday,ELKHORN RD,GARIN RD,E,N,NA,NA,4,0,1,A,03,C,C,A,H,D,N,N,N,N,N,0,0,1,0,0,0,0,0,0,UNINCORPORATED,-121.74444961,36.8731649,36.8731649,-121.74444961,"c(-121.74444961, 36.8731649)",Royal Oaks
2017,2017-11-27,2017-11-27T08:24:00Z,Monday,SR-1 N/B,AGUAJITO ROAD,S,N,NA,NA,3,0,1,A,08,E,I,A,H,A,N,N,N,N,N,0,1,0,0,0,0,0,0,0,UNINCORPORATED,-121.88120828,36.59012724,36.59012724,-121.88120828,"c(-121.88120828, 36.59012724)",Monterey
2017,2017-11-27,2017-11-27T11:47:00Z,Monday,BLANCO ROAD,ARMSTRONG ROAD,W,N,NA,NA,3,0,1,A,03,C,C,A,D,A,N,N,N,N,N,0,1,0,0,0,0,0,0,0,UNINCORPORATED,-121.73133085,36.67871585,36.67871585,-121.73133085,"c(-121.73133085, 36.67871585)",Other Unincorporated
2017,2017-11-30,2017-11-30T17:31:00Z,Thursday,SR-1 N/B,AGUAJITO ROAD O/C,S,N,NA,NA,4,0,1,A,03,C,C,A,H,C,N,N,N,N,N,0,0,1,0,0,0,0,0,0,UNINCORPORATED,-121.88319621,36.5861115,36.5861115,-121.88319621,"c(-121.88319621, 36.5861115)",Monterey
2017,2017-11-29,2017-11-29T17:28:00Z,Wednesday,FRUITLAND AVE,SALINAS RD,NA,Y,NA,NA,4,0,1,A,09,D,C,A,H,D,N,N,N,N,N,0,0,1,0,0,0,0,0,0,UNINCORPORATED,-121.75255997,36.87801004,36.87801004,-121.75255997,"c(-121.75255997, 36.87801004)",Royal Oaks
2017,2017-12-02,2017-12-02T14:30:00Z,Saturday,CARMEL VALLEY ROAD,CACHAGUA ROAD,W,N,NA,NA,4,0,1,A,08,E,I,A,H,A,N,N,Y,N,N,0,0,1,0,0,0,0,0,1,UNINCORPORATED,-121.68320111,36.44683024,36.44683024,-121.68320111,"c(-121.68320111, 36.44683024)",Carmel Valley
2017,2017-06-05,2017-06-05T13:31:00Z,Monday,LIGHTHOUSE AV,DRAKE AV,S,N,NA,NA,3,0,1,A,03,C,C,A,H,A,N,N,N,N,N,0,1,0,0,0,0,0,0,0,MONTEREY,-121.89985248,36.61134848,36.61134848,-121.89985248,"c(-121.89985248, 36.61134848)",Monterey
2017,2017-02-03,2017-02-03T19:10:00Z,Friday,FAIRVIEW DR,SANBORN RD,NA,Y,NA,NA,4,0,1,A,09,D,C,A,H,C,N,N,N,N,N,0,0,1,0,0,0,0,0,0,SALINAS,-121.62791994,36.66709006,36.66709006,-121.62791994,"c(-121.62791994, 36.66709006)",Salinas
2017,2017-03-14,2017-03-14T17:27:00Z,Tuesday,SALINAS,EAST SAN LUIS ST,NA,Y,NA,NA,4,0,1,A,12,D,C,A,H,A,N,N,N,N,N,0,0,1,0,0,0,0,0,0,SALINAS,-121.65565992,36.67181007,36.67181007,-121.65565992,"c(-121.65565992, 36.67181007)",Salinas
2017,2017-06-13,2017-06-13T17:15:00Z,Tuesday,DEL MONTE AV,NAVY GATE,W,N,NA,NA,4,0,1,A,04,C,C,A,H,A,N,N,N,N,N,0,0,1,0,0,0,0,0,0,MONTEREY,NA,NA,0,0,"c(0, 0)",Other Unincorporated
2017,2017-06-07,2017-06-07T17:15:00Z,Wednesday,DAVID AV,SPENCER ST,NA,Y,NA,NA,4,0,2,A,09,D,C,A,H,A,N,N,N,N,N,0,0,2,0,0,0,0,0,0,MONTEREY,-121.90793993,36.61517006,36.61517006,-121.90793993,"c(-121.90793993, 36.61517006)",Monterey
2017,2017-06-13,2017-06-13T13:38:00Z,Tuesday,RESERVATION RD,BEACH RD,NA,Y,NA,NA,4,0,2,A,03,B,C,A,H,A,N,N,N,N,N,0,0,2,0,0,0,0,0,0,MARINA,-121.80175986,36.69492007,36.69492007,-121.80175986,"c(-121.80175986, 36.69492007)",Marina
2017,2017-05-28,2017-05-28T11:46:00Z,Sunday,GARDEN RD,HENDERSON WY,E,N,NA,NA,3,0,1,A,09,B,C,A,H,A,N,N,Y,N,N,0,1,0,0,0,0,0,0,1,MONTEREY,-121.85340456,36.58613821,36.58613821,-121.85340456,"c(-121.85340456, 36.58613821)",Monterey
2017,2017-05-22,2017-05-22T17:07:00Z,Monday,DEL MONTE AV,CASA VERDE WY,E,N,NA,NA,4,0,1,A,03,C,C,A,H,A,N,N,N,N,N,0,0,1,0,0,0,0,0,0,MONTEREY,-121.86633518,36.60219917,36.60219917,-121.86633518,"c(-121.86633518, 36.60219917)",Monterey
2017,2017-05-29,2017-05-29T12:41:00Z,Monday,OCEAN AV,TORRES ST,W,N,NA,NA,4,0,1,A,09,D,C,A,H,A,N,N,N,N,N,0,0,1,0,0,0,0,0,0,CARMEL,-121.91911427,36.55509947,36.55509947,-121.91911427,"c(-121.91911427, 36.55509947)",Carmel-by-the-Sea
2017,2017-06-16,2017-06-16T10:22:00Z,Friday,UPPER RAGSDALE DR,RANCHO SAUCITO LN,S,N,NA,NA,3,0,1,A,03,C,C,A,H,A,N,N,N,N,N,0,1,0,0,0,0,0,0,0,MONTEREY,NA,NA,0,0,"c(0, 0)",Other Unincorporated
2017,2017-06-27,2017-06-27T20:00:00Z,Tuesday,DEL MONTE AV,HANNON AV,E,N,NA,NA,4,0,1,C,18,F,I,A,H,A,N,N,Y,N,N,0,0,1,0,0,0,0,0,1,MONTEREY,-121.86169647,36.6043162,36.6043162,-121.86169647,"c(-121.86169647, 36.6043162)",Monterey
2017,2017-06-22,2017-06-22T16:33:00Z,Thursday,DEL MONTE AV,ENGLISH AV,W,N,NA,NA,4,0,1,A,03,C,C,A,H,A,N,N,N,N,N,0,0,1,0,0,0,0,0,0,MONTEREY,-121.86108333,36.60462051,36.60462051,-121.86108333,"c(-121.86108333, 36.60462051)",Monterey
2017,2017-11-29,2017-11-29T00:45:00Z,Wednesday,HALL ROAD,ELKHORN ROAD,E,N,NA,NA,3,0,1,A,01,E,I,A,H,D,N,N,N,N,Y,0,1,0,0,0,0,0,0,0,UNINCORPORATED,-121.74293073,36.86776188,36.86776188,-121.74293073,"c(-121.74293073, 36.86776188)",Royal Oaks
2017,2017-12-03,2017-12-03T23:40:00Z,Sunday,CASTROVILLE BLVD,ARCHER ROAD,E,N,NA,NA,3,0,1,A,01,E,A,A,H,D,N,N,N,N,Y,0,1,0,0,0,0,0,0,0,UNINCORPORATED,-121.69904031,36.79870835,36.79870835,-121.69904031,"c(-121.69904031, 36.79870835)",Castroville
2017,2017-12-08,2017-12-08T19:35:00Z,Friday,FOOTHILL RD.,RIVER RD.,S,N,NA,NA,3,0,1,A,08,F,A,A,H,D,N,N,N,N,N,0,1,0,0,0,0,0,0,0,UNINCORPORATED,-121.38733437,36.40802446,36.40802446,-121.38733437,"c(-121.38733437, 36.40802446)",Other Unincorporated
2017,2017-12-01,2017-12-01T18:25:00Z,Friday,BLANCO RD,DAVIS RD,W,N,NA,NA,4,0,1,A,03,C,C,A,H,C,N,N,N,N,N,0,0,1,0,0,0,0,0,0,UNINCORPORATED,-121.68556132,36.66699369,36.66699369,-121.68556132,"c(-121.68556132, 36.66699369)",Other Unincorporated
2017,2017-12-01,2017-12-01T21:30:00Z,Friday,68,TORERO DRIVE,W,N,68,NA,4,0,1,A,01,F,I,A,H,D,N,N,N,N,Y,0,0,1,0,0,0,0,0,0,UNINCORPORATED,-121.70525534,36.59302686,36.59302686,-121.70525534,"c(-121.70525534, 36.59302686)",Other Unincorporated
2017,2017-12-02,2017-12-02T03:00:00Z,Saturday,CARMEL VALLEY ROAD,LOS TULARES,W,N,NA,NA,3,0,2,A,08,E,I,A,E,D,N,N,N,N,N,0,2,0,0,0,0,0,0,0,UNINCORPORATED,-121.7129006,36.46883965,36.46883965,-121.7129006,"c(-121.7129006, 36.46883965)",Carmel Valley
2017,2017-12-02,2017-12-02T18:03:00Z,Saturday,156,OAK HILLS DR,E,N,156,NA,4,0,1,A,03,C,C,A,H,D,N,N,N,N,N,0,0,1,0,0,0,0,0,0,UNINCORPORATED,-121.70324287,36.78004108,36.78004108,-121.70324287,"c(-121.70324287, 36.78004108)",Other Unincorporated
2017,2017-12-02,2017-12-02T01:20:00Z,Saturday,101,GOULD ROAD,N,N,101,NA,3,0,1,A,01,E,I,A,H,D,N,N,N,N,Y,0,1,0,0,0,0,0,0,0,UNINCORPORATED,-121.60247845,36.63851985,36.63851985,-121.60247845,"c(-121.60247845, 36.63851985)",Other Unincorporated
2017,2017-12-03,2017-12-03T11:20:00Z,Sunday,1,CARMEL HILLS DRIVE,S,N,1,NA,3,0,1,A,07,B,C,A,H,A,N,N,N,N,N,0,1,0,0,0,0,0,0,0,UNINCORPORATED,-121.90996914,36.54836511,36.54836511,-121.90996914,"c(-121.90996914, 36.54836511)",Other Unincorporated
2017,2017-12-04,2017-12-04T17:28:00Z,Monday,SAN MIGUEL CANYON RD.,PONDEROSA LN.,N,N,NA,NA,4,0,1,A,03,C,C,A,H,D,N,N,N,N,N,0,0,1,0,0,0,0,0,0,UNINCORPORATED,NA,NA,0,0,"c(0, 0)",Other Unincorporated
2017,2017-12-05,2017-12-05T08:28:00Z,Tuesday,101,JOHN ST.,N,N,101,NA,4,0,1,A,03,C,C,A,H,A,N,N,N,N,N,0,0,1,0,0,0,0,0,0,SALINAS,-121.63921728,36.67108339,36.67108339,-121.63921728,"c(-121.63921728, 36.67108339)",Salinas
2017,2017-06-20,2017-06-20T15:45:00Z,Tuesday,DEL MONTE AV,SLOAT AV,W,N,NA,NA,3,0,1,A,09,D,C,A,H,A,N,N,N,N,N,0,1,0,0,0,0,0,0,0,MONTEREY,-121.87895494,36.5998615,36.5998615,-121.87895494,"c(-121.87895494, 36.5998615)",Monterey
2017,2017-06-27,2017-06-27T01:19:00Z,Tuesday,DEL MONTE AV,MCCORMICK ST,E,N,NA,NA,3,0,2,A,01,E,I,A,H,C,N,N,N,N,Y,0,1,1,0,0,0,0,0,0,MONTEREY,NA,NA,0,0,"c(0, 0)",Other Unincorporated