ACCIDENT_YEAR,COLLISION_DATE,COLLISION_TIME,DAY_OF_WEEK,PRIMARY_RD,SECONDARY_RD,DIRECTION,INTERSECTION,STATE_ROUTE,LOCATION_TYPE,COLLISION_SEVERITY,NUMBER_KILLED,NUMBER_INJURED,PRIMARY_COLL_FACTOR,PCF_VIOL_CATEGORY,TYPE_OF_COLLISION,MVIW,PED_ACTION,ROAD_COND_1,LIGHTING,PEDESTRIAN_ACCIDENT,BICYCLE_ACCIDENT,MOTORCYCLE_ACCIDENT,TRUCK_ACCIDENT,ALCOHOL_INVOLVED,COUNT_SEVERE_INJ,COUNT_VISIBLE_INJ,COUNT_COMPLAINT_PAIN,COUNT_PED_KILLED,COUNT_PED_INJURED,COUNT_BICYCLIST_KILLED,COUNT_BICYCLIST_INJURED,COUNT_MC_KILLED,COUNT_MC_INJURED,CITY,POINT_X,POINT_Y,lat,lon,geometry,city_new
2018,2018-10-02,2018-10-02T14:50:00Z,Tuesday,UNITED STATE 101 (NORTHBOUND),CHULAR RIVER ROAD,N,N,NA,NA,3,0,2,A,03,C,C,A,H,A,N,N,N,N,N,0,2,0,0,0,0,0,0,0,UNINCORPORATED,NA,NA,0,0,"c(0, 0)",Other Unincorporated
2018,2018-09-29,2018-09-29T16:30:00Z,Saturday,CACHAGUA RD.,TASSAJARA RD.,W,N,NA,NA,3,0,1,A,08,E,I,A,H,A,N,N,N,N,N,0,1,0,0,0,0,0,0,0,UNINCORPORATED,-121.6083984375,36.39337921142578,36.39337921142578,-121.6083984375,"c(-121.6083984375, 36.3933792114258)",Carmel Valley
2018,2018-10-02,2018-10-02T20:00:00Z,Tuesday,FOLETTA ROAD,ALTA STREET,W,N,NA,NA,2,0,1,A,08,A,J,A,H,D,N,N,N,N,N,1,0,0,0,0,0,0,0,0,UNINCORPORATED,-121.46620178222656,36.52342224121094,36.52342224121094,-121.46620178222656,"c(-121.466201782227, 36.5234222412109)",Other Unincorporated
2018,2018-09-28,2018-09-28T04:54:00Z,Friday,MERIDIAN ROAD,ARCHER ROAD,E,N,NA,NA,4,0,1,A,03,F,A,A,H,D,N,N,N,N,N,0,0,1,0,0,0,0,0,0,UNINCORPORATED,-121.69795989990234,36.78893280029297,36.78893280029297,-121.69795989990234,"c(-121.697959899902, 36.788932800293)",Other Unincorporated
2018,2018-09-27,2018-09-27T06:05:00Z,Thursday,SAN MIGUEL CANYON ROAD,STRONG CIRCLE,NA,Y,NA,NA,4,0,1,C,18,E,H,A,H,D,N,N,N,N,N,0,0,1,0,0,0,0,0,0,UNINCORPORATED,-121.68305206298828,36.83647155761719,36.83647155761719,-121.68305206298828,"c(-121.683052062988, 36.8364715576172)",Royal Oaks
2018,2018-09-25,2018-09-25T19:50:00Z,Tuesday,E. ALISAL RD,SCONEBERG PKWY,S,N,NA,NA,3,0,4,A,08,B,C,A,H,D,N,N,N,N,N,0,1,3,0,0,0,0,0,0,UNINCORPORATED,-121.59969329833984,36.671287536621094,36.671287536621094,-121.59969329833984,"c(-121.59969329834, 36.6712875366211)",Other Unincorporated
2018,2018-09-28,2018-09-28T08:06:00Z,Friday,68,TORERO ROAD,NA,Y,68,NA,4,0,1,A,06,D,C,A,H,A,N,N,Y,N,N,0,0,1,0,0,0,0,0,1,UNINCORPORATED,-121.70452117919922,36.593624114990234,36.593624114990234,-121.70452117919922,"c(-121.704521179199, 36.5936241149902)",Other Unincorporated
2018,2018-09-30,2018-09-30T13:48:00Z,Sunday,68,A ROAD,NA,Y,68,NA,4,0,2,A,08,D,C,A,H,A,N,N,N,N,N,0,0,2,0,0,0,0,0,0,UNINCORPORATED,-121.76179504394531,36.570404052734375,36.570404052734375,-121.76179504394531,"c(-121.761795043945, 36.5704040527344)",Other Unincorporated
2018,2018-09-29,2018-09-29T22:50:00Z,Saturday,S/B US-101,MARKET STREET,S,N,NA,NA,4,0,1,A,00,G,B,E,H,D,Y,N,N,N,N,0,0,1,0,1,0,0,0,0,UNINCORPORATED,NA,NA,0,0,"c(0, 0)",Other Unincorporated
2018,2018-09-29,2018-09-29T20:45:00Z,Saturday,ALISAL ROAD,FUJI LANE,E,N,NA,NA,3,0,1,A,01,F,A,A,H,D,N,N,N,N,Y,0,1,0,0,0,0,0,0,0,UNINCORPORATED,-121.56390380859375,36.638214111328125,36.638214111328125,-121.56390380859375,"c(-121.563903808594, 36.6382141113281)",Other Unincorporated
2018,2018-09-28,2018-09-28T21:10:00Z,Friday,156,MONTE DEL LAGO,E,N,156,NA,3,0,1,C,18,H,A,A,H,D,N,N,Y,N,N,0,1,0,0,0,0,0,0,1,UNINCORPORATED,-121.73169708251953,36.77177429199219,36.77177429199219,-121.73169708251953,"c(-121.73169708252, 36.7717742919922)",Castroville
2018,2018-10-07,2018-10-07T01:33:00Z,Sunday,1,MILEPOST MARKER SR-1 14.00,S,N,1,NA,2,0,2,A,05,A,C,A,H,D,N,N,N,N,N,2,0,0,0,0,0,0,0,0,UNINCORPORATED,-121.46858215332031,35.93124771118164,35.93124771118164,-121.46858215332031,"c(-121.46858215332, 35.9312477111816)",Big Sur
2018,2018-09-30,2018-09-30T18:07:00Z,Sunday,SR-156,CASTROVILLE BLVD,E,N,NA,NA,3,0,5,A,01,C,C,A,H,A,N,N,N,N,Y,0,3,2,0,0,0,0,0,0,SALINAS,-121.74722290039062,36.76654052734375,36.76654052734375,-121.74722290039062,"c(-121.747222900391, 36.7665405273438)",Castroville
2017,2017-10-03,2017-10-03T16:17:00Z,Tuesday,BROADWAY AV,SANTA BARBARA ST,W,N,NA,NA,4,0,1,A,08,B,E,A,D,A,N,N,N,N,N,0,0,1,0,0,0,0,0,0,SEASIDE,-121.84660034,36.60919663,36.60919663,-121.84660034,"c(-121.84660034, 36.60919663)",Seaside
2017,2017-10-30,2017-10-30T02:08:00Z,Monday,FREMONT BL,ECHO AV,S,N,NA,NA,3,0,1,A,01,F,I,A,H,C,N,N,N,N,Y,0,1,0,0,0,0,0,0,0,SEASIDE,-121.84302,36.61400011,36.61400011,-121.84302,"c(-121.84302, 36.61400011)",Seaside
2017,2017-10-31,2017-10-31T16:54:00Z,Tuesday,FREMONT BL,ORD GROVE AV,S,N,NA,NA,3,0,1,A,10,G,B,B,H,A,Y,N,N,N,N,0,1,0,0,1,0,0,0,0,SEASIDE,-121.8407052,36.61928285,36.61928285,-121.8407052,"c(-121.8407052, 36.61928285)",Seaside
2017,2017-10-30,2017-10-30T18:18:00Z,Monday,FREMONT BL,MONTEREY RD,N,N,NA,NA,4,0,1,A,03,C,C,A,H,C,N,N,N,N,N,0,0,1,0,0,0,0,0,0,SEASIDE,-121.84124966,36.62417705,36.62417705,-121.84124966,"c(-121.84124966, 36.62417705)",Seaside
2017,2017-12-04,2017-12-04T08:36:00Z,Monday,IMJIN PW,PRESTON AV,N,N,NA,NA,4,0,1,A,03,C,C,A,H,A,N,N,N,N,N,0,0,1,0,0,0,0,0,0,MARINA,-121.77023386,36.66839552,36.66839552,-121.77023386,"c(-121.77023386, 36.66839552)",Marina
2017,2017-12-22,2017-12-22T17:21:00Z,Friday,NORTH FREMONT ST,CASA VERDE WY,NA,Y,NA,NA,4,0,1,A,01,C,C,A,H,C,N,N,N,N,Y,0,0,1,0,0,0,0,0,0,MONTEREY,-121.86268996,36.59621009,36.59621009,-121.86268996,"c(-121.86268996, 36.59621009)",Monterey
2017,2017-12-19,2017-12-19T21:34:00Z,Tuesday,SHADY LN,TOYON DR,W,N,NA,NA,3,0,1,A,17,E,I,A,H,C,N,N,N,N,Y,0,1,0,0,0,0,0,0,0,MONTEREY,-121.91346498,36.58927756,36.58927756,-121.91346498,"c(-121.91346498, 36.58927756)",Monterey
2017,2017-12-14,2017-12-14T15:16:00Z,Thursday,SOLEDAD DR,MUNRAS AV,E,N,NA,NA,4,0,1,A,03,C,C,A,H,A,N,N,N,N,N,0,0,1,0,0,0,0,0,0,MONTEREY,-121.90169708,36.58326044,36.58326044,-121.90169708,"c(-121.90169708, 36.58326044)",Monterey
2017,2017-12-06,2017-12-06T13:24:00Z,Wednesday,FREMONT ST,CAMINO AGUAJITO,W,N,NA,NA,4,0,1,A,07,D,C,A,H,A,N,N,N,N,N,0,0,1,0,0,0,0,0,0,MONTEREY,-121.88279678,36.59382223,36.59382223,-121.88279678,"c(-121.88279678, 36.59382223)",Monterey
2017,2017-12-19,2017-12-19T22:49:00Z,Tuesday,DAVID AV,LIGHTHOUSE AV,NA,Y,NA,NA,4,0,1,A,10,G,B,B,H,C,Y,N,N,N,Y,0,0,1,0,1,0,0,0,0,MONTEREY,-121.90446993,36.61679004,36.61679004,-121.90446993,"c(-121.90446993, 36.61679004)",Monterey
2017,2017-12-19,2017-12-19T00:53:00Z,Tuesday,5TH ST,CENTER ST,NA,N,NA,NA,3,0,1,A,00,C,J,A,H,D,N,N,Y,N,N,0,1,0,0,0,0,0,0,1,GONZALES,-121.44382995,36.50886003,36.50886003,-121.44382995,"c(-121.44382995, 36.50886003)",Gonzales
2017,2017-11-03,2017-11-03T09:54:00Z,Friday,SONOMA AV,SONOMA AV 1120,NA,-,NA,NA,3,0,1,A,01,A,E,A,H,A,N,N,N,N,N,0,1,0,0,0,0,0,0,0,SEASIDE,NA,NA,0,0,"c(0, 0)",Other Unincorporated
2018,2018-09-30,2018-09-30T13:31:00Z,Sunday,1,SHELL GAS STATION (NORTH RD),N,N,1,NA,4,0,1,A,09,F,A,A,H,A,N,N,Y,N,N,0,0,1,0,0,0,0,0,1,UNINCORPORATED,-121.76863861083984,36.235897064208984,36.235897064208984,-121.76863861083984,"c(-121.76863861084, 36.235897064209)",Big Sur
2018,2018-09-30,2018-09-30T09:43:00Z,Sunday,MERRITT STREET,SALINAS ROAD,N,N,NA,NA,2,0,1,C,18,C,C,A,H,A,N,N,N,N,N,1,0,0,0,0,0,0,0,0,UNINCORPORATED,-121.75287628173828,36.76190948486328,36.76190948486328,-121.75287628173828,"c(-121.752876281738, 36.7619094848633)",Castroville
2018,2018-09-29,2018-09-29T22:34:00Z,Saturday,SR-1 N/B,SOLEDAD DR U/C,S,N,NA,NA,3,0,1,A,01,E,J,A,H,D,N,N,N,N,Y,0,1,0,0,0,0,0,0,0,UNINCORPORATED,-121.89965057373047,36.58189010620117,36.58189010620117,-121.89965057373047,"c(-121.89965057373, 36.5818901062012)",Monterey
2018,2018-08-05,2018-08-05T13:30:00Z,Sunday,MOLERA ROAD,ARTICHOKE LANE,W,N,NA,NA,1,1,0,A,03,C,C,A,H,A,N,N,Y,N,N,0,0,0,0,0,0,0,1,0,UNINCORPORATED,-121.77389526367188,36.74813461303711,36.74813461303711,-121.77389526367188,"c(-121.773895263672, 36.7481346130371)",Castroville
2018,2018-08-08,2018-08-08T04:25:00Z,Wednesday,SAN JUAN GRADE ROAD,HEBERT ROAD,N,N,NA,NA,1,1,1,A,01,C,C,A,H,D,N,N,N,N,Y,0,1,0,0,0,0,0,0,0,UNINCORPORATED,-121.61558532714844,36.7597541809082,36.7597541809082,-121.61558532714844,"c(-121.615585327148, 36.7597541809082)",Other Unincorporated
2018,2018-09-28,2018-09-28T23:30:00Z,Friday,SAN JUAN ROAD,ALLISON STREET,E,N,NA,NA,4,0,1,A,08,E,A,A,H,D,N,N,N,N,N,0,0,1,0,0,0,0,0,0,UNINCORPORATED,-121.72174835205078,36.904090881347656,36.904090881347656,-121.72174835205078,"c(-121.721748352051, 36.9040908813477)",Royal Oaks
2018,2018-09-29,2018-09-29T20:30:00Z,Saturday,CALLE DEL ADOBE,POST DR,NA,Y,NA,NA,4,0,1,A,09,D,C,A,H,C,N,N,N,N,N,0,0,1,0,0,0,0,0,0,UNINCORPORATED,-121.67070007324219,36.698028564453125,36.698028564453125,-121.67070007324219,"c(-121.670700073242, 36.6980285644531)",Other Unincorporated
2018,2018-09-30,2018-09-30T23:15:00Z,Sunday,101,PRUNEDALE SOUTH ROAD,NA,Y,101,NA,3,0,1,A,01,D,C,A,H,D,N,N,N,N,Y,0,1,0,0,0,0,0,0,0,UNINCORPORATED,-121.66803741455078,36.78772735595703,36.78772735595703,-121.66803741455078,"c(-121.668037414551, 36.787727355957)",Other Unincorporated
2018,2018-10-01,2018-10-01T16:17:00Z,Monday,SAN JUAN ROAD,ALLISON ROAD,E,N,NA,NA,3,0,1,A,03,E,A,A,H,A,N,N,Y,N,N,0,1,0,0,0,0,0,0,1,UNINCORPORATED,-121.72355651855469,36.904109954833984,36.904109954833984,-121.72355651855469,"c(-121.723556518555, 36.904109954834)",Royal Oaks
2018,2018-10-01,2018-10-01T10:30:00Z,Monday,1,HANDLEY DRIVE,NA,Y,1,NA,3,0,1,A,09,D,C,A,H,A,N,N,N,N,N,0,1,0,0,0,0,0,0,0,UNINCORPORATED,-121.912353515625,36.56514358520508,36.56514358520508,-121.912353515625,"c(-121.912353515625, 36.5651435852051)",Other Unincorporated
2018,2018-10-01,2018-10-01T06:25:00Z,Monday,101,SR-146,N,N,101,NA,4,0,1,A,08,E,I,A,H,D,N,N,N,N,N,0,0,1,0,0,0,0,0,0,SOLEDAD,-121.32909393310547,36.424808502197266,36.424808502197266,-121.32909393310547,"c(-121.329093933105, 36.4248085021973)",Other Unincorporated
2018,2018-10-02,2018-10-02T06:45:00Z,Tuesday,DAVIS ROAD,MARKET STREET,N,N,NA,NA,4,0,1,A,03,C,C,A,H,B,N,N,N,N,N,0,0,1,0,0,0,0,0,0,UNINCORPORATED,-121.67436218261719,36.68526077270508,36.68526077270508,-121.67436218261719,"c(-121.674362182617, 36.6852607727051)",Other Unincorporated
2018,2018-10-03,2018-10-03T13:02:00Z,Wednesday,101,ALVARADO ROAD,N,N,101,NA,4,0,1,A,08,E,I,A,H,A,N,N,N,N,N,0,0,1,0,0,0,0,0,0,UNINCORPORATED,-120.88452911376953,35.9603385925293,35.9603385925293,-120.88452911376953,"c(-120.88452911377, 35.9603385925293)",San Ardo
2018,2018-10-03,2018-10-03T17:00:00Z,Wednesday,US-101 S/B,OAK AVE,N,N,NA,NA,3,0,3,A,03,C,C,A,H,A,N,N,N,N,N,0,1,2,0,0,0,0,0,0,UNINCORPORATED,-121.23928833007812,36.32489776611328,36.32489776611328,-121.23928833007812,"c(-121.239288330078, 36.3248977661133)",Greenfield
2018,2018-10-02,2018-10-02T08:06:00Z,Tuesday,GEIL STREET,UNION STREET,N,N,NA,NA,2,0,2,A,08,C,E,A,H,A,N,N,N,N,N,1,1,0,0,0,0,0,0,0,UNINCORPORATED,-121.75261688232422,36.765743255615234,36.765743255615234,-121.75261688232422,"c(-121.752616882324, 36.7657432556152)",Castroville
2018,2018-10-02,2018-10-02T17:53:00Z,Tuesday,1,SAN JOSE CREEK CANYON RD,N,N,1,NA,4,0,1,A,09,D,D,A,H,A,N,N,N,N,N,0,0,1,0,0,0,0,0,0,UNINCORPORATED,-121.92699432373047,36.52259063720703,36.52259063720703,-121.92699432373047,"c(-121.92699432373, 36.522590637207)",Other Unincorporated
2018,2018-10-03,2018-10-03T07:10:00Z,Wednesday,ALISAL ROAD,HARTNELL ROAD,N,N,NA,NA,3,0,2,A,01,B,C,A,H,A,N,N,N,N,N,0,1,1,0,0,0,0,0,0,UNINCORPORATED,-121.58201599121094,36.651275634765625,36.651275634765625,-121.58201599121094,"c(-121.582015991211, 36.6512756347656)",Other Unincorporated
2018,2018-10-03,2018-10-03T09:00:00Z,Wednesday,OLD STAGE ROAD,ESPERANZA ROAD,S,N,NA,NA,4,0,1,A,03,C,C,A,H,A,N,N,N,N,N,0,0,1,0,0,0,0,0,0,UNINCORPORATED,-121.51336669921875,36.60444641113281,36.60444641113281,-121.51336669921875,"c(-121.513366699219, 36.6044464111328)",Other Unincorporated
2018,2018-10-03,2018-10-03T05:55:00Z,Wednesday,1,PETER PAN ROAD,N,N,1,NA,3,0,1,A,03,F,A,A,H,D,N,N,N,N,N,0,1,0,0,0,0,0,0,0,UNINCORPORATED,-121.93618774414062,36.499141693115234,36.499141693115234,-121.93618774414062,"c(-121.936187744141, 36.4991416931152)",Other Unincorporated
2018,2018-10-04,2018-10-04T20:45:00Z,Thursday,183,PAJARO ST,NA,Y,183,NA,3,0,1,A,10,G,B,B,H,C,Y,N,N,N,N,0,1,0,0,1,0,0,0,0,UNINCORPORATED,-121.75385284423828,36.76263427734375,36.76263427734375,-121.75385284423828,"c(-121.753852844238, 36.7626342773438)",Castroville
2018,2018-10-04,2018-10-04T08:55:00Z,Thursday,1,NASHUA/MOLERA ROAD,S,N,1,NA,3,0,4,A,01,B,C,A,H,A,N,N,N,N,N,0,2,2,0,0,0,0,0,0,UNINCORPORATED,-121.78124237060547,36.73373031616211,36.73373031616211,-121.78124237060547,"c(-121.781242370605, 36.7337303161621)",Castroville
2018,2018-10-05,2018-10-05T16:30:00Z,Friday,DAVIS ROAD,CENTRAL AVENUE,NA,Y,NA,NA,4,0,1,A,05,D,G,A,H,A,N,Y,N,N,N,0,0,1,0,0,0,1,0,0,UNINCORPORATED,-121.67693328857422,36.676300048828125,36.676300048828125,-121.67693328857422,"c(-121.676933288574, 36.6763000488281)",Other Unincorporated
2018,2018-10-03,2018-10-03T13:00:00Z,Wednesday,1,SODA SPRINGS TRAILHEAD,S,N,1,NA,2,0,1,A,05,A,C,A,H,A,N,N,Y,N,N,1,0,0,0,0,0,0,0,1,UNINCORPORATED,-121.37416076660156,35.821414947509766,35.821414947509766,-121.37416076660156,"c(-121.374160766602, 35.8214149475098)",Big Sur
2018,2018-10-03,2018-10-03T16:30:00Z,Wednesday,1,VISTA POINT MPM 37,N,N,1,NA,4,0,1,A,03,E,I,A,H,A,N,N,N,N,N,0,0,1,0,0,0,0,0,0,UNINCORPORATED,-121.68860626220703,36.171993255615234,36.171993255615234,-121.68860626220703,"c(-121.688606262207, 36.1719932556152)",Big Sur
2018,2018-10-05,2018-10-05T12:06:00Z,Friday,RIO RD,SR-1,E,N,NA,NA,4,0,2,A,21,C,C,A,H,A,N,N,N,N,N,0,0,2,0,0,0,0,0,0,UNINCORPORATED,-121.9100570678711,36.539306640625,36.539306640625,-121.9100570678711,"c(-121.910057067871, 36.539306640625)",Other Unincorporated
2018,2018-10-04,2018-10-04T16:10:00Z,Thursday,146,METZ RD,N,N,146,NA,2,0,1,A,08,E,I,A,H,A,N,N,N,N,N,1,0,0,0,0,0,0,0,0,UNINCORPORATED,-121.2836685180664,36.42040252685547,36.42040252685547,-121.2836685180664,"c(-121.283668518066, 36.4204025268555)",Other Unincorporated
2018,2018-10-05,2018-10-05T12:35:00Z,Friday,SAN MIGUEL CANYON ROAD,APRICOT LANE,E,N,NA,NA,3,0,1,A,08,E,I,A,H,A,N,N,N,N,N,0,1,0,0,0,0,0,0,0,UNINCORPORATED,-121.69084167480469,36.852909088134766,36.852909088134766,-121.69084167480469,"c(-121.690841674805, 36.8529090881348)",Royal Oaks
2018,2018-10-06,2018-10-06T06:10:00Z,Saturday,1,STRUVE ROAD (SOUTH),S,N,1,NA,4,0,2,A,09,D,C,A,H,B,N,N,N,N,N,0,0,2,0,0,0,0,0,0,UNINCORPORATED,-121.78450012207031,36.82132339477539,36.82132339477539,-121.78450012207031,"c(-121.78450012207, 36.8213233947754)",Moss Landing
2018,2018-10-04,2018-10-04T15:10:00Z,Thursday,HEBERT ROAD,SAN JUAN GRADE ROAD,E,N,NA,NA,4,0,1,A,08,B,C,A,H,A,N,N,N,N,N,0,0,1,0,0,0,0,0,0,UNINCORPORATED,-121.61277770996094,36.75792694091797,36.75792694091797,-121.61277770996094,"c(-121.612777709961, 36.757926940918)",Other Unincorporated
2018,2018-10-06,2018-10-06T12:50:00Z,Saturday,101,SPENCE ROAD,S,N,101,NA,4,0,2,A,03,C,C,A,H,A,N,N,N,N,N,0,0,2,0,0,0,0,0,0,UNINCORPORATED,-121.56527709960938,36.61159896850586,36.61159896850586,-121.56527709960938,"c(-121.565277099609, 36.6115989685059)",Other Unincorporated
2018,2018-10-07,2018-10-07T18:58:00Z,Sunday,CHUALAR RIVER ROAD,PARKER ROAD,S,N,NA,NA,3,0,1,A,03,F,I,A,H,A,N,N,N,N,N,0,1,0,0,0,0,0,0,0,UNINCORPORATED,NA,NA,0,0,"c(0, 0)",Other Unincorporated
2018,2018-10-07,2018-10-07T03:15:00Z,Sunday,101,WILDHORSE RD.,S,N,101,R,2,0,1,A,08,B,C,A,H,C,N,N,N,Y,N,1,0,0,0,0,0,0,0,0,UNINCORPORATED,-121.07154846191406,36.187538146972656,36.187538146972656,-121.07154846191406,"c(-121.071548461914, 36.1875381469727)",Other Unincorporated
2018,2018-10-08,2018-10-08T17:00:00Z,Monday,1,RIBERA ROAD,S,N,1,NA,3,0,1,A,03,C,C,A,H,A,N,N,Y,N,N,0,1,0,0,0,0,0,0,0,UNINCORPORATED,-121.92389678955078,36.52507019042969,36.52507019042969,-121.92389678955078,"c(-121.923896789551, 36.5250701904297)",Other Unincorporated
2018,2018-10-15,2018-10-15T07:15:00Z,Monday,JOLON ROAD,US-101 S/B TO JOLON ROAD,NA,Y,NA,NA,4,0,1,A,12,D,C,A,H,A,N,N,N,Y,N,0,0,1,0,0,0,0,0,0,UNINCORPORATED,NA,NA,0,0,"c(0, 0)",Other Unincorporated
2018,2018-10-08,2018-10-08T12:55:00Z,Monday,MAIN STREET,GRANT STREET,W,N,NA,NA,4,0,2,A,05,B,C,A,H,A,N,N,N,N,N,0,0,2,0,0,0,0,0,0,UNINCORPORATED,-121.51770782470703,36.56957244873047,36.56957244873047,-121.51770782470703,"c(-121.517707824707, 36.5695724487305)",Chualar
2018,2018-10-09,2018-10-09T20:02:00Z,Tuesday,BLANCO ROAD,DAVIS ROAD,NA,Y,NA,NA,3,0,2,A,09,D,C,A,H,C,N,N,N,N,N,0,1,1,0,0,0,0,0,0,UNINCORPORATED,-121.68511199951172,36.66680145263672,36.66680145263672,-121.68511199951172,"c(-121.685111999512, 36.6668014526367)",Other Unincorporated
2018,2018-10-09,2018-10-09T03:21:00Z,Tuesday,ASSOCIATED LANE,FANOE ROAD,E,N,NA,NA,4,0,1,A,08,A,E,A,H,D,N,N,N,N,N,0,0,1,0,0,0,0,0,0,UNINCORPORATED,-121.4485092163086,36.53150177001953,36.53150177001953,-121.4485092163086,"c(-121.448509216309, 36.5315017700195)",Other Unincorporated
2018,2018-10-09,2018-10-09T07:50:00Z,Tuesday,US-101 NORTHBOUND,JOHN STREET,N,N,NA,NA,3,0,2,A,07,B,C,A,H,A,N,N,N,N,N,0,1,1,0,0,0,0,0,0,SALINAS,-121.63990020751953,36.672019958496094,36.672019958496094,-121.63990020751953,"c(-121.63990020752, 36.6720199584961)",Salinas
2018,2018-10-10,2018-10-10T13:10:00Z,Wednesday,183,SR-156,NA,Y,183,NA,3,0,1,A,09,D,C,A,H,A,N,N,N,N,N,0,1,0,0,0,0,0,0,0,UNINCORPORATED,-121.75184631347656,36.76115798950195,36.76115798950195,-121.75184631347656,"c(-121.751846313477, 36.761157989502)",Castroville
2018,2018-10-06,2018-10-06T22:50:00Z,Saturday,ZABALA ROAD,ALISAL ROAD,N,N,NA,NA,3,0,1,A,01,E,I,A,H,D,N,N,N,N,Y,0,1,0,0,0,0,0,0,0,UNINCORPORATED,-121.56929016113281,36.64260482788086,36.64260482788086,-121.56929016113281,"c(-121.569290161133, 36.6426048278809)",Other Unincorporated
2018,2018-10-07,2018-10-07T16:48:00Z,Sunday,101,HUDSON RD,N,N,101,NA,3,0,1,A,01,E,I,A,H,A,N,N,N,N,Y,0,1,0,0,0,0,0,0,0,UNINCORPORATED,-121.27044677734375,36.35580825805664,36.35580825805664,-121.27044677734375,"c(-121.270446777344, 36.3558082580566)",Other Unincorporated
2018,2018-10-11,2018-10-11T17:54:00Z,Thursday,STRUVE ROAD,GIBERSON ROAD,S,N,NA,NA,4,0,2,A,09,D,C,A,H,A,N,N,N,N,N,0,0,2,0,0,0,0,0,0,UNINCORPORATED,-121.77999114990234,36.827003479003906,36.827003479003906,-121.77999114990234,"c(-121.779991149902, 36.8270034790039)",Royal Oaks
2018,2018-10-07,2018-10-07T23:34:00Z,Sunday,JOLON RD,CROSS RD,E,N,NA,NA,4,0,1,A,08,F,A,A,H,D,N,N,N,N,N,0,0,1,0,0,0,0,0,0,UNINCORPORATED,-121.1163101196289,35.939361572265625,35.939361572265625,-121.1163101196289,"c(-121.116310119629, 35.9393615722656)",Lockwood
2018,2018-10-08,2018-10-08T05:11:00Z,Monday,183,CALIFORNIA STREET,NA,Y,183,NA,4,0,2,A,09,D,C,A,H,C,N,N,N,N,N,0,0,2,0,0,0,0,0,0,UNINCORPORATED,-121.74861907958984,36.75877380371094,36.75877380371094,-121.74861907958984,"c(-121.74861907959, 36.7587738037109)",Castroville
2017,2017-11-03,2017-11-03T15:14:00Z,Friday,218,CANYON DEL REY BL,NA,Y,218,I,4,0,1,A,21,C,C,A,H,A,N,N,N,N,Y,0,0,1,0,0,0,0,0,0,SEASIDE,-121.85079106,36.59890581,36.59890581,-121.85079106,"c(-121.85079106, 36.59890581)",Seaside
2017,2017-12-04,2017-12-04T16:19:00Z,Monday,IMJIN PW,2ND AV,W,N,NA,NA,4,0,1,A,03,C,C,A,H,A,N,N,N,N,N,0,0,1,0,0,0,0,0,0,MARINA,-121.80900781,36.66785825,36.66785825,-121.80900781,"c(-121.80900781, 36.66785825)",Marina
2018,2018-01-01,2018-01-01T13:56:00Z,Monday,1,RT 1,NA,Y,1,R,3,0,1,A,03,E,C,A,H,A,N,N,N,N,N,0,1,0,0,0,0,0,0,0,MARINA,-121.81188201904297,36.67174530029297,36.67174530029297,-121.81188201904297,"c(-121.811882019043, 36.671745300293)",Marina
2017,2017-12-15,2017-12-15T17:30:00Z,Friday,LIGHTHOUSE AV,DAVID AV,NA,Y,NA,NA,2,0,1,A,10,G,B,B,H,C,Y,N,N,N,Y,1,0,0,0,1,0,0,0,0,MONTEREY,-121.90446993,36.61679004,36.61679004,-121.90446993,"c(-121.90446993, 36.61679004)",Monterey
2017,2017-12-06,2017-12-06T14:51:00Z,Wednesday,LIGHTHOUSE AV,MCCLELLAN AV,NA,Y,NA,NA,4,0,1,A,10,G,B,B,H,A,Y,N,N,N,N,0,0,1,0,1,0,0,0,0,MONTEREY,-121.90081993,36.61251005,36.61251005,-121.90081993,"c(-121.90081993, 36.61251005)",Monterey
2017,2017-12-16,2017-12-16T10:31:00Z,Saturday,ADAMS ST,BONIFACIO PL,N,N,NA,NA,4,0,1,A,21,C,B,E,H,A,Y,N,N,N,N,0,0,1,0,1,0,0,0,0,MONTEREY,-121.89169454,36.59882884,36.59882884,-121.89169454,"c(-121.89169454, 36.59882884)",Monterey