ACCIDENT_YEAR,COLLISION_DATE,COLLISION_TIME,DAY_OF_WEEK,PRIMARY_RD,SECONDARY_RD,DIRECTION,INTERSECTION,STATE_ROUTE,LOCATION_TYPE,COLLISION_SEVERITY,NUMBER_KILLED,NUMBER_INJURED,PRIMARY_COLL_FACTOR,PCF_VIOL_CATEGORY,TYPE_OF_COLLISION,MVIW,PED_ACTION,ROAD_COND_1,LIGHTING,PEDESTRIAN_ACCIDENT,BICYCLE_ACCIDENT,MOTORCYCLE_ACCIDENT,TRUCK_ACCIDENT,ALCOHOL_INVOLVED,COUNT_SEVERE_INJ,COUNT_VISIBLE_INJ,COUNT_COMPLAINT_PAIN,COUNT_PED_KILLED,COUNT_PED_INJURED,COUNT_BICYCLIST_KILLED,COUNT_BICYCLIST_INJURED,COUNT_MC_KILLED,COUNT_MC_INJURED,CITY,POINT_X,POINT_Y,lat,lon,geometry,city_new
2018,2018-12-28,2018-12-28T18:58:00Z,Friday,MERRITT STREET,CRANE STREET,NA,Y,NA,NA,3,0,1,A,10,G,B,B,H,C,Y,N,N,N,N,0,1,0,0,1,0,0,0,0,UNINCORPORATED,-121.75740051269531,36.76525115966797,36.76525115966797,-121.75740051269531,"c(-121.757400512695, 36.765251159668)",Castroville
2018,2018-12-29,2018-12-29T00:40:00Z,Saturday,BLANCO ROAD,ALISAL STREET,W,N,NA,NA,3,0,1,A,01,F,I,A,H,D,N,N,N,N,Y,0,1,0,0,0,0,0,0,0,SALINAS,-121.68073272705078,36.665077209472656,36.665077209472656,-121.68073272705078,"c(-121.680732727051, 36.6650772094727)",Other Unincorporated
2018,2018-12-27,2018-12-27T20:33:00Z,Thursday,1,SR-183,NA,Y,1,NA,3,0,2,A,09,D,C,A,H,C,N,N,N,N,N,0,1,1,0,0,0,0,0,0,UNINCORPORATED,-121.76542663574219,36.770843505859375,36.770843505859375,-121.76542663574219,"c(-121.765426635742, 36.7708435058594)",Castroville
2018,2018-12-29,2018-12-29T12:35:00Z,Saturday,SALINAS ROAD,LEWIS ROAD,S,N,NA,NA,4,0,1,A,04,C,C,A,H,A,N,N,N,N,N,0,0,1,0,0,0,0,0,0,UNINCORPORATED,-121.747314453125,36.89085388183594,36.89085388183594,-121.747314453125,"c(-121.747314453125, 36.8908538818359)",Royal Oaks
2018,2018-12-28,2018-12-28T05:47:00Z,Friday,SALINAS RD,RAILROAD AVE,N,N,NA,NA,2,0,1,A,11,G,B,D,H,D,Y,N,N,N,N,1,0,0,0,1,0,0,0,0,UNINCORPORATED,-121.74779510498047,36.89618682861328,36.89618682861328,-121.74779510498047,"c(-121.74779510498, 36.8961868286133)",Pajaro
2018,2018-12-26,2018-12-26T11:50:00Z,Wednesday,1,SPRINGFIELD ROAD,S,N,1,NA,4,0,1,A,03,C,C,A,H,A,N,N,N,N,N,0,0,1,0,0,0,0,0,0,UNINCORPORATED,-121.77100372314453,36.837799072265625,36.837799072265625,-121.77100372314453,"c(-121.771003723145, 36.8377990722656)",Royal Oaks
2017,2017-12-17,2017-12-17T05:17:00Z,Sunday,EAST ALISAL ST,EUCALYPTUS DR,E,N,NA,NA,4,0,1,A,06,B,C,A,H,C,N,N,N,N,N,0,0,1,0,0,0,0,0,0,SALINAS,-121.62511901,36.67266239,36.67266239,-121.62511901,"c(-121.62511901, 36.67266239)",Salinas
2017,2017-12-26,2017-12-26T20:30:00Z,Tuesday,SAN BORN RD,EAST LAUREL DR,S,N,NA,NA,4,0,1,A,09,D,C,A,H,C,N,N,N,N,N,0,0,1,0,0,0,0,0,0,SALINAS,-121.62096522,36.68289437,36.68289437,-121.62096522,"c(-121.62096522, 36.68289437)",Salinas
2017,2017-12-12,2017-12-12T22:39:00Z,Tuesday,WILLIAMS RD,QUILLA ST,N,N,NA,NA,4,0,1,A,03,D,C,A,H,C,N,N,N,N,N,0,0,1,0,0,0,0,0,0,SALINAS,-121.61792286,36.67343457,36.67343457,-121.61792286,"c(-121.61792286, 36.67343457)",Salinas
2017,2017-12-21,2017-12-21T23:00:00Z,Thursday,NORTH MAIN ST,EAST BERNAL DR,S,N,NA,NA,3,0,1,A,03,B,C,A,H,C,N,N,N,N,N,0,1,0,0,0,0,0,0,0,SALINAS,-121.65230091,36.68959951,36.68959951,-121.65230091,"c(-121.65230091, 36.68959951)",Salinas
2017,2017-12-29,2017-12-29T22:38:00Z,Friday,WILLIAMS RD,BORONDA RD,NA,Y,NA,NA,3,0,4,A,09,A,C,A,H,C,N,N,N,N,N,0,1,3,0,0,0,0,0,0,SALINAS,-121.59071989,36.68900001,36.68900001,-121.59071989,"c(-121.59071989, 36.68900001)",Other Unincorporated
2017,2017-12-21,2017-12-21T00:46:00Z,Thursday,EAST BERNAL DR,MARYAL DR,NA,Y,NA,NA,4,0,2,A,09,D,C,A,G,C,N,N,N,N,N,0,0,2,0,0,0,0,0,0,SALINAS,-121.64608989,36.69097,36.69097,-121.64608989,"c(-121.64608989, 36.69097)",Salinas
2017,2017-12-13,2017-12-13T10:38:00Z,Wednesday,EAST BORONDA RD,MCKINNON ST,W,N,NA,NA,4,0,1,A,03,C,C,A,H,A,N,N,N,N,N,0,0,1,0,0,0,0,0,0,SALINAS,-121.64513713,36.71728673,36.71728673,-121.64513713,"c(-121.64513713, 36.71728673)",Salinas
2017,2017-12-22,2017-12-22T18:07:00Z,Friday,NORTH SANBORN RD,EAST BORONDA RD,S,N,NA,NA,4,0,1,A,21,D,C,A,H,C,N,N,N,N,N,0,0,1,0,0,0,0,0,0,SALINAS,-121.5972233,36.69414786,36.69414786,-121.5972233,"c(-121.5972233, 36.69414786)",Salinas
2017,2017-12-14,2017-12-14T11:13:00Z,Thursday,LESLIE DR,NATIVIDAD RD,NA,Y,NA,NA,4,0,1,A,03,C,C,A,H,A,N,N,N,N,N,0,0,1,0,0,0,0,0,0,SALINAS,-121.62979998,36.70482011,36.70482011,-121.62979998,"c(-121.62979998, 36.70482011)",Salinas
2017,2017-12-21,2017-12-21T13:04:00Z,Thursday,NORTH MAIN ST,CHAPARRAL ST,S,N,NA,NA,4,0,1,A,09,G,B,C,H,A,Y,N,N,N,Y,0,0,1,0,1,0,0,0,0,SALINAS,-121.65275449,36.70318617,36.70318617,-121.65275449,"c(-121.65275449, 36.70318617)",Salinas
2017,2017-12-24,2017-12-24T02:10:00Z,Sunday,EUCALYPTUS DR,EAST MARKET,N,N,NA,NA,4,0,1,A,05,A,E,A,H,C,N,N,N,N,N,0,0,1,0,0,0,0,0,0,SALINAS,-121.62361462,36.67779416,36.67779416,-121.62361462,"c(-121.62361462, 36.67779416)",Salinas
2017,2017-06-04,2017-06-04T17:06:00Z,Sunday,JOHN ST,MAGNOLIA DR,NA,Y,NA,NA,4,0,1,A,10,B,B,E,H,A,Y,N,N,N,N,0,0,1,0,1,0,0,0,0,SALINAS,-121.62834991,36.66938007,36.66938007,-121.62834991,"c(-121.62834991, 36.66938007)",Salinas
2017,2017-11-23,2017-11-23T11:56:00Z,Thursday,EAST BORONDA RD,FALCON DR,NA,Y,NA,NA,4,0,1,A,05,-,C,A,H,A,N,N,N,N,N,0,0,1,0,0,0,0,0,0,SALINAS,-121.59354996,36.69237011,36.69237011,-121.59354996,"c(-121.59354996, 36.69237011)",Salinas
2017,2017-11-17,2017-11-17T15:08:00Z,Friday,PAJARO ST,CHESTNUT ST,NA,Y,NA,NA,4,0,2,A,09,D,C,A,A,A,N,N,N,N,N,0,0,2,0,0,0,0,0,0,SALINAS,-121.65342991,36.66704006,36.66704006,-121.65342991,"c(-121.65342991, 36.66704006)",Salinas
2018,2018-02-05,2018-02-05T12:50:00Z,Monday,FREMONT ST,RAMONA AV,E,N,NA,NA,4,0,1,A,03,C,C,A,H,A,N,N,N,N,N,0,0,1,0,0,0,0,0,0,MONTEREY,-121.85606384277344,36.59724044799805,36.59724044799805,-121.85606384277344,"c(-121.856063842773, 36.597240447998)",Monterey
2018,2018-02-09,2018-02-09T17:13:00Z,Friday,LIGHTHOUSE AV,TYLER ST,NA,Y,NA,NA,4,0,1,A,01,C,C,A,H,A,N,N,N,N,Y,0,0,1,0,0,0,0,0,0,MONTEREY,-121.89299011230469,36.60160827636719,36.60160827636719,-121.89299011230469,"c(-121.892990112305, 36.6016082763672)",Monterey
2018,2018-02-18,2018-02-18T22:46:00Z,Sunday,DEL MONTE AV,CAMINO AGUAJITO RD,W,N,NA,NA,3,0,1,A,01,C,E,A,H,C,N,N,N,N,Y,0,1,0,0,0,0,0,0,0,MONTEREY,-121.88489532470703,36.59994125366211,36.59994125366211,-121.88489532470703,"c(-121.884895324707, 36.5999412536621)",Monterey
2018,2018-02-19,2018-02-19T11:17:00Z,Monday,PACIFIC ST,VIA BUENA VISTA,N,N,NA,NA,3,0,1,C,18,H,A,A,H,A,N,N,N,N,N,0,1,0,0,0,0,0,0,0,MONTEREY,-121.90277099609375,36.58440399169922,36.58440399169922,-121.90277099609375,"c(-121.902770996094, 36.5844039916992)",Monterey
2017,2017-12-07,2017-12-07T09:39:00Z,Thursday,MCKINNON ST,WESTMINSTER DR,NA,Y,NA,NA,4,0,1,A,10,G,B,B,H,A,Y,N,N,N,N,0,0,1,0,1,0,0,0,0,SALINAS,-121.64485997,36.70984004,36.70984004,-121.64485997,"c(-121.64485997, 36.70984004)",Salinas
2017,2017-12-20,2017-12-20T18:53:00Z,Wednesday,NATIVIDAD,E LAUREL,S,N,NA,NA,4,0,1,A,03,C,D,A,H,C,N,N,N,N,N,0,0,1,0,0,0,0,0,0,SALINAS,-121.63851339,36.69608718,36.69608718,-121.63851339,"c(-121.63851339, 36.69608718)",Salinas
2018,2018-02-04,2018-02-04T14:58:00Z,Sunday,DEL MONTE AV,FIGUEROA ST,W,N,NA,NA,4,0,1,A,03,C,C,A,H,A,N,N,N,N,N,0,0,1,0,0,0,0,0,0,MONTEREY,-121.8902816772461,36.60029983520508,36.60029983520508,-121.8902816772461,"c(-121.890281677246, 36.6002998352051)",Monterey
2018,2018-02-14,2018-02-14T16:46:00Z,Wednesday,NORTH FREMONT ST,RAMONA AV,E,N,NA,NA,4,0,1,A,03,C,C,A,H,A,N,N,N,N,N,0,0,1,0,0,0,0,0,0,MONTEREY,-121.85553741455078,36.597320556640625,36.597320556640625,-121.85553741455078,"c(-121.855537414551, 36.5973205566406)",Monterey
2018,2018-02-20,2018-02-20T17:36:00Z,Tuesday,LIGHTHOUSE AV,DRAKE AV,NA,Y,NA,NA,4,0,2,A,12,D,C,A,H,B,N,N,N,N,N,0,0,2,0,0,0,0,0,0,MONTEREY,-121.89994049072266,36.6114501953125,36.6114501953125,-121.89994049072266,"c(-121.899940490723, 36.6114501953125)",Monterey
2018,2018-02-05,2018-02-05T15:30:00Z,Monday,DAVID AV,PATTERSON LN,NA,Y,NA,NA,3,0,1,A,09,A,G,A,H,A,N,Y,N,N,N,0,1,0,0,0,0,1,0,0,PACIFIC GROVE,-121.92887878417969,36.60559844970703,36.60559844970703,-121.92887878417969,"c(-121.92887878418, 36.605598449707)",Pacific Grove
2018,2018-02-27,2018-02-27T08:45:00Z,Tuesday,SINEX AV,FOREST AV,W,N,NA,NA,2,0,2,D,00,C,C,A,H,A,N,N,N,N,N,1,0,1,0,0,0,0,0,0,PACIFIC GROVE,-121.92045593261719,36.61509704589844,36.61509704589844,-121.92045593261719,"c(-121.920455932617, 36.6150970458984)",Pacific Grove
2018,2018-01-12,2018-01-12T07:58:00Z,Friday,TYLER AV,LIGHT POLE  1181,W,N,NA,NA,4,0,1,B,22,E,E,A,H,B,N,N,N,N,N,0,0,1,0,0,0,0,0,0,GREENFIELD,NA,NA,0,0,"c(0, 0)",Other Unincorporated
2018,2018-03-08,2018-03-08T13:10:00Z,Thursday,DEL MONTE AV,CASA VERDE WY,NA,Y,NA,NA,4,0,1,A,03,C,C,A,H,A,N,N,N,N,N,0,0,1,0,0,0,0,0,0,MONTEREY,-121.8666000366211,36.602081298828125,36.602081298828125,-121.8666000366211,"c(-121.866600036621, 36.6020812988281)",Monterey
2018,2018-01-26,2018-01-26T07:01:00Z,Friday,SANBORN RD,DELMONTE AV,S,N,NA,NA,3,0,1,A,09,D,C,A,H,A,N,N,N,N,N,0,1,0,0,0,0,0,0,0,SALINAS,-121.61123657226562,36.688419342041016,36.688419342041016,-121.61123657226562,"c(-121.611236572266, 36.688419342041)",Salinas
2018,2018-01-30,2018-01-30T16:48:00Z,Tuesday,101,4TH ST,NA,Y,101,R,4,0,1,D,00,G,G,A,H,B,N,Y,N,N,Y,0,0,1,0,0,0,1,0,0,GREENFIELD,-121.2392578125,36.32516098022461,36.32516098022461,-121.2392578125,"c(-121.2392578125, 36.3251609802246)",Greenfield
2018,2018-02-15,2018-02-15T23:28:00Z,Thursday,DEL MONTE AV,HANNON AV,E,N,NA,NA,4,0,3,A,09,D,C,A,H,C,N,N,N,N,N,0,0,3,0,0,0,0,0,0,MONTEREY,-121.86228942871094,36.60403060913086,36.60403060913086,-121.86228942871094,"c(-121.862289428711, 36.6040306091309)",Monterey
2018,2018-02-23,2018-02-23T17:48:00Z,Friday,MARK THOMAS DR,SLOAT AV,NA,Y,NA,NA,4,0,1,A,09,D,C,A,H,A,N,N,N,N,N,0,0,1,0,0,0,0,0,0,MONTEREY,-121.87712860107422,36.592811584472656,36.592811584472656,-121.87712860107422,"c(-121.877128601074, 36.5928115844727)",Monterey
2018,2018-03-01,2018-03-01T13:22:00Z,Thursday,HWY 1,AGUAJITO RD,E,N,NA,NA,3,0,1,A,03,C,C,A,H,A,N,N,N,N,N,0,1,0,0,0,0,0,0,0,MONTEREY,-121.88041687011719,36.59162521362305,36.59162521362305,-121.88041687011719,"c(-121.880416870117, 36.591625213623)",Monterey
2018,2018-03-02,2018-03-02T14:07:00Z,Friday,DEL MONTE AV,ROBERTS AV,E,N,NA,NA,3,0,1,A,08,E,I,A,H,A,N,N,N,N,N,0,1,0,0,0,0,0,0,0,MONTEREY,-121.8594741821289,36.60558319091797,36.60558319091797,-121.8594741821289,"c(-121.859474182129, 36.605583190918)",Monterey
2018,2018-03-08,2018-03-08T13:49:00Z,Thursday,DEL MONTE AV,CASA VERDE WY,NA,Y,NA,NA,4,0,1,A,21,C,C,A,H,A,N,N,N,N,N,0,0,1,0,0,0,0,0,0,MONTEREY,-121.8666000366211,36.602081298828125,36.602081298828125,-121.8666000366211,"c(-121.866600036621, 36.6020812988281)",Monterey
2018,2018-03-08,2018-03-08T11:08:00Z,Thursday,CASS ST,MUNRAS AV,NA,Y,NA,NA,4,0,1,A,09,D,C,A,H,A,N,N,N,N,N,0,0,1,0,0,0,0,0,0,MONTEREY,-121.89774322509766,36.588871002197266,36.588871002197266,-121.89774322509766,"c(-121.897743225098, 36.5888710021973)",Monterey
2018,2018-02-14,2018-02-14T09:33:00Z,Wednesday,RESERVATION RD,BAYER ST,E,N,NA,NA,3,0,1,A,05,H,G,A,H,A,N,Y,N,N,N,0,1,0,0,0,0,1,0,0,MARINA,-121.77936553955078,36.67778396606445,36.67778396606445,-121.77936553955078,"c(-121.779365539551, 36.6777839660645)",Marina
2018,2018-02-23,2018-02-23T16:33:00Z,Friday,BARNET SEGAL LN,SOLEDAD DR,NA,N,NA,NA,4,0,1,A,13,C,E,A,H,A,N,N,N,N,N,0,0,1,0,0,0,0,0,0,MONTEREY,NA,NA,0,0,"c(0, 0)",Other Unincorporated
2018,2018-03-12,2018-03-12T10:41:00Z,Monday,PARK AV,7TH ST,NA,Y,NA,NA,4,0,1,A,09,D,C,A,H,A,N,N,N,N,N,0,0,1,0,0,0,0,0,0,MONTEREY,-121.88101196289062,36.5948486328125,36.5948486328125,-121.88101196289062,"c(-121.881011962891, 36.5948486328125)",Monterey
2018,2018-03-10,2018-03-10T16:21:00Z,Saturday,LIGHTHOUSE AV,DEL MONTE AV,N,N,NA,NA,4,0,1,A,03,F,C,A,H,A,N,N,Y,N,Y,0,0,1,0,0,0,0,0,1,MONTEREY,-121.89236450195312,36.60068893432617,36.60068893432617,-121.89236450195312,"c(-121.892364501953, 36.6006889343262)",Monterey
2018,2018-02-25,2018-02-25T15:50:00Z,Sunday,DEL MONTE AV,FIGUEROA ST,W,N,NA,NA,4,0,1,A,21,C,C,A,H,A,N,N,N,N,N,0,0,1,0,0,0,0,0,0,MONTEREY,-121.89037322998047,36.60031509399414,36.60031509399414,-121.89037322998047,"c(-121.89037322998, 36.6003150939941)",Monterey
2018,2018-02-22,2018-02-22T07:58:00Z,Thursday,TOWT ST,EAST MARKET ST,N,-,NA,NA,4,0,1,C,18,C,E,A,H,A,N,N,N,N,N,0,0,1,0,0,0,0,0,0,SALINAS,-121.62158203125,36.676788330078125,36.676788330078125,-121.62158203125,"c(-121.62158203125, 36.6767883300781)",Salinas
2018,2018-03-14,2018-03-14T17:23:00Z,Wednesday,IMJIN PKWY,PRESTON AV,S,N,NA,NA,4,0,1,A,03,C,C,A,H,A,N,N,N,N,N,0,0,1,0,0,0,0,0,0,MARINA,-121.77204895019531,36.6671028137207,36.6671028137207,-121.77204895019531,"c(-121.772048950195, 36.6671028137207)",Marina
2017,2017-10-14,2017-10-14T11:34:00Z,Saturday,LEMOS AV,UNIVERSITY AV,NA,Y,NA,NA,3,0,1,A,12,-,C,A,H,A,N,N,N,N,N,0,1,0,0,0,0,0,0,0,SALINAS,-121.67591991,36.6730901,36.6730901,-121.67591991,"c(-121.67591991, 36.6730901)",Salinas
2017,2017-12-12,2017-12-12T11:26:00Z,Tuesday,MCKINNON ST,MCKINNON ST 1700,NA,N,NA,NA,4,0,1,A,04,C,D,A,H,C,N,N,N,N,N,0,0,1,0,0,0,0,0,0,SALINAS,NA,NA,0,0,"c(0, 0)",Other Unincorporated
2018,2018-03-08,2018-03-08T08:42:00Z,Thursday,CAMINO AGUAJITO RD,7TH ST,NA,Y,NA,NA,4,0,1,A,08,D,C,A,H,A,N,N,N,N,N,0,0,1,0,0,0,0,0,0,MONTEREY,-121.8823013305664,36.594688415527344,36.594688415527344,-121.8823013305664,"c(-121.882301330566, 36.5946884155273)",Monterey
2018,2018-02-16,2018-02-16T15:25:00Z,Friday,CAPITOL ST,ARCHER ST,S,N,NA,NA,3,0,1,A,21,G,B,F,H,A,Y,N,N,N,N,0,1,0,0,1,0,0,0,0,SALINAS,-121.66079711914062,36.67647171020508,36.67647171020508,-121.66079711914062,"c(-121.660797119141, 36.6764717102051)",Salinas
2018,2018-02-26,2018-02-26T09:03:00Z,Monday,WEST BLANCO RD,SAN VINCENTE AV,NA,Y,NA,NA,4,0,2,A,09,D,C,A,H,A,N,N,N,N,N,0,0,2,0,0,0,0,0,0,SALINAS,-121.67198944091797,36.66204071044922,36.66204071044922,-121.67198944091797,"c(-121.671989440918, 36.6620407104492)",Salinas
2018,2018-02-19,2018-02-19T16:01:00Z,Monday,WILLIAMS RD,FAIRHAVEN ST,S,N,NA,NA,3,0,1,A,09,D,C,A,H,A,N,N,N,N,N,0,1,0,0,0,0,0,0,0,SALINAS,-121.61327362060547,36.67609405517578,36.67609405517578,-121.61327362060547,"c(-121.613273620605, 36.6760940551758)",Salinas
2018,2018-01-21,2018-01-21T17:15:00Z,Sunday,EAST MARKET ST,CARR ST,NA,Y,NA,NA,4,0,1,A,09,D,C,A,H,A,N,N,N,N,N,0,0,1,0,0,0,0,0,0,SALINAS,-121.63549041748047,36.67692184448242,36.67692184448242,-121.63549041748047,"c(-121.63549041748, 36.6769218444824)",Salinas
2018,2018-02-06,2018-02-06T08:41:00Z,Tuesday,RIDER AV,HOLLY ST,NA,Y,NA,NA,4,0,1,A,09,D,D,A,H,A,N,N,N,N,N,0,0,1,0,0,0,0,0,0,SALINAS,-121.61869049072266,36.688819885253906,36.688819885253906,-121.61869049072266,"c(-121.618690490723, 36.6888198852539)",Salinas
2018,2018-01-25,2018-01-25T09:14:00Z,Thursday,NATIVIDAD RD,EAST LAUREL DR,S,N,NA,NA,4,0,1,A,03,C,C,A,H,A,N,N,N,N,N,0,0,1,0,0,0,0,0,0,SALINAS,-121.63856506347656,36.6960334777832,36.6960334777832,-121.63856506347656,"c(-121.638565063477, 36.6960334777832)",Salinas
2018,2018-02-16,2018-02-16T17:19:00Z,Friday,HARDEN PKWY,NORTH MAIN ST,E,N,NA,NA,4,0,1,A,21,C,C,A,H,A,N,N,N,N,N,0,0,1,0,0,0,0,0,0,SALINAS,-121.6531753540039,36.713401794433594,36.713401794433594,-121.6531753540039,"c(-121.653175354004, 36.7134017944336)",Salinas
2018,2018-02-14,2018-02-14T20:12:00Z,Wednesday,BELLEHAVEN ST,1ST AV,NA,Y,NA,NA,4,0,2,A,03,D,C,A,H,C,N,N,N,N,N,0,0,2,0,0,0,0,0,0,SALINAS,-121.6122817993164,36.67863082885742,36.67863082885742,-121.6122817993164,"c(-121.612281799316, 36.6786308288574)",Salinas
2018,2018-02-08,2018-02-08T17:22:00Z,Thursday,FREEDOM PKWY,RIDER AV,NA,Y,NA,NA,4,0,3,A,09,D,C,A,H,A,N,N,N,N,N,0,0,3,0,0,0,0,0,0,SALINAS,-121.60411071777344,36.696109771728516,36.696109771728516,-121.60411071777344,"c(-121.604110717773, 36.6961097717285)",Salinas
2018,2018-02-22,2018-02-22T16:39:00Z,Thursday,NATIVIDAD RD,SORRENTINI DR,S,N,NA,NA,2,0,1,A,10,G,B,B,H,A,Y,N,N,N,N,1,0,0,0,1,0,0,0,0,SALINAS,-121.6405029296875,36.694454193115234,36.694454193115234,-121.6405029296875,"c(-121.640502929688, 36.6944541931152)",Salinas
2018,2018-02-15,2018-02-15T09:07:00Z,Thursday,WEST ACACIA ST,RIKER ST,NA,Y,NA,NA,4,0,1,A,10,G,B,B,H,A,Y,N,N,N,N,0,0,1,0,1,0,0,0,0,SALINAS,-121.66139221191406,36.666259765625,36.666259765625,-121.66139221191406,"c(-121.661392211914, 36.666259765625)",Salinas
2018,2018-02-25,2018-02-25T17:51:00Z,Sunday,SHERWOOD DR,EAST ROSSI ST,N,N,NA,NA,4,0,1,A,03,C,C,A,H,B,N,N,N,N,N,0,0,1,0,0,0,0,0,0,SALINAS,-121.64971923828125,36.68270492553711,36.68270492553711,-121.64971923828125,"c(-121.649719238281, 36.6827049255371)",Salinas
2018,2018-02-06,2018-02-06T13:45:00Z,Tuesday,N 1ST ST,CHEROKEE DR,S,N,NA,NA,3,0,2,A,08,C,E,A,H,A,N,N,N,N,N,0,1,1,0,0,0,0,0,0,SALINAS,-121.6561050415039,36.71073913574219,36.71073913574219,-121.6561050415039,"c(-121.656105041504, 36.7107391357422)",Salinas
2018,2018-02-12,2018-02-12T22:08:00Z,Monday,NORTH DAVIS RD,POST DR,S,N,NA,NA,4,0,2,A,03,C,C,A,H,C,N,N,N,N,N,0,0,2,0,0,0,0,0,0,SALINAS,-121.66875457763672,36.69602966308594,36.69602966308594,-121.66875457763672,"c(-121.668754577637, 36.6960296630859)",Salinas
2018,2018-02-05,2018-02-05T09:24:00Z,Monday,NORTH MAIN ST,NAVAJO DR,NA,Y,NA,NA,4,0,1,A,00,G,B,B,H,A,Y,N,N,N,N,0,0,1,0,1,0,0,0,0,SALINAS,-121.65325164794922,36.7056999206543,36.7056999206543,-121.65325164794922,"c(-121.653251647949, 36.7056999206543)",Salinas
2018,2018-02-22,2018-02-22T12:43:00Z,Thursday,WEST ROSSI ST,MARTELLA ST,NA,Y,NA,NA,3,0,1,A,09,D,C,A,H,A,N,N,N,N,Y,0,1,0,0,0,0,0,0,0,SALINAS,-121.65508270263672,36.6815185546875,36.6815185546875,-121.65508270263672,"c(-121.655082702637, 36.6815185546875)",Salinas
2018,2018-02-09,2018-02-09T18:38:00Z,Friday,NORTH MAIN ST,CHAPARRAL ST,NA,Y,NA,NA,3,0,3,A,03,C,C,A,H,C,N,N,N,N,N,0,1,2,0,0,0,0,0,0,SALINAS,-121.65292358398438,36.70402908325195,36.70402908325195,-121.65292358398438,"c(-121.652923583984, 36.704029083252)",Salinas
2018,2018-02-23,2018-02-23T09:54:00Z,Friday,EAST LAUREL DR,GRANADA AV,E,N,NA,NA,4,0,1,A,07,B,C,A,H,A,N,N,N,N,N,0,0,1,0,0,0,0,0,0,SALINAS,-121.6402816772461,36.696773529052734,36.696773529052734,-121.6402816772461,"c(-121.640281677246, 36.6967735290527)",Salinas
2018,2018-02-15,2018-02-15T08:03:00Z,Thursday,NORTH SANBORN RD,GARNER,N,N,NA,NA,3,0,2,A,10,-,B,B,H,A,Y,N,N,N,N,0,1,1,0,2,0,0,0,0,SALINAS,-121.61511993408203,36.686222076416016,36.686222076416016,-121.61511993408203,"c(-121.615119934082, 36.686222076416)",Salinas
2018,2018-02-27,2018-02-27T13:14:00Z,Tuesday,CONSTITUTION BL,EAST LAUREL DR,NA,Y,NA,NA,4,0,1,A,08,D,C,A,H,A,N,N,N,N,N,0,0,1,0,0,0,0,0,0,SALINAS,-121.63230895996094,36.694488525390625,36.694488525390625,-121.63230895996094,"c(-121.632308959961, 36.6944885253906)",Salinas
2018,2018-02-01,2018-02-01T17:00:00Z,Thursday,CENTRAL AV,LINCOLN AV,W,N,NA,NA,4,0,1,A,03,C,C,A,H,A,N,N,N,N,N,0,0,1,0,0,0,0,0,0,SALINAS,-121.65760803222656,36.676631927490234,36.676631927490234,-121.65760803222656,"c(-121.657608032227, 36.6766319274902)",Salinas
2018,2018-02-15,2018-02-15T16:24:00Z,Thursday,LAS CASITAS,CONSTITUTION BL,E,N,NA,NA,2,0,1,A,12,D,G,A,H,A,N,Y,N,N,N,1,0,0,0,0,0,1,0,0,SALINAS,-121.61258697509766,36.69877243041992,36.69877243041992,-121.61258697509766,"c(-121.612586975098, 36.6987724304199)",Salinas
2018,2018-02-02,2018-02-02T18:24:00Z,Friday,WILLIAMS RD,GRANDHAVEN,NA,Y,NA,NA,2,0,3,A,01,D,C,A,H,D,N,N,N,N,Y,1,0,2,0,0,0,0,0,0,SALINAS,-121.61196899414062,36.67683029174805,36.67683029174805,-121.61196899414062,"c(-121.611968994141, 36.676830291748)",Salinas
2018,2018-02-16,2018-02-16T13:40:00Z,Friday,CHEROKEE DR,N 1ST,W,N,NA,NA,3,0,2,A,21,-,C,E,H,A,Y,N,N,N,N,0,1,1,0,2,0,0,0,0,SALINAS,-121.65662384033203,36.71095275878906,36.71095275878906,-121.65662384033203,"c(-121.656623840332, 36.7109527587891)",Salinas
2018,2018-02-07,2018-02-07T07:30:00Z,Wednesday,WEST LAUREL DR,TYLER ST,NA,Y,NA,NA,4,0,1,A,12,D,C,A,H,A,N,N,N,N,N,0,0,1,0,0,0,0,0,0,SALINAS,-121.65943145751953,36.69837951660156,36.69837951660156,-121.65943145751953,"c(-121.65943145752, 36.6983795166016)",Salinas
2018,2018-02-13,2018-02-13T08:39:00Z,Tuesday,JOHN ST,HEBBRON,NA,Y,NA,NA,4,0,1,A,09,D,D,A,H,A,N,N,N,N,N,0,0,1,0,0,0,0,0,0,SALINAS,-121.6328125,36.66987991333008,36.66987991333008,-121.6328125,"c(-121.6328125, 36.6698799133301)",Salinas