ACCIDENT_YEAR,COLLISION_DATE,COLLISION_TIME,DAY_OF_WEEK,PRIMARY_RD,SECONDARY_RD,DIRECTION,INTERSECTION,STATE_ROUTE,LOCATION_TYPE,COLLISION_SEVERITY,NUMBER_KILLED,NUMBER_INJURED,PRIMARY_COLL_FACTOR,PCF_VIOL_CATEGORY,TYPE_OF_COLLISION,MVIW,PED_ACTION,ROAD_COND_1,LIGHTING,PEDESTRIAN_ACCIDENT,BICYCLE_ACCIDENT,MOTORCYCLE_ACCIDENT,TRUCK_ACCIDENT,ALCOHOL_INVOLVED,COUNT_SEVERE_INJ,COUNT_VISIBLE_INJ,COUNT_COMPLAINT_PAIN,COUNT_PED_KILLED,COUNT_PED_INJURED,COUNT_BICYCLIST_KILLED,COUNT_BICYCLIST_INJURED,COUNT_MC_KILLED,COUNT_MC_INJURED,CITY,POINT_X,POINT_Y,lat,lon,geometry,city_new
2018,2018-03-07,2018-03-07T18:11:00Z,Wednesday,WEST LAUREL DR,POLK ST,NA,Y,NA,NA,3,0,3,A,09,D,I,A,H,C,N,N,N,N,N,0,1,2,0,0,0,0,0,0,SALINAS,-121.66043090820312,36.69826889038086,36.69826889038086,-121.66043090820312,"c(-121.660430908203, 36.6982688903809)",Salinas
2018,2018-03-07,2018-03-07T18:45:00Z,Wednesday,E MARKET,N HEBBRON AV,W,N,NA,NA,2,0,1,A,10,G,B,B,H,C,Y,N,N,N,N,1,0,0,0,1,0,0,0,0,SALINAS,-121.6317367553711,36.676551818847656,36.676551818847656,-121.6317367553711,"c(-121.631736755371, 36.6765518188477)",Salinas
2018,2018-03-06,2018-03-06T17:00:00Z,Tuesday,N 1ST ST,PUEBLO DR,N,N,NA,NA,4,0,1,A,17,D,G,A,H,A,N,Y,N,N,N,0,0,1,0,0,0,1,0,0,SALINAS,-121.65577697753906,36.70628356933594,36.70628356933594,-121.65577697753906,"c(-121.655776977539, 36.7062835693359)",Salinas
2018,2018-03-03,2018-03-03T20:21:00Z,Saturday,SAN JUAN GRADE RD,RUSSELL RD,NA,Y,NA,NA,4,0,2,A,12,-,C,A,H,C,N,N,N,N,N,0,0,2,0,0,0,0,0,0,SALINAS,-121.6410903930664,36.730159759521484,36.730159759521484,-121.6410903930664,"c(-121.641090393066, 36.7301597595215)",Salinas
2018,2018-03-16,2018-03-16T06:44:00Z,Friday,EAST BORONDA RD,MCKINNON ST,E,N,NA,NA,4,0,1,A,07,B,C,A,H,C,N,N,N,N,N,0,0,1,0,0,0,0,0,0,SALINAS,-121.64362335205078,36.717063903808594,36.717063903808594,-121.64362335205078,"c(-121.643623352051, 36.7170639038086)",Salinas
2018,2018-03-07,2018-03-07T18:41:00Z,Wednesday,CALIFORNIA ST,EAST SAN LUIS ST,NA,Y,NA,NA,3,0,3,A,09,D,C,A,H,D,N,N,N,N,N,0,3,0,0,0,0,0,0,0,SALINAS,-121.64990234375,36.672630310058594,36.672630310058594,-121.64990234375,"c(-121.64990234375, 36.6726303100586)",Salinas
2018,2018-03-30,2018-03-30T21:31:00Z,Friday,E BORANDA RD,NATIVIDAD RD,NA,N,NA,NA,3,0,1,A,01,-,C,A,H,C,N,N,N,N,Y,0,1,0,0,0,0,0,0,0,SALINAS,-121.62351989746094,36.71554183959961,36.71554183959961,-121.62351989746094,"c(-121.623519897461, 36.7155418395996)",Salinas
2018,2018-03-12,2018-03-12T06:51:00Z,Monday,BORONDA RD,MCKINNON ST,E,N,NA,NA,3,0,1,A,06,B,G,A,H,B,N,Y,N,N,N,0,1,0,0,0,0,1,0,0,SALINAS,-121.64164733886719,36.71675109863281,36.71675109863281,-121.64164733886719,"c(-121.641647338867, 36.7167510986328)",Salinas
2018,2018-03-09,2018-03-09T06:57:00Z,Friday,E ALISAL ST,FERN ST,E,N,NA,NA,3,0,1,A,08,F,J,A,H,A,N,N,N,N,N,0,1,0,0,0,0,0,0,0,SALINAS,-121.60616302490234,36.673118591308594,36.673118591308594,-121.60616302490234,"c(-121.606163024902, 36.6731185913086)",Salinas
2018,2018-03-03,2018-03-03T17:54:00Z,Saturday,GARNER AV,DALLAS AV,NA,Y,NA,NA,4,0,1,A,01,D,C,A,H,C,N,N,N,N,Y,0,0,1,0,0,0,0,0,0,SALINAS,-121.61138916015625,36.681949615478516,36.681949615478516,-121.61138916015625,"c(-121.611389160156, 36.6819496154785)",Salinas
2018,2018-03-08,2018-03-08T07:34:00Z,Thursday,JUDSON ST,BROADWAY AV,S,N,NA,NA,4,0,1,A,08,G,E,E,H,A,Y,N,N,Y,N,0,0,1,0,1,0,0,0,0,SEASIDE,-121.8352279663086,36.60874557495117,36.60874557495117,-121.8352279663086,"c(-121.835227966309, 36.6087455749512)",Seaside
2018,2018-03-20,2018-03-20T16:34:00Z,Tuesday,LA SALLE AV,NOCHE BUENA ST,NA,Y,NA,NA,4,0,1,A,12,D,C,A,H,A,N,N,N,N,N,0,0,1,0,0,0,0,0,0,SEASIDE,-121.83753204345703,36.61674118041992,36.61674118041992,-121.83753204345703,"c(-121.837532043457, 36.6167411804199)",Seaside
2018,2018-03-13,2018-03-13T17:59:00Z,Tuesday,DEL MONTE BL,ECHO AV,N,N,NA,NA,4,0,1,A,01,B,E,A,H,A,N,N,N,N,Y,0,0,1,0,0,0,0,0,0,SEASIDE,NA,NA,0,0,"c(0, 0)",Other Unincorporated
2018,2018-03-04,2018-03-04T01:54:00Z,Sunday,BROADWAY AV,NOCHE BUENA ST,NA,Y,NA,NA,4,0,3,A,01,C,C,A,H,D,N,N,N,N,Y,0,0,3,0,0,0,0,0,0,SEASIDE,-121.83773040771484,36.609031677246094,36.609031677246094,-121.83773040771484,"c(-121.837730407715, 36.6090316772461)",Seaside
2018,2018-02-24,2018-02-24T16:13:00Z,Saturday,ABBOTT ST,HARKINS RD,NA,Y,NA,NA,3,0,1,A,12,D,C,A,H,A,N,N,N,Y,N,0,1,0,0,0,0,0,0,0,SALINAS,-121.62677001953125,36.6534309387207,36.6534309387207,-121.62677001953125,"c(-121.626770019531, 36.6534309387207)",Salinas
2018,2018-02-24,2018-02-24T16:05:00Z,Saturday,EAST LAKE ST,BRIDGE ST,NA,Y,NA,NA,4,0,1,A,10,G,B,D,H,A,Y,N,N,N,N,0,0,1,0,1,0,0,0,0,SALINAS,-121.65377807617188,36.67966842651367,36.67966842651367,-121.65377807617188,"c(-121.653778076172, 36.6796684265137)",Salinas
2018,2018-02-27,2018-02-27T18:08:00Z,Tuesday,DAVIS RD,BORONDA CROSSING PL,N,N,NA,NA,4,0,2,A,03,C,C,A,H,C,N,N,N,N,N,0,0,2,0,0,0,0,0,0,SALINAS,-121.66697692871094,36.72026443481445,36.72026443481445,-121.66697692871094,"c(-121.666976928711, 36.7202644348145)",Salinas
2018,2018-02-25,2018-02-25T18:45:00Z,Sunday,MAIN ST,BORONDA RD,S,N,NA,NA,4,0,1,A,09,D,C,A,H,C,N,N,Y,N,N,0,0,1,0,0,0,0,0,1,SALINAS,-121.6562271118164,36.72160720825195,36.72160720825195,-121.6562271118164,"c(-121.656227111816, 36.721607208252)",Salinas
2017,2017-01-31,2017-01-31T07:50:00Z,Tuesday,FRONT ST,EAST SAN LUIS ST,NA,Y,NA,NA,4,0,2,A,10,D,B,B,H,A,Y,N,N,N,N,0,0,2,0,2,0,0,0,0,SALINAS,-121.64873999,36.67279002,36.67279002,-121.64873999,"c(-121.64873999, 36.67279002)",Salinas
2018,2018-02-19,2018-02-19T16:03:00Z,Monday,NORTH MAIN ST,CHAPARRAL ST,S,N,NA,NA,2,0,1,C,18,F,A,A,H,A,N,N,Y,N,N,1,0,0,0,0,0,0,0,1,SALINAS,-121.65287017822266,36.703731536865234,36.703731536865234,-121.65287017822266,"c(-121.652870178223, 36.7037315368652)",Salinas
2018,2018-04-25,2018-04-25T06:31:00Z,Wednesday,FRANKLIN ST,ALVARADO ST,NA,Y,NA,NA,4,0,1,A,09,D,C,A,H,B,N,N,N,N,N,0,0,1,0,0,0,0,0,0,MONTEREY,-121.89431762695312,36.599971771240234,36.599971771240234,-121.89431762695312,"c(-121.894317626953, 36.5999717712402)",Monterey
2017,2017-09-28,2017-09-28T22:06:00Z,Thursday,BROADWAY ST,BROADWAY ST 900 BLOCK,NA,N,NA,NA,4,0,1,A,08,C,E,A,H,C,N,N,N,N,N,0,0,1,0,0,0,0,0,0,KING CITY,NA,NA,0,0,"c(0, 0)",Other Unincorporated
2018,2018-12-27,2018-12-27T18:05:00Z,Thursday,ELKHORN RD,STRAWBERRY RD,S,N,NA,NA,2,0,1,A,01,F,A,A,H,D,N,N,N,N,Y,1,0,0,0,0,0,0,0,0,UNINCORPORATED,-121.73182678222656,36.827144622802734,36.827144622802734,-121.73182678222656,"c(-121.731826782227, 36.8271446228027)",Royal Oaks
2018,2018-12-29,2018-12-29T12:11:00Z,Saturday,101,SOLEDAD PRISON ROAD,S,N,101,NA,3,0,1,A,01,E,I,A,H,A,N,N,N,N,Y,0,1,0,0,0,0,0,0,0,UNINCORPORATED,-121.37360382080078,36.45584487915039,36.45584487915039,-121.37360382080078,"c(-121.373603820801, 36.4558448791504)",Other Unincorporated
2018,2018-12-30,2018-12-30T14:37:00Z,Sunday,NATIVIDAD ROAD,OLD NATIVIDAD ROAD,NA,Y,NA,NA,4,0,1,A,09,D,C,A,H,A,N,N,N,N,N,0,0,1,0,0,0,0,0,0,UNINCORPORATED,-121.60810852050781,36.733089447021484,36.733089447021484,-121.60810852050781,"c(-121.608108520508, 36.7330894470215)",Other Unincorporated
2018,2018-12-30,2018-12-30T08:30:00Z,Sunday,HALL ROAD,JOHNSON ROAD,W,N,NA,NA,4,0,2,A,03,C,C,A,H,A,N,N,N,N,N,0,0,2,0,0,0,0,0,0,UNINCORPORATED,-121.71339416503906,36.86408615112305,36.86408615112305,-121.71339416503906,"c(-121.713394165039, 36.864086151123)",Royal Oaks
2018,2018-12-29,2018-12-29T16:40:00Z,Saturday,198,MILE POST MARKER 5,E,N,198,NA,4,0,2,A,03,E,I,A,H,A,N,N,N,N,N,0,0,2,0,0,0,0,0,0,UNINCORPORATED,-120.94927978515625,36.149696350097656,36.149696350097656,-120.94927978515625,"c(-120.949279785156, 36.1496963500977)",San Lucas
2018,2018-12-29,2018-12-29T01:10:00Z,Saturday,AGUAJITO ROAD,MONHOLLAN,S,N,NA,NA,4,0,1,A,01,E,I,A,H,D,N,N,N,N,Y,0,0,1,0,0,0,0,0,0,UNINCORPORATED,-121.87442779541016,36.574302673339844,36.574302673339844,-121.87442779541016,"c(-121.87442779541, 36.5743026733398)",Other Unincorporated
2018,2018-11-21,2018-11-21T06:10:00Z,Wednesday,101,CENTRAL AVE,S,N,101,NA,1,3,6,A,09,D,C,A,H,D,N,N,N,N,N,4,2,0,0,0,0,0,0,0,UNINCORPORATED,-121.16838836669922,36.22023010253906,36.22023010253906,-121.16838836669922,"c(-121.168388366699, 36.2202301025391)",Other Unincorporated
2018,2018-12-23,2018-12-23T23:55:00Z,Sunday,101,SPENCE ROAD,NA,Y,101,NA,4,0,1,A,09,A,C,A,H,D,N,N,N,N,N,0,0,1,0,0,0,0,0,0,UNINCORPORATED,-121.56702423095703,36.61288833618164,36.61288833618164,-121.56702423095703,"c(-121.567024230957, 36.6128883361816)",Other Unincorporated
2018,2018-07-17,2018-07-17T06:03:00Z,Tuesday,101,PESANTE ROAD,NA,Y,101,NA,3,0,1,A,07,E,A,A,H,A,N,N,N,N,N,0,1,0,0,0,0,0,0,0,UNINCORPORATED,-121.66940307617188,36.776161193847656,36.776161193847656,-121.66940307617188,"c(-121.669403076172, 36.7761611938477)",Other Unincorporated
2018,2018-12-05,2018-12-05T17:25:00Z,Wednesday,1,8TH STREET O/C,S,N,1,NA,1,1,0,A,01,C,C,A,H,B,N,N,N,N,N,0,0,0,0,0,0,0,0,0,UNINCORPORATED,-121.81621551513672,36.66127014160156,36.66127014160156,-121.81621551513672,"c(-121.816215515137, 36.6612701416016)",Marina
2017,2017-10-08,2017-10-08T18:03:00Z,Sunday,SAN ANTONIO DR,N MILDRED AV,NA,Y,NA,NA,4,0,1,A,10,G,B,B,H,A,Y,N,N,N,N,0,0,1,0,1,0,0,0,0,KING CITY,-121.13794987,36.21621002,36.21621002,-121.13794987,"c(-121.13794987, 36.21621002)",King City
2017,2017-09-03,2017-09-03T05:00:00Z,Sunday,S 1ST ST,DIVISION ST,NA,Y,NA,NA,2,0,1,A,03,A,I,A,H,C,N,N,N,N,N,1,0,0,0,0,0,0,0,0,KING CITY,-121.12012997,36.21056005,36.21056005,-121.12012997,"c(-121.12012997, 36.21056005)",King City
2018,2018-03-24,2018-03-24T09:22:00Z,Saturday,5TH AV,DOLORES,NA,Y,NA,NA,4,0,1,C,18,B,I,A,H,A,N,Y,N,N,N,0,0,1,0,0,0,1,0,0,CARMEL,-121.92268371582031,36.55690002441406,36.55690002441406,-121.92268371582031,"c(-121.92268371582, 36.5569000244141)",Carmel-by-the-Sea
2018,2018-04-16,2018-04-16T19:19:00Z,Monday,MORENO ST,HUERTA ST,S,N,NA,NA,3,0,1,A,11,G,B,C,H,A,Y,N,N,N,N,0,1,0,0,1,0,0,0,0,GREENFIELD,-121.23757934570312,36.31765365600586,36.31765365600586,-121.23757934570312,"c(-121.237579345703, 36.3176536560059)",Greenfield
2018,2018-04-09,2018-04-09T16:27:00Z,Monday,IMJIN PKWY,2ND AV,W,N,NA,NA,4,0,1,A,03,C,C,A,H,A,N,N,N,N,N,0,0,1,0,0,0,0,0,0,MARINA,-121.80970001220703,36.66814422607422,36.66814422607422,-121.80970001220703,"c(-121.809700012207, 36.6681442260742)",Marina
2018,2018-04-20,2018-04-20T11:46:00Z,Friday,PACIFIC ST,MADISON ST,NA,Y,NA,NA,4,0,1,A,03,C,C,A,H,A,N,N,N,N,N,0,0,1,0,0,0,0,0,0,MONTEREY,-121.89710235595703,36.59680938720703,36.59680938720703,-121.89710235595703,"c(-121.897102355957, 36.596809387207)",Monterey
2018,2018-04-14,2018-04-14T13:30:00Z,Saturday,MAR VISTA DR,DRY CREEK RD,E,N,NA,NA,4,0,1,B,22,C,C,A,H,A,N,N,N,N,N,0,0,1,0,0,0,0,0,0,MONTEREY,-121.91517639160156,36.5927619934082,36.5927619934082,-121.91517639160156,"c(-121.915176391602, 36.5927619934082)",Monterey
2018,2018-04-26,2018-04-26T20:13:00Z,Thursday,LIGHTHOUSE AV,DRAKE AV,N,N,NA,NA,4,0,1,A,08,B,E,A,H,C,N,N,N,N,N,0,0,1,0,0,0,0,0,0,MONTEREY,-121.90013122558594,36.61167907714844,36.61167907714844,-121.90013122558594,"c(-121.900131225586, 36.6116790771484)",Monterey
2018,2018-04-22,2018-04-22T17:21:00Z,Sunday,DEL MONTE AV,FIGUEROA ST,W,N,NA,NA,4,0,1,A,03,C,C,A,H,A,N,N,N,N,N,0,0,1,0,0,0,0,0,0,MONTEREY,-121.89022064208984,36.60028839111328,36.60028839111328,-121.89022064208984,"c(-121.89022064209, 36.6002883911133)",Monterey
2018,2018-03-29,2018-03-29T21:28:00Z,Thursday,68,SYIDA DR,NA,Y,68,H,4,0,1,A,05,B,C,A,H,D,N,N,N,N,N,0,0,1,0,0,0,0,0,0,PACIFIC GROVE,-121.92373657226562,36.60246658325195,36.60246658325195,-121.92373657226562,"c(-121.923736572266, 36.602466583252)",Pacific Grove
2018,2018-04-11,2018-04-11T15:20:00Z,Wednesday,ABBOTT ST,LOS PALOS DR,S,N,NA,NA,3,0,1,A,04,C,C,A,H,A,N,N,N,N,N,0,1,0,0,0,0,0,0,0,SALINAS,-121.64142608642578,36.66201400756836,36.66201400756836,-121.64142608642578,"c(-121.641426086426, 36.6620140075684)",Salinas
2018,2018-04-03,2018-04-03T16:38:00Z,Tuesday,EAST LAUREL DR,NOICE DR,NA,Y,NA,NA,4,0,1,A,09,A,C,A,H,A,N,N,N,N,N,0,0,1,0,0,0,0,0,0,SALINAS,-121.65084838867188,36.69913101196289,36.69913101196289,-121.65084838867188,"c(-121.650848388672, 36.6991310119629)",Salinas
2018,2018-04-28,2018-04-28T23:26:00Z,Saturday,EAST MARKET ST,RAGSDALE CT,E,N,NA,NA,4,0,1,A,01,B,C,A,H,C,N,N,N,N,Y,0,0,1,0,0,0,0,0,0,SALINAS,-121.6346435546875,36.67683410644531,36.67683410644531,-121.6346435546875,"c(-121.634643554688, 36.6768341064453)",Salinas
2018,2018-04-13,2018-04-13T17:47:00Z,Friday,CONSTITUTION BL,EAST LAUREL DR,E,N,NA,NA,3,0,2,A,09,D,C,A,H,A,N,N,N,N,N,0,1,1,0,0,0,0,0,0,SALINAS,-121.6309814453125,36.69562530517578,36.69562530517578,-121.6309814453125,"c(-121.630981445312, 36.6956253051758)",Salinas
2018,2018-04-12,2018-04-12T08:02:00Z,Thursday,PARSONS AV,PIKE WY,NA,Y,NA,NA,3,0,2,A,09,B,C,A,H,A,N,N,N,N,N,0,1,1,0,0,0,0,0,0,SALINAS,-121.6421127319336,36.704620361328125,36.704620361328125,-121.6421127319336,"c(-121.642112731934, 36.7046203613281)",Salinas
2018,2018-04-23,2018-04-23T19:11:00Z,Monday,NORTH MAIN ST,E BOLIVAR,W,N,NA,NA,3,0,1,A,03,-,C,A,H,-,N,N,N,N,N,0,1,0,0,0,0,0,0,0,SALINAS,-121.6563720703125,36.72505187988281,36.72505187988281,-121.6563720703125,"c(-121.656372070312, 36.7250518798828)",Salinas
2018,2018-04-16,2018-04-16T15:10:00Z,Monday,SAN JUAN GRADE RD,MAIN ST,E,N,NA,NA,4,0,1,A,03,-,C,A,H,A,N,N,N,N,N,0,0,1,0,0,0,0,0,0,SALINAS,-121.65469360351562,36.71726608276367,36.71726608276367,-121.65469360351562,"c(-121.654693603516, 36.7172660827637)",Salinas
2018,2018-04-13,2018-04-13T14:11:00Z,Friday,MAYFAIR DR,S SAN BORN RD,E,N,NA,NA,2,0,1,A,10,G,B,D,H,A,Y,N,N,N,N,1,0,0,0,1,0,0,0,0,SALINAS,-121.62644958496094,36.6681022644043,36.6681022644043,-121.62644958496094,"c(-121.626449584961, 36.6681022644043)",Salinas
2018,2018-04-02,2018-04-02T10:47:00Z,Monday,ABBOTT ST,MALARIN ST,NA,Y,NA,NA,2,0,1,A,09,D,C,E,H,A,Y,N,N,N,N,1,0,0,0,1,0,0,0,0,SALINAS,-121.6417007446289,36.66238021850586,36.66238021850586,-121.6417007446289,"c(-121.641700744629, 36.6623802185059)",Salinas
2017,2017-05-16,2017-05-16T15:32:00Z,Tuesday,WILLIAMS RD,GARNER AV,N,N,NA,NA,4,0,2,A,09,B,B,F,H,A,Y,N,N,N,N,0,0,2,0,1,0,0,0,0,SALINAS,-121.60776325,36.67923434,36.67923434,-121.60776325,"c(-121.60776325, 36.67923434)",Salinas
2017,2017-08-02,2017-08-02T12:33:00Z,Wednesday,WEST BLANCO RD,RIKER ST,NA,Y,NA,NA,4,0,2,A,12,F,D,A,A,A,N,N,N,N,N,0,0,2,0,0,0,0,0,0,SALINAS,-121.66511999,36.6588201,36.6588201,-121.66511999,"c(-121.66511999, 36.6588201)",Salinas
2017,2017-03-28,2017-03-28T20:35:00Z,Tuesday,MONTEREY ST,EAST GABILAN ST,NA,Y,NA,NA,4,0,1,A,10,G,B,B,H,C,Y,N,N,N,N,0,0,1,0,1,0,0,0,0,SALINAS,-121.65408999,36.67581002,36.67581002,-121.65408999,"c(-121.65408999, 36.67581002)",Salinas
2018,2018-04-02,2018-04-02T14:52:00Z,Monday,SALINAS ST,GABILAN ST,S,N,NA,NA,4,0,1,A,10,G,B,B,H,A,Y,N,N,N,N,0,0,1,0,1,0,0,0,0,SALINAS,-121.65642547607422,36.67544174194336,36.67544174194336,-121.65642547607422,"c(-121.656425476074, 36.6754417419434)",Salinas
2017,2017-03-21,2017-03-21T15:18:00Z,Tuesday,EAST MARKET ST,NORTH HEBBRON AV,NA,Y,NA,NA,4,0,1,A,10,G,B,B,H,A,Y,N,N,N,N,0,0,1,0,1,0,0,0,0,SALINAS,-121.63171997,36.67655003,36.67655003,-121.63171997,"c(-121.63171997, 36.67655003)",Salinas
2018,2018-04-03,2018-04-03T18:53:00Z,Tuesday,EAST ALVIN DR,WHEELER ST,W,N,NA,NA,3,0,1,A,05,D,G,A,H,A,N,Y,N,N,N,0,1,0,0,0,0,1,0,0,SALINAS,-121.65203857421875,36.70806884765625,36.70806884765625,-121.65203857421875,"c(-121.652038574219, 36.7080688476562)",Salinas
2017,2017-03-23,2017-03-23T05:58:00Z,Thursday,JOHN ST,MAGNOLIA ST,NA,Y,NA,NA,2,0,1,D,00,-,B,-,H,C,Y,N,N,N,N,1,0,0,0,1,0,0,0,0,SALINAS,-121.62834991,36.66938007,36.66938007,-121.62834991,"c(-121.62834991, 36.66938007)",Salinas
2018,2018-04-07,2018-04-07T03:08:00Z,Saturday,EAST BERNAL DR,ROSARITA DR,NA,Y,NA,NA,3,0,1,A,08,C,E,A,H,C,N,N,N,N,N,0,1,0,0,0,0,0,0,0,SALINAS,-121.64563751220703,36.691158294677734,36.691158294677734,-121.64563751220703,"c(-121.645637512207, 36.6911582946777)",Salinas
2018,2018-03-18,2018-03-18T21:00:00Z,Sunday,NATIVIDAD RD,BERNAL DR,NA,Y,NA,NA,3,0,1,A,08,E,J,A,H,C,N,N,N,N,N,0,1,0,0,0,0,0,0,0,SALINAS,-121.64346313476562,36.69224166870117,36.69224166870117,-121.64346313476562,"c(-121.643463134766, 36.6922416687012)",Salinas
2018,2018-03-14,2018-03-14T19:21:00Z,Wednesday,EAST BORONDA RD,NATIVIDAD RD,W,N,NA,NA,4,0,1,A,03,C,C,A,H,C,N,N,N,N,N,0,0,1,0,0,0,0,0,0,SALINAS,-121.62528228759766,36.71575164794922,36.71575164794922,-121.62528228759766,"c(-121.625282287598, 36.7157516479492)",Salinas
2018,2018-03-16,2018-03-16T10:14:00Z,Friday,NORTH DAVIS RD,W LAUREL,NA,Y,NA,NA,4,0,2,A,12,-,D,A,A,A,N,N,N,N,N,0,0,2,0,0,0,0,0,0,SALINAS,-121.6680908203125,36.69791030883789,36.69791030883789,-121.6680908203125,"c(-121.668090820312, 36.6979103088379)",Salinas
2018,2018-04-28,2018-04-28T08:09:00Z,Saturday,FRONT ST,E ALISAL ST,S,N,NA,NA,3,0,1,A,03,E,I,A,G,A,N,N,N,N,N,0,1,0,0,0,0,0,0,0,SALINAS,-121.64905548095703,36.67417907714844,36.67417907714844,-121.64905548095703,"c(-121.649055480957, 36.6741790771484)",Salinas
2018,2018-04-30,2018-04-30T17:05:00Z,Monday,LUPIN DR,GARDENIA,S,N,NA,NA,4,0,1,A,21,C,C,A,H,A,N,N,N,N,N,0,0,1,0,0,0,0,0,0,SALINAS,-121.65396881103516,36.689979553222656,36.689979553222656,-121.65396881103516,"c(-121.653968811035, 36.6899795532227)",Salinas
2018,2018-04-26,2018-04-26T08:18:00Z,Thursday,MAIN ST,EAST SAN LUIS ST,N,N,NA,NA,4,0,2,A,03,C,C,A,H,A,N,N,N,N,N,0,0,2,0,0,0,0,0,0,SALINAS,-121.65449523925781,36.6721305847168,36.6721305847168,-121.65449523925781,"c(-121.654495239258, 36.6721305847168)",Salinas
2018,2018-04-30,2018-04-30T20:47:00Z,Monday,NORTH DAVIS RD,WEST LAUREL DR,N,N,NA,NA,4,0,1,A,09,D,C,A,H,C,N,N,N,N,N,0,0,1,0,0,0,0,0,0,SALINAS,-121.66806030273438,36.69822311401367,36.69822311401367,-121.66806030273438,"c(-121.668060302734, 36.6982231140137)",Salinas
2018,2018-02-17,2018-02-17T14:42:00Z,Saturday,E ALISAL ST,WORK ST,NA,Y,NA,NA,3,0,3,A,12,D,C,A,H,A,N,N,N,N,N,0,1,2,0,0,0,0,0,0,SALINAS,-121.64338684082031,36.67449188232422,36.67449188232422,-121.64338684082031,"c(-121.64338684082, 36.6744918823242)",Salinas
2018,2018-04-28,2018-04-28T06:24:00Z,Saturday,E ALISAL ST,EAST MARKET ST,NA,Y,NA,NA,3,0,2,A,09,D,D,A,H,A,N,N,N,N,Y,0,1,1,0,0,0,0,0,0,SALINAS,-121.6135482788086,36.6726188659668,36.6726188659668,-121.6135482788086,"c(-121.613548278809, 36.6726188659668)",Salinas
2018,2018-02-06,2018-02-06T14:55:00Z,Tuesday,POST DR,NORTH DAVIS RD,W,N,NA,NA,4,0,1,A,09,C,C,A,H,A,N,N,N,N,N,0,0,1,0,0,0,0,0,0,SALINAS,-121.66988372802734,36.6962776184082,36.6962776184082,-121.66988372802734,"c(-121.669883728027, 36.6962776184082)",Salinas
2018,2018-04-05,2018-04-05T10:01:00Z,Thursday,W GABILAN ST,MAIN ST,W,N,NA,NA,4,0,1,A,11,G,B,A,H,A,N,N,N,N,N,0,0,1,0,0,0,0,0,0,SALINAS,-121.6552734375,36.675628662109375,36.675628662109375,-121.6552734375,"c(-121.6552734375, 36.6756286621094)",Salinas
2018,2018-03-15,2018-03-15T06:45:00Z,Thursday,EAST BORONDA RD,SAN JUAN GRADE RD,E,N,NA,NA,3,0,2,A,09,D,C,A,H,B,N,N,N,N,N,0,2,0,0,0,0,0,0,0,SALINAS,-121.65050506591797,36.71916961669922,36.71916961669922,-121.65050506591797,"c(-121.650505065918, 36.7191696166992)",Salinas
2018,2018-04-01,2018-04-01T03:28:00Z,Sunday,BORONDA,WILLIAMS RD,E,N,NA,NA,3,0,1,A,01,A,J,A,H,C,N,N,N,N,Y,0,1,0,0,0,0,0,0,0,SALINAS,-121.5907211303711,36.68899917602539,36.68899917602539,-121.5907211303711,"c(-121.590721130371, 36.6889991760254)",Other Unincorporated
2018,2018-03-30,2018-03-30T17:53:00Z,Friday,NORTH MAIN ST,ROCHEX AV,S,N,NA,NA,3,0,3,A,03,C,C,A,H,A,N,N,N,N,N,0,3,0,0,0,0,0,0,0,SALINAS,-121.6522216796875,36.700408935546875,36.700408935546875,-121.6522216796875,"c(-121.652221679688, 36.7004089355469)",Salinas
2018,2018-04-06,2018-04-06T09:40:00Z,Friday,EAST MARKET ST,PEACH ST,NA,Y,NA,NA,4,0,1,A,01,D,C,A,H,A,N,N,N,N,N,0,0,1,0,0,0,0,0,0,SALINAS,-121.64756774902344,36.6786994934082,36.6786994934082,-121.64756774902344,"c(-121.647567749023, 36.6786994934082)",Salinas
2018,2018-03-28,2018-03-28T06:39:00Z,Wednesday,WILLIAMS RD,GARNER AV,NA,Y,NA,NA,3,0,1,A,09,D,C,A,H,B,N,N,N,N,N,0,1,0,0,0,0,0,0,0,SALINAS,-121.60859680175781,36.67876052856445,36.67876052856445,-121.60859680175781,"c(-121.608596801758, 36.6787605285645)",Salinas