ACCIDENT_YEAR,COLLISION_DATE,COLLISION_TIME,DAY_OF_WEEK,PRIMARY_RD,SECONDARY_RD,DIRECTION,INTERSECTION,STATE_ROUTE,LOCATION_TYPE,COLLISION_SEVERITY,NUMBER_KILLED,NUMBER_INJURED,PRIMARY_COLL_FACTOR,PCF_VIOL_CATEGORY,TYPE_OF_COLLISION,MVIW,PED_ACTION,ROAD_COND_1,LIGHTING,PEDESTRIAN_ACCIDENT,BICYCLE_ACCIDENT,MOTORCYCLE_ACCIDENT,TRUCK_ACCIDENT,ALCOHOL_INVOLVED,COUNT_SEVERE_INJ,COUNT_VISIBLE_INJ,COUNT_COMPLAINT_PAIN,COUNT_PED_KILLED,COUNT_PED_INJURED,COUNT_BICYCLIST_KILLED,COUNT_BICYCLIST_INJURED,COUNT_MC_KILLED,COUNT_MC_INJURED,CITY,POINT_X,POINT_Y,lat,lon,geometry,city_new
2018,2018-05-17,2018-05-17T14:14:00Z,Thursday,N 1ST ST,WEST CURTIS ST,N,N,NA,NA,4,0,1,A,08,G,G,A,H,A,N,Y,N,N,N,0,0,1,0,0,0,1,0,0,SALINAS,-121.65501403808594,36.7021369934082,36.7021369934082,-121.65501403808594,"c(-121.655014038086, 36.7021369934082)",Salinas
2018,2018-05-08,2018-05-08T08:24:00Z,Tuesday,W ALISAL ST,HOMESTEAD AV,NA,Y,NA,NA,4,0,2,A,09,D,C,A,H,A,N,N,N,N,N,0,0,2,0,0,0,0,0,0,SALINAS,-121.66438293457031,36.67251968383789,36.67251968383789,-121.66438293457031,"c(-121.66438293457, 36.6725196838379)",Salinas
2017,2017-05-04,2017-05-04T08:00:00Z,Thursday,EAST ALVIN DR,MCKINNON RD,W,N,NA,NA,4,0,1,A,00,G,G,A,H,A,N,Y,N,N,N,0,0,1,0,0,0,1,0,0,SALINAS,-121.6460131,36.70727029,36.70727029,-121.6460131,"c(-121.6460131, 36.70727029)",Salinas
2018,2018-05-10,2018-05-10T14:41:00Z,Thursday,WEST BLANCO RD,PADRE DR,NA,Y,NA,NA,4,0,2,A,09,D,C,A,H,A,N,N,N,N,N,0,0,2,0,0,0,0,0,0,SALINAS,-121.6622314453125,36.656429290771484,36.656429290771484,-121.6622314453125,"c(-121.662231445312, 36.6564292907715)",Salinas
2018,2018-05-23,2018-05-23T09:55:00Z,Wednesday,ROSARITA DR,GRANADA AV,S,N,NA,NA,3,0,1,A,21,D,C,A,H,A,N,N,N,N,N,0,1,0,0,0,0,0,0,0,SALINAS,-121.64496612548828,36.694026947021484,36.694026947021484,-121.64496612548828,"c(-121.644966125488, 36.6940269470215)",Salinas
2018,2018-05-17,2018-05-17T19:14:00Z,Thursday,EAST LAUREL DR,TOWT ST,W,N,NA,NA,3,0,1,A,08,C,C,A,H,A,N,N,N,N,N,0,1,0,0,0,0,0,0,0,SALINAS,-121.61790466308594,36.679466247558594,36.679466247558594,-121.61790466308594,"c(-121.617904663086, 36.6794662475586)",Salinas
2018,2018-05-04,2018-05-04T21:48:00Z,Friday,NORTH SANBORN RD,FREEDOM PKWY,NA,Y,NA,NA,4,0,1,A,09,D,C,A,H,C,N,N,N,N,N,0,0,1,0,0,0,0,0,0,SALINAS,-121.60134887695312,36.69213104248047,36.69213104248047,-121.60134887695312,"c(-121.601348876953, 36.6921310424805)",Salinas
2018,2018-05-28,2018-05-28T12:32:00Z,Monday,RESERVATION RD,CALIFORNIA AV,NA,Y,NA,NA,3,0,1,D,00,F,C,A,H,A,N,N,N,N,N,0,1,0,0,0,0,0,0,0,MARINA,-121.7848892211914,36.680599212646484,36.680599212646484,-121.7848892211914,"c(-121.784889221191, 36.6805992126465)",Marina
2018,2018-06-08,2018-06-08T10:33:00Z,Friday,MUNRAS AV,DEL MONTE CTR,NA,Y,NA,NA,4,0,1,A,12,D,C,A,H,A,N,N,N,N,N,0,0,1,0,0,0,0,0,0,MONTEREY,-121.9009017944336,36.584808349609375,36.584808349609375,-121.9009017944336,"c(-121.900901794434, 36.5848083496094)",Monterey
2018,2018-06-08,2018-06-08T12:20:00Z,Friday,FOREST AV,BEAUMONT AV,N,N,NA,NA,4,0,1,A,05,A,C,A,H,A,N,N,N,N,N,0,0,1,0,0,0,0,0,0,PACIFIC GROVE,-121.92176055908203,36.6123161315918,36.6123161315918,-121.92176055908203,"c(-121.921760559082, 36.6123161315918)",Pacific Grove
2018,2018-06-06,2018-06-06T14:06:00Z,Wednesday,CONGRESS AV,ROSEMONT AV,S,N,NA,NA,3,0,1,A,04,C,C,A,H,A,N,N,N,N,N,0,1,0,0,0,0,0,0,0,PACIFIC GROVE,-121.9244613647461,36.614681243896484,36.614681243896484,-121.9244613647461,"c(-121.924461364746, 36.6146812438965)",Pacific Grove
2018,2018-06-05,2018-06-05T13:26:00Z,Tuesday,PEARL ST,TYLER ST,W,N,NA,NA,4,0,1,A,21,B,C,A,H,A,N,N,N,N,N,0,0,1,0,0,0,0,0,0,MONTEREY,-121.89419555664062,36.597694396972656,36.597694396972656,-121.89419555664062,"c(-121.894195556641, 36.5976943969727)",Monterey
2018,2018-06-14,2018-06-14T12:46:00Z,Thursday,CAMINO EL ESTERO,DEL MONTE AV,S,N,NA,NA,4,0,1,A,09,D,C,A,H,A,N,N,N,N,N,0,0,1,0,0,0,0,0,0,MONTEREY,-121.88734436035156,36.59974670410156,36.59974670410156,-121.88734436035156,"c(-121.887344360352, 36.5997467041016)",Monterey
2018,2018-06-09,2018-06-09T00:28:00Z,Saturday,LIGHTHOUSE AV,PRIVATE BOLIO GATE M,S,N,NA,NA,3,0,1,A,03,E,I,A,H,C,N,N,N,N,N,0,1,0,0,0,0,0,0,0,MONTEREY,NA,NA,0,0,"c(0, 0)",Other Unincorporated
2018,2018-06-06,2018-06-06T13:18:00Z,Wednesday,FREMONT ST,ABREGO ST,NA,Y,NA,NA,4,0,2,A,03,C,C,A,H,A,N,N,N,N,N,0,0,2,0,0,0,0,0,0,MONTEREY,-121.89218139648438,36.59524917602539,36.59524917602539,-121.89218139648438,"c(-121.892181396484, 36.5952491760254)",Monterey
2018,2018-06-16,2018-06-16T20:40:00Z,Saturday,NORTH FREMONT ST,RAMONA AV,E,N,NA,NA,4,0,1,A,03,C,C,A,H,A,N,N,N,N,N,0,0,1,0,0,0,0,0,0,MONTEREY,-121.85552215576172,36.59732437133789,36.59732437133789,-121.85552215576172,"c(-121.855522155762, 36.5973243713379)",Monterey
2018,2018-04-19,2018-04-19T10:30:00Z,Thursday,FREMONT BL,HARCOURT AV,NA,Y,NA,NA,4,0,1,A,10,G,B,B,H,A,Y,N,N,N,N,0,0,1,0,1,0,0,0,0,SEASIDE,-121.84825134277344,36.60380172729492,36.60380172729492,-121.84825134277344,"c(-121.848251342773, 36.6038017272949)",Seaside
2018,2018-04-02,2018-04-02T17:40:00Z,Monday,SONOMA AV,MESCAL ST,NA,N,NA,NA,3,0,1,A,03,A,E,A,H,A,N,N,Y,N,N,0,1,0,0,0,0,0,0,1,SEASIDE,-121.8272933959961,36.60554122924805,36.60554122924805,-121.8272933959961,"c(-121.827293395996, 36.605541229248)",Seaside
2018,2018-04-17,2018-04-17T12:43:00Z,Tuesday,FREMONT BL,PLAYA AV,N,N,NA,NA,4,0,1,A,10,G,B,B,H,A,Y,N,N,N,N,0,0,1,0,1,0,0,0,0,SEASIDE,-121.84114074707031,36.61805725097656,36.61805725097656,-121.84114074707031,"c(-121.84114074707, 36.6180572509766)",Seaside
2018,2018-04-16,2018-04-16T16:25:00Z,Monday,FREMONT BL,LOPEZ AV,S,N,NA,NA,4,0,1,A,11,D,B,D,-,A,Y,N,N,N,N,0,0,1,0,1,0,0,0,0,SEASIDE,-121.84862518310547,36.6030158996582,36.6030158996582,-121.84862518310547,"c(-121.848625183105, 36.6030158996582)",Seaside
2018,2018-04-11,2018-04-11T00:22:00Z,Wednesday,GENERAL JIM MOORE BL,GIGLING RD,NA,Y,NA,NA,3,0,3,A,08,D,D,A,C,A,N,N,N,N,N,0,1,2,0,0,0,0,0,0,SEASIDE,NA,NA,0,0,"c(0, 0)",Other Unincorporated
2018,2018-04-18,2018-04-18T12:44:00Z,Wednesday,FREMONT BL,CLEMENTINA AV,NA,Y,NA,NA,3,0,1,A,12,D,C,A,H,A,N,N,N,N,N,0,1,0,0,0,0,0,0,0,SEASIDE,-121.8446273803711,36.610870361328125,36.610870361328125,-121.8446273803711,"c(-121.844627380371, 36.6108703613281)",Seaside
2018,2018-04-08,2018-04-08T06:00:00Z,Sunday,218,CANYON DEL REY BL,NA,Y,218,I,4,0,1,A,11,D,G,A,H,C,N,Y,N,N,N,0,0,1,0,0,0,1,0,0,SEASIDE,-121.85079193115234,36.598907470703125,36.598907470703125,-121.85079193115234,"c(-121.850791931152, 36.5989074707031)",Seaside
2018,2018-04-06,2018-04-06T15:52:00Z,Friday,FREMONT BL,ECHO AV,N,N,NA,NA,3,0,1,A,08,D,G,A,H,A,N,Y,N,N,N,0,1,0,0,0,0,1,0,0,SEASIDE,-121.84300994873047,36.6140251159668,36.6140251159668,-121.84300994873047,"c(-121.84300994873, 36.6140251159668)",Seaside
2018,2018-04-05,2018-04-05T15:41:00Z,Thursday,CLEMENTINA,FREMONT BL,NA,Y,NA,NA,4,0,1,A,03,C,C,A,H,A,N,N,N,N,N,0,0,1,0,0,0,0,0,0,SEASIDE,-121.8446273803711,36.610870361328125,36.610870361328125,-121.8446273803711,"c(-121.844627380371, 36.6108703613281)",Seaside
2018,2018-04-03,2018-04-03T11:00:00Z,Tuesday,FREMONT BL,ECHO AV,S,N,NA,NA,4,0,1,A,03,C,C,A,H,A,N,N,N,N,N,0,0,1,0,0,0,0,0,0,SEASIDE,-121.843017578125,36.61399841308594,36.61399841308594,-121.843017578125,"c(-121.843017578125, 36.6139984130859)",Seaside
2018,2018-04-02,2018-04-02T19:58:00Z,Monday,DEL MONTE BL,PLAYA AV,NA,Y,NA,NA,4,0,1,A,12,D,G,A,H,C,N,Y,N,N,N,0,0,1,0,0,0,1,0,0,SEASIDE,-121.84262084960938,36.618499755859375,36.618499755859375,-121.84262084960938,"c(-121.842620849609, 36.6184997558594)",Seaside
2018,2018-04-02,2018-04-02T10:59:00Z,Monday,DEL MONTE BL,CLEMENTINA AV,N,N,NA,NA,2,0,1,A,11,G,B,D,H,A,Y,N,N,N,N,1,0,0,0,1,0,0,0,0,SEASIDE,-121.84872436523438,36.61143112182617,36.61143112182617,-121.84872436523438,"c(-121.848724365234, 36.6114311218262)",Seaside
2018,2018-06-04,2018-06-04T20:11:00Z,Monday,REINDOLLAR AV,CALIFORNIA AV,E,N,NA,NA,3,0,3,A,10,G,B,B,G,A,Y,N,N,N,N,0,1,2,0,3,0,0,0,0,MARINA,-121.78961181640625,36.67414093017578,36.67414093017578,-121.78961181640625,"c(-121.789611816406, 36.6741409301758)",Marina
2018,2018-06-16,2018-06-16T19:32:00Z,Saturday,MUNRAS AV,TYLER ST,N,N,NA,NA,3,0,1,A,11,G,B,D,H,A,Y,N,N,N,N,0,1,0,0,1,0,0,0,0,MONTEREY,-121.89437866210938,36.59711837768555,36.59711837768555,-121.89437866210938,"c(-121.894378662109, 36.5971183776855)",Monterey
2018,2018-06-18,2018-06-18T13:51:00Z,Monday,DEL MONTE AV,PACIFIC ST,E,N,NA,NA,4,0,1,A,21,C,C,A,H,A,N,N,N,N,N,0,0,1,0,0,0,0,0,0,MONTEREY,-121.89544677734375,36.60113525390625,36.60113525390625,-121.89544677734375,"c(-121.895446777344, 36.6011352539062)",Monterey
2018,2018-06-20,2018-06-20T18:37:00Z,Wednesday,LIGHTHOUSE AV,DICKMAN AV,S,N,NA,NA,4,0,1,A,03,C,C,A,H,A,N,N,N,N,Y,0,0,1,0,0,0,0,0,0,MONTEREY,-121.89923095703125,36.610626220703125,36.610626220703125,-121.89923095703125,"c(-121.899230957031, 36.6106262207031)",Monterey
2018,2018-06-20,2018-06-20T16:38:00Z,Wednesday,PRIVATE BOLIO RD,LIGHTHOUSE AV,E,N,NA,NA,3,0,1,A,03,C,C,A,H,A,N,N,Y,N,N,0,1,0,0,0,0,0,0,1,MONTEREY,-121.89723205566406,36.60847091674805,36.60847091674805,-121.89723205566406,"c(-121.897232055664, 36.608470916748)",Monterey
2018,2018-03-30,2018-03-30T19:53:00Z,Friday,EAST BERNAL DR,ROSARITA DR,E,N,NA,NA,4,0,1,A,08,B,B,E,H,B,Y,N,N,N,Y,0,0,1,0,1,0,0,0,0,SALINAS,-121.64552307128906,36.691219329833984,36.691219329833984,-121.64552307128906,"c(-121.645523071289, 36.691219329834)",Salinas
2018,2018-04-22,2018-04-22T00:25:00Z,Sunday,EAST MARKET ST,KERN ST,NA,Y,NA,NA,3,0,1,A,12,D,C,A,H,C,N,N,N,N,N,0,1,0,0,0,0,0,0,0,SALINAS,-121.64008331298828,36.677391052246094,36.677391052246094,-121.64008331298828,"c(-121.640083312988, 36.6773910522461)",Salinas
2018,2018-05-20,2018-05-20T05:21:00Z,Sunday,2ND AV,TOWT ST,E,N,NA,NA,4,0,2,A,01,A,E,A,H,C,N,N,N,N,Y,0,0,2,0,0,0,0,0,0,SALINAS,-121.62128448486328,36.674781799316406,36.674781799316406,-121.62128448486328,"c(-121.621284484863, 36.6747817993164)",Salinas
2018,2018-06-14,2018-06-14T19:25:00Z,Thursday,N HEBBRON AV,JEFFERSON ST,S,N,NA,NA,1,1,0,A,11,G,B,E,H,A,Y,N,N,N,N,0,0,0,1,0,0,0,0,0,SALINAS,-121.6319351196289,36.67524337768555,36.67524337768555,-121.6319351196289,"c(-121.631935119629, 36.6752433776855)",Salinas
2018,2018-07-08,2018-07-08T00:08:00Z,Sunday,OLD STAGE RD,MILE MARKER 16.3,E,N,NA,NA,1,1,0,A,01,H,J,A,B,D,N,N,N,N,Y,0,0,0,0,0,0,0,0,0,SALINAS,NA,NA,0,0,"c(0, 0)",Other Unincorporated
2018,2018-09-14,2018-09-14T02:26:00Z,Friday,ROY DIAZ ST,DE LA TORRE ST,N,N,NA,NA,1,1,0,A,11,G,B,D,H,C,Y,N,N,N,N,0,0,0,1,0,0,0,0,0,SALINAS,-121.62178802490234,36.66184997558594,36.66184997558594,-121.62178802490234,"c(-121.621788024902, 36.6618499755859)",Salinas
2017,2017-02-04,2017-02-04T18:28:00Z,Saturday,BROADWAY AV,HILLSDALE ST,NA,Y,NA,NA,1,1,1,A,10,G,B,D,H,C,Y,N,N,N,N,1,0,0,1,1,0,0,0,0,SEASIDE,-121.85054988,36.6092701,36.6092701,-121.85054988,"c(-121.85054988, 36.6092701)",Seaside
2018,2018-10-10,2018-10-10T19:44:00Z,Wednesday,W ALISAL ST,MAIN ST,NA,Y,NA,NA,1,1,0,A,11,A,B,B,H,C,Y,N,N,N,N,0,0,0,1,0,0,0,0,0,SALINAS,-121.65482330322266,36.67380142211914,36.67380142211914,-121.65482330322266,"c(-121.654823303223, 36.6738014221191)",Salinas
2018,2018-01-08,2018-01-08T06:38:00Z,Monday,W LAUREL,BALDWIN ST,E,N,NA,NA,1,1,0,D,00,G,B,E,H,D,Y,N,N,N,N,0,0,0,1,0,0,0,0,0,SALINAS,-121.65348052978516,36.699134826660156,36.699134826660156,-121.65348052978516,"c(-121.653480529785, 36.6991348266602)",Salinas
2018,2018-05-05,2018-05-05T06:46:00Z,Saturday,183,RT 183,NA,Y,183,I,3,0,1,A,12,D,D,A,H,A,N,N,N,N,Y,0,1,0,0,0,0,0,0,0,SALINAS,-121.65408325195312,36.68081283569336,36.68081283569336,-121.65408325195312,"c(-121.654083251953, 36.6808128356934)",Salinas
2018,2018-05-21,2018-05-21T18:32:00Z,Monday,183,VILLA ST,NA,Y,183,I,4,0,1,A,08,B,C,A,H,A,N,N,N,N,N,0,0,1,0,0,0,0,0,0,SALINAS,-121.6663818359375,36.6815185546875,36.6815185546875,-121.6663818359375,"c(-121.666381835938, 36.6815185546875)",Salinas
2018,2018-05-11,2018-05-11T17:29:00Z,Friday,183,E MENKE ST,N,N,183,H,4,0,1,A,09,D,C,A,H,A,N,N,N,N,N,0,0,1,0,0,0,0,0,0,SALINAS,-121.6533203125,36.6832275390625,36.6832275390625,-121.6533203125,"c(-121.6533203125, 36.6832275390625)",Salinas
2018,2018-05-25,2018-05-25T14:56:00Z,Friday,68,CHESTNUT,S,N,68,H,4,0,3,A,04,C,C,A,H,A,N,N,N,N,N,0,0,3,0,0,0,0,0,0,SALINAS,-121.65605926513672,36.66749954223633,36.66749954223633,-121.65605926513672,"c(-121.656059265137, 36.6674995422363)",Salinas
2018,2018-04-17,2018-04-17T08:15:00Z,Tuesday,ORD GROVE AV,GRANDVIEW ST,NA,Y,NA,NA,4,0,3,A,09,D,C,A,H,A,N,N,N,N,N,0,0,3,0,0,0,0,0,0,SEASIDE,-121.83699035644531,36.619258880615234,36.619258880615234,-121.83699035644531,"c(-121.836990356445, 36.6192588806152)",Seaside
2018,2018-05-08,2018-05-08T08:34:00Z,Tuesday,183,CASENTINI ST,N,N,183,H,4,0,1,A,03,C,C,A,H,A,N,N,N,N,N,0,0,1,0,0,0,0,0,0,SALINAS,-121.65289306640625,36.68440246582031,36.68440246582031,-121.65289306640625,"c(-121.652893066406, 36.6844024658203)",Salinas
2018,2018-04-25,2018-04-25T11:08:00Z,Wednesday,E ALISAL ST,N WOOD,NA,Y,NA,NA,4,0,1,A,12,D,C,A,H,A,N,N,N,N,N,0,0,1,0,0,0,0,0,0,SALINAS,-121.6353988647461,36.67369842529297,36.67369842529297,-121.6353988647461,"c(-121.635398864746, 36.673698425293)",Salinas
2018,2018-07-06,2018-07-06T21:38:00Z,Friday,PACIFIC ST,FRANKLIN ST,S,N,NA,NA,3,0,1,A,01,C,C,A,H,C,N,N,N,N,Y,0,1,0,0,0,0,0,0,0,MONTEREY,-121.8958969116211,36.59992599487305,36.59992599487305,-121.8958969116211,"c(-121.895896911621, 36.599925994873)",Monterey
2018,2018-05-09,2018-05-09T15:00:00Z,Wednesday,WARING ST,WANDA AV,N,N,NA,NA,3,0,1,A,21,G,B,D,H,A,Y,N,N,N,N,0,1,0,0,1,0,0,0,0,SEASIDE,-121.8347396850586,36.60414123535156,36.60414123535156,-121.8347396850586,"c(-121.834739685059, 36.6041412353516)",Seaside
2018,2018-05-02,2018-05-02T15:51:00Z,Wednesday,BROADWAY AV,FREMONT BL,E,N,NA,NA,4,0,1,A,04,C,C,A,H,A,N,N,N,N,N,0,0,1,0,0,0,0,0,0,SEASIDE,-121.84505462646484,36.609153747558594,36.609153747558594,-121.84505462646484,"c(-121.845054626465, 36.6091537475586)",Seaside
2018,2018-07-05,2018-07-05T06:22:00Z,Thursday,E ALISAL ST,NORTH SANBORN RD,E,N,NA,NA,4,0,3,A,03,D,C,A,G,B,N,N,N,N,N,0,0,3,0,0,0,0,0,0,SALINAS,-121.62742614746094,36.672908782958984,36.672908782958984,-121.62742614746094,"c(-121.627426147461, 36.672908782959)",Salinas
2018,2018-06-23,2018-06-23T16:21:00Z,Saturday,PLAYA AV,DEL MONTE BL,NA,Y,NA,NA,4,0,1,A,03,C,C,A,H,A,N,N,N,N,N,0,0,1,0,0,0,0,0,0,SEASIDE,-121.84262084960938,36.618499755859375,36.618499755859375,-121.84262084960938,"c(-121.842620849609, 36.6184997558594)",Seaside
2018,2018-08-05,2018-08-05T15:11:00Z,Sunday,CAMINO AGUAJITO,7TH ST,NA,Y,NA,NA,4,0,1,A,09,D,C,A,H,A,N,N,N,N,N,0,0,1,0,0,0,0,0,0,MONTEREY,-121.8823013305664,36.594688415527344,36.594688415527344,-121.8823013305664,"c(-121.882301330566, 36.5946884155273)",Monterey
2018,2018-07-09,2018-07-09T17:46:00Z,Monday,SHERWOOD DR,ROSSI ST,N,N,NA,NA,2,0,3,A,09,D,C,A,H,A,N,N,N,N,N,1,2,0,0,0,0,0,0,0,SALINAS,-121.64997863769531,36.68230438232422,36.68230438232422,-121.64997863769531,"c(-121.649978637695, 36.6823043823242)",Salinas
2018,2018-07-17,2018-07-17T14:59:00Z,Tuesday,CAMINO EL ESTERO,WEBSTER ST,S,N,NA,NA,3,0,1,A,09,H,A,A,H,A,N,N,Y,N,N,0,1,0,0,0,0,0,0,1,MONTEREY,-121.888916015625,36.59666442871094,36.59666442871094,-121.888916015625,"c(-121.888916015625, 36.5966644287109)",Monterey
2018,2018-07-28,2018-07-28T05:12:00Z,Saturday,WOOD ST,E ALISAL RD,W,N,NA,NA,4,0,1,A,12,D,C,A,H,A,N,N,N,N,N,0,0,1,0,0,0,0,0,0,SALINAS,-121.63540649414062,36.673683166503906,36.673683166503906,-121.63540649414062,"c(-121.635406494141, 36.6736831665039)",Salinas
2018,2018-08-13,2018-08-13T19:44:00Z,Monday,GRIFFIN ST,COMMISSION ST,NA,Y,NA,NA,3,0,3,A,09,D,C,A,H,A,N,N,N,N,N,0,1,2,0,0,0,0,0,0,SALINAS,-121.64459228515625,36.678340911865234,36.678340911865234,-121.64459228515625,"c(-121.644592285156, 36.6783409118652)",Salinas
2018,2018-07-27,2018-07-27T18:40:00Z,Friday,FREMONT BL,FRANCIS AV,S,N,NA,NA,4,0,1,A,09,G,B,F,H,A,Y,N,N,N,N,0,0,1,0,1,0,0,0,0,SEASIDE,-121.8494873046875,36.601173400878906,36.601173400878906,-121.8494873046875,"c(-121.849487304688, 36.6011734008789)",Seaside
2018,2018-08-31,2018-08-31T00:04:00Z,Friday,DEL MONTE AV,WASHINGTON,W,N,NA,NA,2,0,1,A,01,-,A,A,H,C,N,N,Y,N,Y,1,0,0,0,0,0,0,0,1,MONTEREY,-121.89262390136719,36.6006965637207,36.6006965637207,-121.89262390136719,"c(-121.892623901367, 36.6006965637207)",Monterey
2018,2018-08-07,2018-08-07T07:19:00Z,Tuesday,MUNRAS AV,SOLEDAD DR,S,N,NA,NA,3,0,1,A,03,E,I,A,-,-,N,N,Y,N,N,0,1,0,0,0,0,0,0,1,MONTEREY,-121.90213012695312,36.583011627197266,36.583011627197266,-121.90213012695312,"c(-121.902130126953, 36.5830116271973)",Monterey
2018,2018-08-18,2018-08-18T15:51:00Z,Saturday,VETERANS DR,SKYLINE DR,E,N,NA,NA,3,0,1,C,18,H,A,A,H,A,N,N,Y,N,N,0,1,0,0,0,0,0,0,1,MONTEREY,NA,NA,0,0,"c(0, 0)",Other Unincorporated
2018,2018-08-06,2018-08-06T16:23:00Z,Monday,NORTH SANBORN RD,DEL MONTE,NA,Y,NA,NA,3,0,2,C,18,D,B,B,H,A,Y,N,N,N,N,0,1,1,0,2,0,0,0,0,SALINAS,-121.6108169555664,36.68865966796875,36.68865966796875,-121.6108169555664,"c(-121.610816955566, 36.6886596679688)",Salinas
2018,2018-08-18,2018-08-18T18:11:00Z,Saturday,WEST LAUREL DR,PARKSIDE ST,E,N,NA,NA,2,0,1,A,08,D,G,A,H,A,N,Y,N,N,N,1,0,0,0,0,0,1,0,0,SALINAS,-121.65577697753906,36.698848724365234,36.698848724365234,-121.65577697753906,"c(-121.655776977539, 36.6988487243652)",Salinas
2018,2018-06-08,2018-06-08T00:31:00Z,Friday,IMJIN PKWY,CALIFORNIA AV,NA,Y,NA,NA,4,0,1,D,00,D,C,A,H,C,N,N,N,N,N,0,0,1,0,0,0,0,0,0,MARINA,-121.7968521118164,36.666168212890625,36.666168212890625,-121.7968521118164,"c(-121.796852111816, 36.6661682128906)",Marina
2018,2018-06-25,2018-06-25T13:14:00Z,Monday,PEARL ST,TYLER ST,E,N,NA,NA,4,0,1,A,03,C,C,A,H,A,N,N,N,N,N,0,0,1,0,0,0,0,0,0,MONTEREY,-121.89398956298828,36.59771728515625,36.59771728515625,-121.89398956298828,"c(-121.893989562988, 36.5977172851562)",Monterey
2018,2018-07-08,2018-07-08T09:16:00Z,Sunday,SOLEDAD DR,MUNRAS AV,NA,Y,NA,NA,3,0,1,A,12,B,C,A,H,A,N,N,N,N,N,0,1,0,0,0,0,0,0,0,MONTEREY,-121.90186309814453,36.58335876464844,36.58335876464844,-121.90186309814453,"c(-121.901863098145, 36.5833587646484)",Monterey
2018,2018-07-05,2018-07-05T22:19:00Z,Thursday,LIGHTHOUSE AV,HOFFMAN AV,N,N,NA,NA,2,0,1,A,11,G,B,D,H,C,Y,N,N,N,Y,1,0,0,0,1,0,0,0,0,MONTEREY,-121.90199279785156,36.613895416259766,36.613895416259766,-121.90199279785156,"c(-121.901992797852, 36.6138954162598)",Monterey
2018,2018-05-16,2018-05-16T13:30:00Z,Wednesday,ALVARADO ST,FRANKLIN ST,S,N,NA,NA,4,0,1,A,03,C,C,A,H,A,N,N,N,Y,N,0,0,1,0,0,0,0,0,0,MONTEREY,-121.89433288574219,36.59992599487305,36.59992599487305,-121.89433288574219,"c(-121.894332885742, 36.599925994873)",Monterey
2018,2018-06-24,2018-06-24T14:50:00Z,Sunday,NATIVIDAD RD,CHAPARRAL ST,N,N,NA,NA,4,0,1,A,04,C,C,A,H,A,N,N,N,N,Y,0,0,1,0,0,0,0,0,0,SALINAS,-121.63446044921875,36.70018768310547,36.70018768310547,-121.63446044921875,"c(-121.634460449219, 36.7001876831055)",Salinas
2018,2018-06-23,2018-06-23T20:57:00Z,Saturday,WILLIAMS RD,EAST MARKET ST,NA,Y,NA,NA,4,0,2,A,12,D,C,A,H,C,N,N,N,N,N,0,0,2,0,0,0,0,0,0,SALINAS,-121.61505889892578,36.675079345703125,36.675079345703125,-121.61505889892578,"c(-121.615058898926, 36.6750793457031)",Salinas
2018,2018-06-27,2018-06-27T19:11:00Z,Wednesday,E ALISAL ST,N HEBBRON AV,NA,Y,NA,NA,3,0,1,A,03,-,C,A,H,A,N,N,N,N,N,0,1,0,0,0,0,0,0,0,SALINAS,-121.63224792480469,36.67338180541992,36.67338180541992,-121.63224792480469,"c(-121.632247924805, 36.6733818054199)",Salinas
2018,2018-06-30,2018-06-30T12:23:00Z,Saturday,W ALVIN DR,N 1ST ST,E,N,NA,NA,3,0,2,A,10,-,B,D,H,A,Y,N,N,N,N,0,2,0,0,2,0,0,0,0,SALINAS,-121.65556335449219,36.70758056640625,36.70758056640625,-121.65556335449219,"c(-121.655563354492, 36.7075805664062)",Salinas
2018,2018-06-29,2018-06-29T18:03:00Z,Friday,SHERWOOD DR,CALLE CEBU,N,N,NA,NA,4,0,1,A,08,B,C,A,H,A,N,N,N,N,N,0,0,1,0,0,0,0,0,0,SALINAS,-121.65047454833984,36.6813850402832,36.6813850402832,-121.65047454833984,"c(-121.65047454834, 36.6813850402832)",Salinas
2016,2016-06-15,2016-06-15T20:22:00Z,Wednesday,WEST BLANCO RD,LUTHER WY,NA,Y,NA,NA,4,0,3,A,09,D,C,A,H,B,N,N,N,N,N,0,0,3,0,0,0,0,0,0,SALINAS,-121.67322998,36.66224004,36.66224004,-121.67322998,"c(-121.67322998, 36.66224004)",Salinas