ACCIDENT_YEAR,COLLISION_DATE,COLLISION_TIME,DAY_OF_WEEK,PRIMARY_RD,SECONDARY_RD,DIRECTION,INTERSECTION,STATE_ROUTE,LOCATION_TYPE,COLLISION_SEVERITY,NUMBER_KILLED,NUMBER_INJURED,PRIMARY_COLL_FACTOR,PCF_VIOL_CATEGORY,TYPE_OF_COLLISION,MVIW,PED_ACTION,ROAD_COND_1,LIGHTING,PEDESTRIAN_ACCIDENT,BICYCLE_ACCIDENT,MOTORCYCLE_ACCIDENT,TRUCK_ACCIDENT,ALCOHOL_INVOLVED,COUNT_SEVERE_INJ,COUNT_VISIBLE_INJ,COUNT_COMPLAINT_PAIN,COUNT_PED_KILLED,COUNT_PED_INJURED,COUNT_BICYCLIST_KILLED,COUNT_BICYCLIST_INJURED,COUNT_MC_KILLED,COUNT_MC_INJURED,CITY,POINT_X,POINT_Y,lat,lon,geometry,city_new
2018,2018-06-20,2018-06-20T14:45:00Z,Wednesday,WILLIAMS RD,E ALISAL ST,NA,Y,NA,NA,4,0,2,A,09,D,C,A,H,A,N,N,N,N,N,0,0,2,0,0,0,0,0,0,SALINAS,-121.61990356445312,36.67216110229492,36.67216110229492,-121.61990356445312,"c(-121.619903564453, 36.6721611022949)",Salinas
2018,2018-06-07,2018-06-07T11:19:00Z,Thursday,WEST LAUREL DR,HUNTINGTON ST,NA,Y,NA,NA,3,0,1,A,09,D,C,A,H,A,N,N,N,N,N,0,1,0,0,0,0,0,0,0,SALINAS,-121.6536865234375,36.69911193847656,36.69911193847656,-121.6536865234375,"c(-121.653686523438, 36.6991119384766)",Salinas
2018,2018-06-01,2018-06-01T13:13:00Z,Friday,N HEBBRON AV,EAST ST,S,N,NA,NA,2,0,1,A,10,G,B,D,H,A,Y,N,N,N,N,1,0,0,0,1,0,0,0,0,SALINAS,-121.6321029663086,36.67441177368164,36.67441177368164,-121.6321029663086,"c(-121.632102966309, 36.6744117736816)",Salinas
2018,2018-06-25,2018-06-25T05:27:00Z,Monday,OSAGE DR,N 1ST ST,NA,Y,NA,NA,4,0,1,A,03,C,C,A,H,B,N,N,N,N,N,0,0,1,0,0,0,0,0,0,SALINAS,-121.65586853027344,36.706729888916016,36.706729888916016,-121.65586853027344,"c(-121.655868530273, 36.706729888916)",Salinas
2018,2018-06-22,2018-06-22T16:35:00Z,Friday,NORTH SANBORN RD,GARNER AV,NA,Y,NA,NA,3,0,1,A,10,G,B,B,H,A,Y,N,N,N,N,0,1,0,0,1,0,0,0,0,SALINAS,-121.61514282226562,36.68621063232422,36.68621063232422,-121.61514282226562,"c(-121.615142822266, 36.6862106323242)",Salinas
2018,2018-06-02,2018-06-02T13:34:00Z,Saturday,E.ALISAL,PAJARO RD,NA,Y,NA,NA,3,0,2,A,12,D,C,A,H,-,N,N,N,N,N,0,2,0,0,0,0,0,0,0,SALINAS,-121.65255737304688,36.67412185668945,36.67412185668945,-121.65255737304688,"c(-121.652557373047, 36.6741218566895)",Salinas
2018,2018-06-03,2018-06-03T00:30:00Z,Sunday,N SANBORN,CIRCLE,NA,Y,NA,NA,3,0,1,A,03,C,C,A,H,C,N,N,N,N,N,0,1,0,0,0,0,0,0,0,SALINAS,-121.62525939941406,36.67900848388672,36.67900848388672,-121.62525939941406,"c(-121.625259399414, 36.6790084838867)",Salinas
2018,2018-06-07,2018-06-07T21:09:00Z,Thursday,EAST BORONDA RD,MCKINNON ST,W,N,NA,NA,3,0,5,A,01,C,C,A,H,C,N,N,N,N,Y,0,1,4,0,0,0,0,0,0,SALINAS,-121.6455078125,36.71733856201172,36.71733856201172,-121.6455078125,"c(-121.6455078125, 36.7173385620117)",Salinas
2018,2018-07-27,2018-07-27T23:08:00Z,Friday,LIGHTHOUSE AV,DRAKE AV,NA,Y,NA,NA,4,0,1,A,12,D,C,A,H,C,N,N,N,N,N,0,0,1,0,0,0,0,0,0,MONTEREY,-121.89994049072266,36.6114501953125,36.6114501953125,-121.89994049072266,"c(-121.899940490723, 36.6114501953125)",Monterey
2018,2018-07-18,2018-07-18T17:52:00Z,Wednesday,NORTH FREMONT ST,CASANOVA AV,W,N,NA,NA,2,0,1,A,11,G,B,B,H,A,Y,N,N,N,N,1,0,0,0,1,0,0,0,0,MONTEREY,-121.85325622558594,36.5976676940918,36.5976676940918,-121.85325622558594,"c(-121.853256225586, 36.5976676940918)",Monterey
2018,2018-07-30,2018-07-30T14:34:00Z,Monday,LIGHTHOUSE AV,DELMONTE,N,N,NA,NA,4,0,1,A,03,C,C,A,H,C,N,N,N,N,N,0,0,1,0,0,0,0,0,0,MONTEREY,-121.92832946777344,36.62664031982422,36.62664031982422,-121.92832946777344,"c(-121.928329467773, 36.6266403198242)",Pacific Grove
2018,2018-03-28,2018-03-28T20:29:00Z,Wednesday,LOS PALOS DR,EAST ROMIE LN,NA,Y,NA,NA,3,0,1,A,05,D,G,A,H,C,N,Y,N,N,N,0,1,0,0,0,0,1,0,0,SALINAS,-121.64466094970703,36.659610748291016,36.659610748291016,-121.64466094970703,"c(-121.644660949707, 36.659610748291)",Salinas
2018,2018-07-04,2018-07-04T10:08:00Z,Wednesday,OCEAN VIEW BL,DEWEY AV,NA,Y,NA,NA,3,0,2,B,22,D,G,F,H,A,Y,Y,N,N,N,0,2,0,0,1,0,1,0,0,PACIFIC GROVE,-121.90518951416016,36.61977005004883,36.61977005004883,-121.90518951416016,"c(-121.90518951416, 36.6197700500488)",Pacific Grove
2018,2018-06-18,2018-06-18T11:37:00Z,Monday,68,OLMSTED RD,E,N,68,H,4,0,1,C,18,-,C,A,H,A,N,N,N,N,N,0,0,1,0,0,0,0,0,0,MONTEREY,-121.84648895263672,36.58327102661133,36.58327102661133,-121.84648895263672,"c(-121.846488952637, 36.5832710266113)",Monterey
2018,2018-05-26,2018-05-26T01:19:00Z,Saturday,FLORES ST,LA SALLE AV,S,N,NA,NA,3,0,1,A,-,B,E,A,H,C,N,N,N,N,N,0,1,0,0,0,0,0,0,0,SEASIDE,-121.8337631225586,36.61631393432617,36.61631393432617,-121.8337631225586,"c(-121.833763122559, 36.6163139343262)",Seaside
2018,2018-05-26,2018-05-26T16:40:00Z,Saturday,FREMONT BL,FREMONT BL 1700 BLOCK,NA,-,NA,NA,4,0,1,A,01,C,C,A,H,A,N,N,N,Y,Y,0,0,1,0,0,0,0,0,0,SEASIDE,NA,NA,0,0,"c(0, 0)",Other Unincorporated
2018,2018-02-26,2018-02-26T17:47:00Z,Monday,TOWT,BELLEHAVEN ST,S,N,NA,NA,4,0,1,A,09,-,C,A,H,B,N,N,N,N,N,0,0,1,0,0,0,0,0,0,SALINAS,-121.61449432373047,36.68101119995117,36.68101119995117,-121.61449432373047,"c(-121.61449432373, 36.6810111999512)",Salinas
2018,2018-06-30,2018-06-30T15:19:00Z,Saturday,LIGHTHOUSE AV,PRIVATE BOLIO RD,S,N,NA,NA,4,0,1,A,03,C,C,A,H,A,N,N,N,N,N,0,0,1,0,0,0,0,0,0,MONTEREY,-121.89437103271484,36.6040153503418,36.6040153503418,-121.89437103271484,"c(-121.894371032715, 36.6040153503418)",Monterey
2018,2018-05-24,2018-05-24T17:40:00Z,Thursday,SAN PABLO CT,SAN PABLO AV,NA,Y,NA,NA,4,0,1,A,08,G,B,D,H,A,Y,N,N,N,N,0,0,1,0,1,0,0,0,0,SEASIDE,-121.84085845947266,36.6148796081543,36.6148796081543,-121.84085845947266,"c(-121.840858459473, 36.6148796081543)",Seaside
2018,2018-05-22,2018-05-22T16:15:00Z,Tuesday,LA SALLE AV,LUZERN ST,NA,Y,NA,NA,4,0,1,A,09,D,D,A,H,A,N,N,N,N,N,0,0,1,0,0,0,0,0,0,SEASIDE,-121.8311767578125,36.61669158935547,36.61669158935547,-121.8311767578125,"c(-121.831176757812, 36.6166915893555)",Seaside
2018,2018-05-10,2018-05-10T19:02:00Z,Thursday,PHOENIX AV,GOODWIN ST,NA,Y,NA,NA,3,0,3,A,09,D,C,A,H,A,N,N,N,N,N,0,1,2,0,0,0,0,0,0,SEASIDE,-121.8394775390625,36.61323165893555,36.61323165893555,-121.8394775390625,"c(-121.839477539062, 36.6132316589355)",Seaside
2018,2018-05-08,2018-05-08T16:18:00Z,Tuesday,DEL MONTE BL,BROADWAY AV,N,N,NA,NA,3,0,1,A,08,D,C,A,H,A,N,N,Y,N,N,0,1,0,0,0,0,0,0,1,SEASIDE,-121.85269927978516,36.60940933227539,36.60940933227539,-121.85269927978516,"c(-121.852699279785, 36.6094093322754)",Seaside
2018,2018-05-02,2018-05-02T22:24:00Z,Wednesday,COLONEL DURHAM ST,6TH AV,W,N,NA,NA,4,0,1,A,12,D,C,A,H,C,N,N,N,N,N,0,0,1,0,0,0,0,0,0,SEASIDE,NA,NA,0,0,"c(0, 0)",Other Unincorporated
2018,2018-05-02,2018-05-02T08:38:00Z,Wednesday,LORENZO CT,KIMBALL AV,S,N,NA,NA,2,0,2,A,08,B,E,A,H,A,N,N,N,N,N,1,1,0,0,0,0,0,0,0,SEASIDE,-121.84744262695312,36.59890365600586,36.59890365600586,-121.84744262695312,"c(-121.847442626953, 36.5989036560059)",Seaside
2018,2018-07-13,2018-07-13T16:24:00Z,Friday,MUNRAS AV,CASS ST,NA,Y,NA,NA,3,0,1,A,09,D,C,A,H,A,N,N,N,N,N,0,1,0,0,0,0,0,0,0,MONTEREY,-121.89774322509766,36.588871002197266,36.588871002197266,-121.89774322509766,"c(-121.897743225098, 36.5888710021973)",Monterey
2018,2018-07-13,2018-07-13T14:45:00Z,Friday,FOAM ST,IRVING AV,NA,Y,NA,NA,4,0,1,A,12,D,C,A,H,A,N,N,N,N,N,0,0,1,0,0,0,0,0,0,MONTEREY,-121.90280151367188,36.61627960205078,36.61627960205078,-121.90280151367188,"c(-121.902801513672, 36.6162796020508)",Monterey
2018,2018-07-04,2018-07-04T11:13:00Z,Wednesday,PACIFIC ST,DEL MONTE AV,S,N,NA,NA,4,0,1,A,03,C,C,A,H,A,N,N,N,N,N,0,0,1,0,0,0,0,0,0,MONTEREY,-121.8955307006836,36.60103988647461,36.60103988647461,-121.8955307006836,"c(-121.895530700684, 36.6010398864746)",Monterey
2018,2018-07-04,2018-07-04T23:02:00Z,Wednesday,PALM AV,6TH ST,NA,Y,NA,NA,4,0,1,A,03,E,I,A,H,C,N,N,N,N,N,0,0,1,0,0,0,0,0,0,GREENFIELD,-121.24153900146484,36.32411193847656,36.32411193847656,-121.24153900146484,"c(-121.241539001465, 36.3241119384766)",Greenfield
2018,2018-06-01,2018-06-01T10:02:00Z,Friday,BLANCO,RIKER,W,N,NA,NA,3,0,1,A,03,C,C,A,H,A,N,N,N,N,N,0,1,0,0,0,0,0,0,0,SALINAS,-121.66600799560547,36.659976959228516,36.659976959228516,-121.66600799560547,"c(-121.666007995605, 36.6599769592285)",Salinas
2017,2017-05-29,2017-05-29T21:38:00Z,Monday,NORTH SAN BORN RD,FREEDOM PKWY,NA,Y,NA,NA,4,0,1,A,03,C,C,A,H,C,N,N,N,N,N,0,0,1,0,0,0,0,0,0,SALINAS,-121.60134986,36.69213004,36.69213004,-121.60134986,"c(-121.60134986, 36.69213004)",Salinas
2017,2017-05-12,2017-05-12T18:00:00Z,Friday,MACHADO WY,MONTANA ST,N,N,NA,NA,4,0,1,A,00,G,B,D,H,A,Y,N,N,N,N,0,0,1,0,1,0,0,0,0,SALINAS,-121.61671113,36.68303286,36.68303286,-121.61671113,"c(-121.61671113, 36.68303286)",Salinas
2017,2017-06-18,2017-06-18T16:29:00Z,Sunday,EAST BORONDA RD,SAN JUAN GRADE RD,E,N,NA,NA,4,0,1,A,05,-,G,A,H,A,N,Y,N,N,N,0,0,1,0,0,0,1,0,0,SALINAS,-121.65059709,36.7192515,36.7192515,-121.65059709,"c(-121.65059709, 36.7192515)",Salinas
2018,2018-06-30,2018-06-30T14:17:00Z,Saturday,TOWT ST,CORTER ST,N,N,NA,NA,3,0,2,A,09,D,C,E,H,A,Y,N,N,N,N,0,1,1,0,1,0,0,0,0,SALINAS,NA,NA,0,0,"c(0, 0)",Other Unincorporated
2018,2018-06-23,2018-06-23T18:17:00Z,Saturday,EAST BORONDA RD,MCKINNON ST,E,N,NA,NA,4,0,1,A,03,C,C,A,H,A,N,N,N,N,N,0,0,1,0,0,0,0,0,0,SALINAS,-121.64091491699219,36.71664047241211,36.71664047241211,-121.64091491699219,"c(-121.640914916992, 36.7166404724121)",Salinas
2018,2018-06-23,2018-06-23T13:09:00Z,Saturday,VICTOR ST,POTRERO WY,NA,Y,NA,NA,4,0,1,A,04,C,C,A,H,A,N,N,N,N,N,0,0,1,0,0,0,0,0,0,SALINAS,-121.66557312011719,36.688621520996094,36.688621520996094,-121.66557312011719,"c(-121.665573120117, 36.6886215209961)",Salinas
2018,2018-06-09,2018-06-09T14:37:00Z,Saturday,BLANCO RD,RIKER ST,NA,Y,NA,NA,3,0,2,A,12,D,C,A,H,A,N,N,N,N,N,0,2,0,0,0,0,0,0,0,SALINAS,-121.66512298583984,36.65882110595703,36.65882110595703,-121.66512298583984,"c(-121.66512298584, 36.658821105957)",Salinas
2018,2018-06-11,2018-06-11T18:10:00Z,Monday,REGENCY CIR,HARDEN PKWY,NA,Y,NA,NA,3,0,1,A,10,G,B,B,H,A,Y,N,N,N,N,0,1,0,0,1,0,0,0,0,SALINAS,-121.64926147460938,36.713470458984375,36.713470458984375,-121.64926147460938,"c(-121.649261474609, 36.7134704589844)",Salinas
2018,2018-06-10,2018-06-10T11:19:00Z,Sunday,RUSSELL RD,VAN BUREN AV,NA,Y,NA,NA,3,0,2,D,00,A,C,A,H,A,N,N,N,N,N,0,2,0,0,0,0,0,0,0,SALINAS,-121.6480484008789,36.73212814331055,36.73212814331055,-121.6480484008789,"c(-121.648048400879, 36.7321281433105)",Other Unincorporated
2018,2018-06-13,2018-06-13T18:59:00Z,Wednesday,NORTH MAIN ST,MADRID ST,N,N,NA,NA,4,0,1,A,05,G,G,A,H,A,N,Y,N,N,N,0,0,1,0,0,0,1,0,0,SALINAS,-121.65495300292969,36.714569091796875,36.714569091796875,-121.65495300292969,"c(-121.65495300293, 36.7145690917969)",Salinas
2018,2018-06-23,2018-06-23T05:33:00Z,Saturday,NATIVIDAD RD,LOS COCHES AV,NA,Y,NA,NA,3,0,1,A,17,D,C,A,H,A,N,N,N,N,N,0,1,0,0,0,0,0,0,0,SALINAS,-121.6275634765625,36.70703125,36.70703125,-121.6275634765625,"c(-121.627563476562, 36.70703125)",Salinas
2018,2018-06-21,2018-06-21T20:51:00Z,Thursday,WEST ACACIA,CAMDEN WY,E,N,NA,NA,3,0,1,A,08,-,C,A,H,C,N,N,N,N,N,0,1,0,0,0,0,0,0,0,SALINAS,-121.67475891113281,36.67024612426758,36.67024612426758,-121.67475891113281,"c(-121.674758911133, 36.6702461242676)",Salinas
2018,2018-06-23,2018-06-23T18:29:00Z,Saturday,WEST LAUREL DR,NORTH MAIN ST,W,N,NA,NA,4,0,1,A,03,C,C,A,H,A,N,N,N,N,N,0,0,1,0,0,0,0,0,0,SALINAS,-121.65213012695312,36.69930648803711,36.69930648803711,-121.65213012695312,"c(-121.652130126953, 36.6993064880371)",Salinas
2018,2018-06-03,2018-06-03T11:05:00Z,Sunday,EUCALYPTUS DR,EAST ALISAL,N,N,NA,NA,3,0,1,A,05,G,G,A,H,A,N,Y,N,N,N,0,1,0,0,0,0,1,0,0,SALINAS,-121.62518310546875,36.67268371582031,36.67268371582031,-121.62518310546875,"c(-121.625183105469, 36.6726837158203)",Salinas
2018,2018-06-09,2018-06-09T19:10:00Z,Saturday,CROSS AV,MIAMI ST,NA,Y,NA,NA,3,0,1,A,09,G,G,A,H,A,N,Y,N,N,N,0,1,0,0,0,0,1,0,0,SALINAS,-121.60916900634766,36.67694854736328,36.67694854736328,-121.60916900634766,"c(-121.609169006348, 36.6769485473633)",Salinas
2018,2018-06-07,2018-06-07T17:32:00Z,Thursday,EAST BORONDA RD,MCKINNON ST,E,N,NA,NA,4,0,1,A,08,D,C,A,H,A,N,N,N,N,N,0,0,1,0,0,0,0,0,0,SALINAS,-121.64339447021484,36.71702575683594,36.71702575683594,-121.64339447021484,"c(-121.643394470215, 36.7170257568359)",Salinas
2018,2018-06-07,2018-06-07T17:54:00Z,Thursday,NATIVIDAD RD,BORONDA RD,W,N,NA,NA,3,0,2,A,03,C,C,A,H,A,N,N,N,N,N,0,2,0,0,0,0,0,0,0,SALINAS,-121.62352752685547,36.71551513671875,36.71551513671875,-121.62352752685547,"c(-121.623527526855, 36.7155151367188)",Salinas
2018,2018-06-16,2018-06-16T05:46:00Z,Saturday,NATIVIDAD RD,EAST ALVIN DR,E,N,NA,NA,3,0,2,A,03,D,C,A,H,A,N,N,N,N,N,0,1,1,0,0,0,0,0,0,SALINAS,-121.6313247680664,36.70332717895508,36.70332717895508,-121.6313247680664,"c(-121.631324768066, 36.7033271789551)",Salinas
2018,2018-06-21,2018-06-21T13:40:00Z,Thursday,HARKINS RD,ABBOTT ST,W,N,NA,NA,4,0,1,A,03,D,C,A,H,A,N,N,N,N,N,0,0,1,0,0,0,0,0,0,SALINAS,-121.62696075439453,36.653045654296875,36.653045654296875,-121.62696075439453,"c(-121.626960754395, 36.6530456542969)",Salinas
2018,2018-06-17,2018-06-17T18:35:00Z,Sunday,NORTH SAN BORN RD,KIMMEL ST,NA,Y,NA,NA,4,0,1,A,09,D,C,A,H,A,N,N,N,N,N,0,0,1,0,0,0,0,0,0,SALINAS,-121.61723327636719,36.68503189086914,36.68503189086914,-121.61723327636719,"c(-121.617233276367, 36.6850318908691)",Salinas
2018,2018-06-21,2018-06-21T15:48:00Z,Thursday,EAST LAUREL DR,TOWT ST,W,N,NA,NA,4,0,2,A,04,C,C,A,H,A,N,N,N,N,N,0,0,2,0,0,0,0,0,0,SALINAS,-121.61890411376953,36.680625915527344,36.680625915527344,-121.61890411376953,"c(-121.61890411377, 36.6806259155273)",Salinas
2018,2018-06-30,2018-06-30T07:59:00Z,Saturday,MONTEREY ST,EAST MARKET ST,NA,Y,NA,NA,3,0,2,A,12,D,C,A,H,A,N,N,N,N,N,0,1,1,0,0,0,0,0,0,SALINAS,-121.6545181274414,36.67770004272461,36.67770004272461,-121.6545181274414,"c(-121.654518127441, 36.6777000427246)",Salinas
2018,2018-06-28,2018-06-28T19:55:00Z,Thursday,WILLIAMS RD,QUILLA,N,N,NA,NA,4,0,1,A,03,C,D,A,H,A,N,N,N,N,N,0,0,1,0,0,0,0,0,0,SALINAS,-121.6180419921875,36.67336654663086,36.67336654663086,-121.6180419921875,"c(-121.618041992188, 36.6733665466309)",Salinas
2018,2018-07-11,2018-07-11T08:49:00Z,Wednesday,IMJIN PKWY,3RD AV,W,N,NA,NA,4,0,1,A,08,C,C,A,H,A,N,N,N,N,N,0,0,1,0,0,0,0,0,0,MARINA,-121.80602264404297,36.66678237915039,36.66678237915039,-121.80602264404297,"c(-121.806022644043, 36.6667823791504)",Marina
2018,2018-06-28,2018-06-28T16:28:00Z,Thursday,183,VILLA ST,W,N,183,H,3,0,1,A,09,D,C,A,H,A,N,N,N,N,N,0,1,0,0,0,0,0,0,0,SALINAS,-121.66578674316406,36.68128967285156,36.68128967285156,-121.66578674316406,"c(-121.665786743164, 36.6812896728516)",Salinas
2018,2018-06-30,2018-06-30T06:15:00Z,Saturday,SALINAS,WEST ALISAL ST,NA,Y,NA,NA,3,0,2,A,12,D,C,A,H,A,N,N,N,N,N,0,1,1,0,0,0,0,0,0,SALINAS,-121.6560287475586,36.67361831665039,36.67361831665039,-121.6560287475586,"c(-121.656028747559, 36.6736183166504)",Salinas
2018,2018-06-29,2018-06-29T12:55:00Z,Friday,ALTA ST,10TH ST,S,N,NA,NA,4,0,1,B,22,C,E,A,H,A,N,N,N,N,N,0,0,1,0,0,0,0,0,0,GONZALES,-121.45035552978516,36.51078796386719,36.51078796386719,-121.45035552978516,"c(-121.450355529785, 36.5107879638672)",Gonzales
2018,2018-07-16,2018-07-16T14:05:00Z,Monday,FAIRGROUND RD,CASA VERDE,NA,Y,NA,NA,4,0,1,A,12,A,C,A,H,A,N,N,N,N,N,0,0,1,0,0,0,0,0,0,MONTEREY,-121.86241149902344,36.595088958740234,36.595088958740234,-121.86241149902344,"c(-121.862411499023, 36.5950889587402)",Monterey
2018,2018-07-09,2018-07-09T22:22:00Z,Monday,NORTH FREMONT ST,AIRPORT RD,E,N,NA,NA,4,0,1,A,04,C,C,A,H,C,N,N,N,N,N,0,0,1,0,0,0,0,0,0,MONTEREY,-121.85882568359375,36.596649169921875,36.596649169921875,-121.85882568359375,"c(-121.858825683594, 36.5966491699219)",Monterey
2018,2018-07-11,2018-07-11T14:32:00Z,Wednesday,SOLEDAD DR,MAR VISTA DR,S,N,NA,NA,1,1,1,A,08,A,I,A,H,A,N,N,N,N,N,0,1,0,0,0,0,0,0,0,MONTEREY,-121.90953063964844,36.588722229003906,36.588722229003906,-121.90953063964844,"c(-121.909530639648, 36.5887222290039)",Monterey
2018,2018-07-23,2018-07-23T19:14:00Z,Monday,DEL MONTE BL,REINDOLLAR AV,S,N,NA,NA,4,0,1,A,03,F,A,A,H,A,N,N,Y,N,N,0,0,1,0,0,0,0,0,1,MARINA,-121.80645751953125,36.68023681640625,36.68023681640625,-121.80645751953125,"c(-121.806457519531, 36.6802368164062)",Marina
2018,2018-08-03,2018-08-03T09:18:00Z,Friday,PEARL ST,CORTES ST,NA,Y,NA,NA,4,0,1,A,09,D,C,A,H,A,N,N,N,N,N,0,0,1,0,0,0,0,0,0,MONTEREY,-121.88922882080078,36.59785842895508,36.59785842895508,-121.88922882080078,"c(-121.889228820801, 36.5978584289551)",Monterey
2018,2018-08-03,2018-08-03T14:56:00Z,Friday,VIA LAVANDERA,COSTANOAN DR,S,N,NA,NA,4,0,1,A,09,D,C,A,H,A,N,N,N,N,N,0,0,1,0,0,0,0,0,0,MONTEREY,-121.8823013305664,36.592411041259766,36.592411041259766,-121.8823013305664,"c(-121.882301330566, 36.5924110412598)",Monterey
2018,2018-08-01,2018-08-01T06:43:00Z,Wednesday,ABREGO,PEARL,NA,Y,NA,NA,4,0,1,A,12,D,C,A,H,A,N,N,N,N,N,0,0,1,0,0,0,0,0,0,MONTEREY,-121.89273071289062,36.59785079956055,36.59785079956055,-121.89273071289062,"c(-121.892730712891, 36.5978507995605)",Monterey
2018,2018-06-01,2018-06-01T15:57:00Z,Friday,FREMONT BL,HILBY AV,S,N,NA,NA,4,0,1,A,04,C,C,A,H,A,N,N,N,N,N,0,0,1,0,0,0,0,0,0,SEASIDE,-121.84896850585938,36.60228729248047,36.60228729248047,-121.84896850585938,"c(-121.848968505859, 36.6022872924805)",Seaside
2018,2018-06-09,2018-06-09T12:37:00Z,Saturday,KIMBALL AV,WHEELER ST,W,N,NA,NA,4,0,1,A,01,C,E,A,H,-,N,N,N,N,N,0,0,1,0,0,0,0,0,0,SEASIDE,-121.84595489501953,36.59967803955078,36.59967803955078,-121.84595489501953,"c(-121.84595489502, 36.5996780395508)",Seaside
2018,2018-06-18,2018-06-18T21:49:00Z,Monday,DEL MONTE BL,CLEMENTINA AV,N,N,NA,NA,2,0,1,A,01,C,E,A,H,C,N,N,N,N,Y,1,0,0,0,0,0,0,0,0,SEASIDE,-121.84529876708984,36.6136589050293,36.6136589050293,-121.84529876708984,"c(-121.84529876709, 36.6136589050293)",Seaside
2018,2018-07-18,2018-07-18T14:52:00Z,Wednesday,CASANOVA AV,EUCLID AV,S,N,NA,NA,4,0,1,A,08,C,E,A,H,A,N,N,N,N,N,0,0,1,0,0,0,0,0,0,MONTEREY,-121.8485336303711,36.59394073486328,36.59394073486328,-121.8485336303711,"c(-121.848533630371, 36.5939407348633)",Monterey
2018,2018-07-17,2018-07-17T21:12:00Z,Tuesday,OCEAN VIEW BL,SEA PALM AV,E,N,NA,NA,3,0,1,A,03,C,E,A,H,C,N,N,N,N,Y,0,1,0,0,0,0,0,0,0,PACIFIC GROVE,-121.92176055908203,36.628135681152344,36.628135681152344,-121.92176055908203,"c(-121.921760559082, 36.6281356811523)",Pacific Grove
2018,2018-07-18,2018-07-18T09:53:00Z,Wednesday,N FREMONT,CASANOVA,NA,Y,NA,NA,4,0,2,A,12,D,D,A,D,A,N,N,N,N,N,0,0,2,0,0,0,0,0,0,MONTEREY,-121.85323333740234,36.59767150878906,36.59767150878906,-121.85323333740234,"c(-121.853233337402, 36.5976715087891)",Monterey
2018,2018-06-09,2018-06-09T06:11:00Z,Saturday,NORTH SANBORN RD,DELMONTE AV,S,N,NA,NA,4,0,1,A,09,D,D,A,H,A,N,N,N,N,N,0,0,1,0,0,0,0,0,0,SALINAS,-121.61131286621094,36.68837356567383,36.68837356567383,-121.61131286621094,"c(-121.611312866211, 36.6883735656738)",Salinas
2018,2018-08-01,2018-08-01T18:51:00Z,Wednesday,BELDEN ST,2ND ST,E,N,NA,NA,4,0,1,A,09,D,C,A,H,A,N,N,N,N,N,0,0,1,0,0,0,0,0,0,GONZALES,-121.44194793701172,36.50585174560547,36.50585174560547,-121.44194793701172,"c(-121.441947937012, 36.5058517456055)",Gonzales
2018,2018-07-26,2018-07-26T15:49:00Z,Thursday,SUNSET DR,CROCKER AV,W,N,NA,NA,3,0,1,A,09,D,G,A,H,A,N,Y,N,N,N,0,1,0,0,0,0,1,0,0,PACIFIC GROVE,-121.9356689453125,36.616146087646484,36.616146087646484,-121.9356689453125,"c(-121.935668945312, 36.6161460876465)",Pacific Grove
2018,2018-06-05,2018-06-05T04:50:00Z,Tuesday,218,CANYON DEL REY BL,N,N,218,I,2,0,4,A,01,E,I,A,H,C,N,N,N,N,N,1,1,2,0,0,0,0,0,0,SEASIDE,-121.85576629638672,36.60762023925781,36.60762023925781,-121.85576629638672,"c(-121.855766296387, 36.6076202392578)",Seaside
2018,2018-06-23,2018-06-23T01:18:00Z,Saturday,218,FRANCIS AV,NA,Y,218,I,2,0,1,A,11,G,B,D,H,C,Y,N,N,N,Y,1,0,0,0,1,0,0,0,0,SEASIDE,-121.85289001464844,36.601356506347656,36.601356506347656,-121.85289001464844,"c(-121.852890014648, 36.6013565063477)",Seaside
2018,2018-07-05,2018-07-05T16:37:00Z,Thursday,183,CASENTINI ST,NA,Y,183,I,3,0,1,A,05,-,G,A,H,A,N,Y,N,N,N,0,1,0,0,0,0,1,0,0,SALINAS,-121.65299987792969,36.684104919433594,36.684104919433594,-121.65299987792969,"c(-121.65299987793, 36.6841049194336)",Salinas