ACCIDENT_YEAR,COLLISION_DATE,COLLISION_TIME,DAY_OF_WEEK,PRIMARY_RD,SECONDARY_RD,DIRECTION,INTERSECTION,STATE_ROUTE,LOCATION_TYPE,COLLISION_SEVERITY,NUMBER_KILLED,NUMBER_INJURED,PRIMARY_COLL_FACTOR,PCF_VIOL_CATEGORY,TYPE_OF_COLLISION,MVIW,PED_ACTION,ROAD_COND_1,LIGHTING,PEDESTRIAN_ACCIDENT,BICYCLE_ACCIDENT,MOTORCYCLE_ACCIDENT,TRUCK_ACCIDENT,ALCOHOL_INVOLVED,COUNT_SEVERE_INJ,COUNT_VISIBLE_INJ,COUNT_COMPLAINT_PAIN,COUNT_PED_KILLED,COUNT_PED_INJURED,COUNT_BICYCLIST_KILLED,COUNT_BICYCLIST_INJURED,COUNT_MC_KILLED,COUNT_MC_INJURED,CITY,POINT_X,POINT_Y,lat,lon,geometry,city_new
2018,2018-07-04,2018-07-04T15:02:00Z,Wednesday,EAST BORONDA RD,WILLIAMS RD,NA,Y,NA,NA,3,0,3,A,09,D,C,A,H,A,N,N,N,N,N,0,3,0,0,0,0,0,0,0,SALINAS,-121.5907211303711,36.68899917602539,36.68899917602539,-121.5907211303711,"c(-121.590721130371, 36.6889991760254)",Other Unincorporated
2018,2018-06-17,2018-06-17T18:40:00Z,Sunday,KIMBALL AV,KIMBALL AV 1554,NA,-,NA,NA,4,0,1,A,09,D,C,A,H,A,N,N,N,N,N,0,0,1,0,0,0,0,0,0,SEASIDE,NA,NA,0,0,"c(0, 0)",Other Unincorporated
2018,2018-06-30,2018-06-30T22:00:00Z,Saturday,DELMONTE AV,CLEMENTINA AV,NA,Y,NA,NA,4,0,1,A,03,C,C,A,H,C,N,N,N,N,N,0,0,1,0,0,0,0,0,0,SEASIDE,-121.84900665283203,36.61127853393555,36.61127853393555,-121.84900665283203,"c(-121.849006652832, 36.6112785339355)",Seaside
2018,2018-06-30,2018-06-30T14:24:00Z,Saturday,CANYON DEL REY BL,DELMONTE BL,NA,Y,NA,NA,4,0,1,A,04,C,C,A,H,A,N,N,Y,N,N,0,0,1,0,0,0,0,0,1,SEASIDE,-121.85600280761719,36.60762023925781,36.60762023925781,-121.85600280761719,"c(-121.856002807617, 36.6076202392578)",Seaside
2018,2018-06-04,2018-06-04T20:10:00Z,Monday,MINGO AV,SOTO ST,NA,Y,NA,NA,4,0,3,A,12,D,C,A,H,B,N,N,N,N,N,0,0,3,0,0,0,0,0,0,SEASIDE,-121.83071899414062,36.61183166503906,36.61183166503906,-121.83071899414062,"c(-121.830718994141, 36.6118316650391)",Seaside
2018,2018-06-02,2018-06-02T11:12:00Z,Saturday,SAN LUCAS ST,PALM AV,NA,Y,NA,NA,4,0,1,A,09,D,C,A,H,A,N,N,N,N,N,0,0,1,0,0,0,0,0,0,SEASIDE,-121.84026336669922,36.608299255371094,36.608299255371094,-121.84026336669922,"c(-121.840263366699, 36.6082992553711)",Seaside
2018,2018-08-04,2018-08-04T22:00:00Z,Saturday,OCEAN VIEW BL,11TH ST,NA,-,NA,NA,3,0,1,C,18,H,G,E,H,D,Y,Y,N,N,N,0,1,0,0,1,0,0,0,0,PACIFIC GROVE,-121.91246795654297,36.622169494628906,36.622169494628906,-121.91246795654297,"c(-121.912467956543, 36.6221694946289)",Pacific Grove
2018,2018-02-24,2018-02-24T19:33:00Z,Saturday,BORONDA RD,NATIVIDAD RD,E,N,NA,NA,3,0,1,A,11,G,B,D,H,C,Y,N,N,N,N,0,1,0,0,1,0,0,0,0,SALINAS,-121.62345123291016,36.71553421020508,36.71553421020508,-121.62345123291016,"c(-121.62345123291, 36.7155342102051)",Salinas
2018,2018-07-03,2018-07-03T17:01:00Z,Tuesday,SAN JUAN GRADE RD,BORONDA RD,N,N,NA,NA,4,0,1,A,03,C,C,A,H,A,N,N,N,N,N,0,0,1,0,0,0,0,0,0,SALINAS,-121.65115356445312,36.719810485839844,36.719810485839844,-121.65115356445312,"c(-121.651153564453, 36.7198104858398)",Salinas
2018,2018-07-09,2018-07-09T02:28:00Z,Monday,CHEROKEE DR,TULANE ST,S,N,NA,NA,4,0,1,A,01,A,E,A,H,C,N,N,N,N,Y,0,0,1,0,0,0,0,0,0,SALINAS,-121.6638412475586,36.69963073730469,36.69963073730469,-121.6638412475586,"c(-121.663841247559, 36.6996307373047)",Salinas
2017,2017-06-22,2017-06-22T13:54:00Z,Thursday,DEL MONTE AV,TOWT,NA,Y,NA,NA,4,0,1,A,12,D,G,A,H,A,N,Y,N,N,N,0,0,1,0,0,0,1,0,0,SALINAS,-121.60764987,36.68507005,36.68507005,-121.60764987,"c(-121.60764987, 36.68507005)",Salinas
2018,2018-07-02,2018-07-02T07:18:00Z,Monday,SOUTH SANBORN RD,JOHN ST,NA,Y,NA,NA,3,0,1,A,12,D,C,A,H,A,N,N,N,Y,N,0,1,0,0,0,0,0,0,0,SALINAS,-121.62773132324219,36.6693000793457,36.6693000793457,-121.62773132324219,"c(-121.627731323242, 36.6693000793457)",Salinas
2018,2018-07-18,2018-07-18T17:52:00Z,Wednesday,LAUREL DR,NORTH MAIN ST,NA,Y,NA,NA,3,0,1,A,03,C,C,A,H,A,N,N,N,N,N,0,1,0,0,0,0,0,0,0,SALINAS,-121.65203094482422,36.69932174682617,36.69932174682617,-121.65203094482422,"c(-121.652030944824, 36.6993217468262)",Salinas
2018,2018-07-21,2018-07-21T18:38:00Z,Saturday,ORANGE DR,PADRE DR,W,N,NA,NA,3,0,1,A,11,-,B,D,H,A,Y,N,N,N,N,0,1,0,0,1,0,0,0,0,SALINAS,-121.66133117675781,36.6615104675293,36.6615104675293,-121.66133117675781,"c(-121.661331176758, 36.6615104675293)",Salinas
2018,2018-07-29,2018-07-29T06:30:00Z,Sunday,EAST MARKET ST,N HEBBRON AV,NA,Y,NA,NA,2,0,1,A,01,B,C,A,H,A,N,N,N,N,Y,1,0,0,0,0,0,0,0,0,SALINAS,-121.63172149658203,36.676551818847656,36.676551818847656,-121.63172149658203,"c(-121.631721496582, 36.6765518188477)",Salinas
2018,2018-07-05,2018-07-05T13:34:00Z,Thursday,BARDIN RD,SYCAMORE RD,N,N,NA,NA,3,0,1,A,08,B,C,A,H,A,N,N,N,N,N,0,1,0,0,0,0,0,0,0,SALINAS,-121.60250854492188,36.67451477050781,36.67451477050781,-121.60250854492188,"c(-121.602508544922, 36.6745147705078)",Salinas
2018,2018-07-06,2018-07-06T17:15:00Z,Friday,IRIS DR,LUPIN DR,W,N,NA,NA,3,0,1,A,01,-,C,A,H,A,N,N,N,N,Y,0,1,0,0,0,0,0,0,0,SALINAS,-121.65422821044922,36.69325637817383,36.69325637817383,-121.65422821044922,"c(-121.654228210449, 36.6932563781738)",Salinas
2018,2018-07-02,2018-07-02T09:54:00Z,Monday,NORTH MAIN ST,CASENTINI ST,NA,Y,NA,NA,4,0,1,A,12,D,C,A,H,A,N,N,N,N,N,0,0,1,0,0,0,0,0,0,SALINAS,-121.65283203125,36.68429183959961,36.68429183959961,-121.65283203125,"c(-121.65283203125, 36.6842918395996)",Salinas
2018,2018-07-02,2018-07-02T21:59:00Z,Monday,EAST MARKET ST,PAJARO ST,NA,Y,NA,NA,3,0,1,A,08,D,C,A,H,C,N,N,N,N,N,0,1,0,0,0,0,0,0,0,SALINAS,-121.65335083007812,36.67782974243164,36.67782974243164,-121.65335083007812,"c(-121.653350830078, 36.6778297424316)",Salinas
2018,2018-07-05,2018-07-05T18:11:00Z,Thursday,NATIVIDAD RD,ALVIN DR,NA,Y,NA,NA,3,0,2,A,12,A,C,A,H,A,N,N,N,N,N,0,2,0,0,0,0,0,0,0,SALINAS,-121.63140869140625,36.70323944091797,36.70323944091797,-121.63140869140625,"c(-121.631408691406, 36.703239440918)",Salinas
2018,2018-07-01,2018-07-01T19:06:00Z,Sunday,CLAY ST,SOUTH MAIN ST,NA,Y,NA,NA,3,0,1,A,05,D,G,A,H,A,N,Y,N,N,N,0,1,0,0,0,0,1,0,0,SALINAS,-121.655029296875,36.670249938964844,36.670249938964844,-121.655029296875,"c(-121.655029296875, 36.6702499389648)",Salinas
2018,2018-07-02,2018-07-02T16:53:00Z,Monday,E MARKET,CEDAR ST,E,N,NA,NA,3,0,1,A,03,C,C,A,H,A,N,N,N,N,N,0,1,0,0,0,0,0,0,0,SALINAS,-121.6251449584961,36.676815032958984,36.676815032958984,-121.6251449584961,"c(-121.625144958496, 36.676815032959)",Salinas
2018,2018-07-23,2018-07-23T21:00:00Z,Monday,E BOLIVAR ST,VAN BUREN AV,S,N,NA,NA,4,0,1,A,08,B,C,A,H,C,N,N,N,N,Y,0,0,1,0,0,0,0,0,0,SALINAS,-121.64981079101562,36.72630310058594,36.72630310058594,-121.64981079101562,"c(-121.649810791016, 36.7263031005859)",Salinas
2018,2018-07-03,2018-07-03T16:36:00Z,Tuesday,N SAN BORN RD,DEL MONTE AV,S,N,NA,NA,3,0,1,A,09,A,C,A,H,A,N,N,N,N,N,0,1,0,0,0,0,0,0,0,SALINAS,-121.6122817993164,36.68781280517578,36.68781280517578,-121.6122817993164,"c(-121.612281799316, 36.6878128051758)",Salinas
2018,2018-07-22,2018-07-22T13:33:00Z,Sunday,W ALVIN DR,N 1ST ST,NA,Y,NA,NA,3,0,1,A,12,D,C,A,H,A,N,N,N,N,N,0,1,0,0,0,0,0,0,0,SALINAS,-121.6560287475586,36.70751190185547,36.70751190185547,-121.6560287475586,"c(-121.656028747559, 36.7075119018555)",Salinas
2018,2018-07-05,2018-07-05T01:52:00Z,Thursday,N SAN BORN RD,PARKWAY,S,N,NA,NA,3,0,1,A,01,C,E,A,H,C,N,N,N,N,Y,0,1,0,0,0,0,0,0,0,SALINAS,-121.6274642944336,36.675315856933594,36.675315856933594,-121.6274642944336,"c(-121.627464294434, 36.6753158569336)",Salinas
2018,2018-07-09,2018-07-09T14:27:00Z,Monday,BARDIN RD,WILLIAMS RD,NA,Y,NA,NA,3,0,2,A,09,A,C,A,H,A,N,N,N,N,N,0,1,1,0,0,0,0,0,0,SALINAS,-121.6070327758789,36.679649353027344,36.679649353027344,-121.6070327758789,"c(-121.607032775879, 36.6796493530273)",Salinas
2018,2018-07-25,2018-07-25T15:54:00Z,Wednesday,NORTH FREMONT ST,CASANOVA,E,N,NA,NA,4,0,1,A,03,C,C,A,H,A,N,N,N,N,N,0,0,1,0,0,0,0,0,0,MONTEREY,-121.85189056396484,36.5981559753418,36.5981559753418,-121.85189056396484,"c(-121.851890563965, 36.5981559753418)",Monterey
2018,2018-07-24,2018-07-24T00:08:00Z,Tuesday,PAJARO ST,EAST GABILAN ST,S,N,NA,NA,4,0,1,A,01,C,C,A,H,C,N,N,N,N,Y,0,0,1,0,0,0,0,0,0,SALINAS,-121.6529541015625,36.6759033203125,36.6759033203125,-121.6529541015625,"c(-121.652954101562, 36.6759033203125)",Salinas
2018,2018-08-05,2018-08-05T03:00:00Z,Sunday,MELANIE RD,SUSAN AV,N,N,NA,NA,4,0,1,A,01,C,E,A,H,D,N,N,N,N,Y,0,0,1,0,0,0,0,0,0,MARINA,-121.7926254272461,36.69118881225586,36.69118881225586,-121.7926254272461,"c(-121.792625427246, 36.6911888122559)",Marina
2018,2018-08-11,2018-08-11T18:22:00Z,Saturday,CASANOVA,MELWAY CIR,NA,Y,NA,NA,3,0,1,A,09,D,C,A,H,A,N,N,Y,N,N,0,1,0,0,0,0,0,0,1,MONTEREY,-121.85163116455078,36.59640884399414,36.59640884399414,-121.85163116455078,"c(-121.851631164551, 36.5964088439941)",Monterey
2018,2018-08-16,2018-08-16T14:12:00Z,Thursday,DEL MONTE AV,PACIFIC ST,E,N,NA,NA,4,0,1,A,07,C,I,A,H,A,N,N,N,N,N,0,0,1,0,0,0,0,0,0,MONTEREY,-121.89543914794922,36.601131439208984,36.601131439208984,-121.89543914794922,"c(-121.895439147949, 36.601131439209)",Monterey
2018,2018-08-09,2018-08-09T12:43:00Z,Thursday,ABRAMS DR,BROSTROM AV,NA,Y,NA,NA,2,0,1,A,03,H,A,A,H,A,N,N,N,N,N,1,0,0,0,0,0,0,0,0,MARINA,-121.78489685058594,36.666011810302734,36.666011810302734,-121.78489685058594,"c(-121.784896850586, 36.6660118103027)",Marina
2018,2018-08-15,2018-08-15T21:10:00Z,Wednesday,RESERVATION RD,VISTA DEL CAMINO AV,W,N,NA,NA,4,0,4,A,03,C,C,A,H,C,N,N,N,N,N,0,0,4,0,0,0,0,0,0,MARINA,NA,NA,0,0,"c(0, 0)",Other Unincorporated
2018,2018-06-15,2018-06-15T05:51:00Z,Friday,GARNER AV,SIEBER ST,S,N,NA,NA,4,0,1,A,12,D,C,A,H,B,N,N,N,N,N,0,0,1,0,0,0,0,0,0,SALINAS,-121.61554718017578,36.68672561645508,36.68672561645508,-121.61554718017578,"c(-121.615547180176, 36.6867256164551)",Salinas
2018,2018-07-18,2018-07-18T13:01:00Z,Wednesday,ALISAL ST,FELICE,E,N,NA,NA,3,0,1,A,07,B,C,A,H,A,N,N,N,N,N,0,1,0,0,0,0,0,0,0,SALINAS,-121.63004302978516,36.67315673828125,36.67315673828125,-121.63004302978516,"c(-121.630043029785, 36.6731567382812)",Salinas
2018,2018-07-21,2018-07-21T19:30:00Z,Saturday,MONTE BELLA,WILLIAMS RD,NA,Y,NA,NA,3,0,2,A,01,A,C,A,H,A,N,N,N,N,Y,0,1,1,0,0,0,0,0,0,SALINAS,-121.60047149658203,36.68341064453125,36.68341064453125,-121.60047149658203,"c(-121.600471496582, 36.6834106445312)",Salinas
2018,2018-07-22,2018-07-22T12:45:00Z,Sunday,NORTH MAIN ST,LAUREL DR,N,N,NA,NA,4,0,1,A,03,C,C,A,H,A,N,N,N,N,N,0,0,1,0,0,0,0,0,0,SALINAS,-121.65205383300781,36.69942855834961,36.69942855834961,-121.65205383300781,"c(-121.652053833008, 36.6994285583496)",Salinas
2018,2018-07-01,2018-07-01T18:39:00Z,Sunday,BADGER WY,MUSTANG CT,NA,Y,NA,NA,2,0,2,A,09,D,C,A,H,A,N,N,N,N,N,2,0,0,0,0,0,0,0,0,SALINAS,-121.5941390991211,36.68846130371094,36.68846130371094,-121.5941390991211,"c(-121.594139099121, 36.6884613037109)",Salinas
2018,2018-07-27,2018-07-27T21:16:00Z,Friday,BORONDA RD,MAIN ST,E,N,NA,NA,4,0,2,A,03,C,C,A,H,C,N,N,N,N,N,0,0,2,0,0,0,0,0,0,SALINAS,-121.65582275390625,36.72157287597656,36.72157287597656,-121.65582275390625,"c(-121.655822753906, 36.7215728759766)",Salinas
2018,2018-07-23,2018-07-23T00:27:00Z,Monday,E ALISAL ST,HOLADAY AV,NA,Y,NA,NA,4,0,1,A,06,G,B,B,H,C,Y,N,N,N,N,0,0,1,0,1,0,0,0,0,SALINAS,-121.62899780273438,36.67304992675781,36.67304992675781,-121.62899780273438,"c(-121.628997802734, 36.6730499267578)",Salinas
2018,2018-07-28,2018-07-28T05:20:00Z,Saturday,NORTH MAIN ST,SANTA CLARA AV,N,N,NA,NA,3,0,3,A,03,D,I,A,H,C,N,N,N,N,N,0,3,0,0,0,0,0,0,0,SALINAS,-121.65241241455078,36.6879997253418,36.6879997253418,-121.65241241455078,"c(-121.652412414551, 36.6879997253418)",Salinas
2018,2018-07-30,2018-07-30T19:37:00Z,Monday,NATIVIDAD RD,EAST LAUREL DR,S,N,NA,NA,3,0,1,A,09,C,C,A,H,B,N,N,Y,N,N,0,1,0,0,0,0,0,0,1,SALINAS,-121.63981628417969,36.694969177246094,36.694969177246094,-121.63981628417969,"c(-121.63981628418, 36.6949691772461)",Salinas
2018,2018-07-30,2018-07-30T08:04:00Z,Monday,CENTRAL AV,RIKER,NA,Y,NA,NA,4,0,2,A,08,D,C,A,H,A,N,N,N,N,N,0,0,2,0,0,0,0,0,0,SALINAS,-121.66181945800781,36.676048278808594,36.676048278808594,-121.66181945800781,"c(-121.661819458008, 36.6760482788086)",Salinas
2018,2018-07-27,2018-07-27T09:54:00Z,Friday,MCKINNON ST,HARDEN PKWY,NA,Y,NA,NA,4,0,1,A,09,D,C,A,H,A,N,N,N,N,N,0,0,1,0,0,0,0,0,0,SALINAS,-121.64408111572266,36.71208953857422,36.71208953857422,-121.64408111572266,"c(-121.644081115723, 36.7120895385742)",Salinas
2018,2018-07-05,2018-07-05T17:53:00Z,Thursday,ABBOTT ST,HARRIS RD,N,N,NA,NA,4,0,1,A,08,F,J,A,H,A,N,N,N,N,N,0,0,1,0,0,0,0,0,0,SALINAS,-121.61245727539062,36.64508056640625,36.64508056640625,-121.61245727539062,"c(-121.612457275391, 36.6450805664062)",Other Unincorporated
2018,2018-07-30,2018-07-30T17:30:00Z,Monday,183,LINCOLN AV,W,N,183,H,4,0,1,A,03,C,C,A,H,A,N,N,N,N,N,0,0,1,0,0,0,0,0,0,SALINAS,-121.65834045410156,36.678443908691406,36.678443908691406,-121.65834045410156,"c(-121.658340454102, 36.6784439086914)",Salinas
2018,2018-07-28,2018-07-28T14:02:00Z,Saturday,EAST LAUREL DR,TAPADERO DR,NA,Y,NA,NA,2,0,3,A,09,-,-,A,H,A,N,N,N,N,Y,1,2,0,0,0,0,0,0,0,SALINAS,-121.64978790283203,36.69887924194336,36.69887924194336,-121.64978790283203,"c(-121.649787902832, 36.6988792419434)",Salinas
2018,2018-08-12,2018-08-12T21:52:00Z,Sunday,PACIFIC ST,ALAMEDA ST,S,N,NA,NA,2,0,1,A,03,H,A,A,H,D,N,N,Y,N,N,1,0,0,0,0,0,0,0,1,MONTEREY,-121.90087890625,36.588050842285156,36.588050842285156,-121.90087890625,"c(-121.90087890625, 36.5880508422852)",Monterey
2018,2018-08-13,2018-08-13T13:23:00Z,Monday,DELMONTE AV,FIGUEROA AV,W,N,NA,NA,4,0,1,A,03,C,C,A,H,A,N,N,N,N,N,0,0,1,0,0,0,0,0,0,MONTEREY,-121.89020538330078,36.60028839111328,36.60028839111328,-121.89020538330078,"c(-121.890205383301, 36.6002883911133)",Monterey
2018,2018-08-20,2018-08-20T19:25:00Z,Monday,FRANKLIN,VAN BUREN,NA,Y,NA,NA,4,0,1,A,12,D,C,A,H,A,N,N,N,N,N,0,0,1,0,0,0,0,0,0,MONTEREY,-121.89743041992188,36.60057067871094,36.60057067871094,-121.89743041992188,"c(-121.897430419922, 36.6005706787109)",Monterey
2018,2018-07-31,2018-07-31T14:50:00Z,Tuesday,IMJIN PW,IMJIN RD,E,N,NA,NA,4,0,1,A,03,C,C,A,H,A,N,N,Y,N,N,0,0,1,0,0,0,0,0,1,MARINA,-121.79131317138672,36.66172790527344,36.66172790527344,-121.79131317138672,"c(-121.791313171387, 36.6617279052734)",Marina
2018,2018-08-29,2018-08-29T16:54:00Z,Wednesday,DEL MONTE AV,CASA VERDE WY,NA,Y,NA,NA,2,0,1,A,07,B,C,A,H,A,N,N,Y,N,N,1,0,0,0,0,0,0,0,1,MONTEREY,-121.8666000366211,36.602081298828125,36.602081298828125,-121.8666000366211,"c(-121.866600036621, 36.6020812988281)",Monterey
2018,2018-08-24,2018-08-24T17:05:00Z,Friday,FOAM ST,HOFFMAN AV,S,N,NA,NA,3,0,2,A,07,B,C,A,H,A,N,N,N,N,N,0,2,0,0,0,0,0,0,0,MONTEREY,-121.90084838867188,36.61396789550781,36.61396789550781,-121.90084838867188,"c(-121.900848388672, 36.6139678955078)",Monterey
2018,2018-08-16,2018-08-16T19:45:00Z,Thursday,DEL MONTE CTR,DEL MONTE CTR 1410,NA,Y,NA,NA,4,0,1,A,21,H,C,A,H,A,N,N,N,N,N,0,0,1,0,0,0,0,0,0,MONTEREY,NA,NA,0,0,"c(0, 0)",Other Unincorporated
2018,2018-08-21,2018-08-21T13:50:00Z,Tuesday,NORTH FREMONT ST,CASANOVA AV,E,N,NA,NA,4,0,1,A,08,B,G,A,H,A,N,Y,N,N,N,0,0,1,0,0,0,1,0,0,MONTEREY,-121.85243225097656,36.59790802001953,36.59790802001953,-121.85243225097656,"c(-121.852432250977, 36.5979080200195)",Monterey
2018,2018-08-30,2018-08-30T14:16:00Z,Thursday,WASHINGTON ST,FRANKLIN ST,N,N,NA,NA,4,0,1,A,21,B,C,A,-,-,N,N,N,N,N,0,0,1,0,0,0,0,0,0,MONTEREY,-121.89244079589844,36.60015869140625,36.60015869140625,-121.89244079589844,"c(-121.892440795898, 36.6001586914062)",Monterey
2018,2018-08-20,2018-08-20T18:18:00Z,Monday,PEARL ST,EL ESTERO,E,N,NA,NA,2,0,6,A,01,B,C,A,H,A,N,N,N,N,Y,2,2,2,0,0,0,0,0,0,MONTEREY,NA,NA,0,0,"c(0, 0)",Other Unincorporated
2017,2017-06-21,2017-06-21T17:23:00Z,Wednesday,68,CLAY ST,NA,Y,68,I,4,0,1,A,11,G,B,E,H,A,Y,N,N,N,N,0,0,1,0,1,0,0,0,0,SALINAS,-121.65481692,36.67107332,36.67107332,-121.65481692,"c(-121.65481692, 36.67107332)",Salinas
2018,2018-08-21,2018-08-21T20:46:00Z,Tuesday,101,RT 101,NA,Y,101,R,3,0,1,B,22,A,C,A,H,C,N,N,N,N,N,0,1,0,0,0,0,0,0,0,GONZALES,-121.17384338378906,36.23038101196289,36.23038101196289,-121.17384338378906,"c(-121.173843383789, 36.2303810119629)",Other Unincorporated
2018,2018-09-13,2018-09-13T21:37:00Z,Thursday,DEL MONTE BL,PALM AV,NA,Y,NA,NA,4,0,1,D,00,B,C,A,H,C,N,N,N,N,N,0,0,1,0,0,0,0,0,0,MARINA,-121.80368041992188,36.683448791503906,36.683448791503906,-121.80368041992188,"c(-121.803680419922, 36.6834487915039)",Marina
2018,2018-08-19,2018-08-19T17:30:00Z,Sunday,13TH ST,PGE POLE 110473252,S,N,NA,NA,2,0,1,A,03,C,C,A,H,A,N,N,N,N,N,1,0,0,0,0,0,0,0,0,GREENFIELD,NA,NA,0,0,"c(0, 0)",Other Unincorporated
2018,2018-07-04,2018-07-04T22:23:00Z,Wednesday,DEL MONTE BL,FREMONT BL,W,N,NA,NA,4,0,1,A,08,E,I,A,H,C,N,N,N,N,N,0,0,1,0,0,0,0,0,0,SEASIDE,-121.84098815917969,36.622230529785156,36.622230529785156,-121.84098815917969,"c(-121.84098815918, 36.6222305297852)",Seaside
2018,2018-07-09,2018-07-09T08:44:00Z,Monday,FREMONT BL,CLEMENTINA AV,NA,Y,NA,NA,4,0,2,A,12,D,C,A,H,A,N,N,N,N,N,0,0,2,0,0,0,0,0,0,SEASIDE,-121.8446273803711,36.610870361328125,36.610870361328125,-121.8446273803711,"c(-121.844627380371, 36.6108703613281)",Seaside
2018,2018-07-10,2018-07-10T19:07:00Z,Tuesday,COE AV,POLE # 183,W,N,NA,NA,4,0,2,A,08,A,I,A,H,A,N,N,N,N,N,0,0,2,0,0,0,0,0,0,SEASIDE,NA,NA,0,0,"c(0, 0)",Other Unincorporated
2018,2018-07-15,2018-07-15T05:20:00Z,Sunday,CALAVERAS ST,PALM AV,NA,Y,NA,NA,4,0,1,A,09,A,G,A,H,B,N,Y,N,N,N,0,0,1,0,0,0,1,0,0,SEASIDE,-121.84751892089844,36.608428955078125,36.608428955078125,-121.84751892089844,"c(-121.847518920898, 36.6084289550781)",Seaside
2018,2018-09-10,2018-09-10T18:16:00Z,Monday,DEL MONTE AV,PALO VERDE AV,E,N,NA,NA,4,0,1,A,03,C,C,A,H,A,N,N,N,N,N,0,0,1,0,0,0,0,0,0,MONTEREY,-121.86824035644531,36.601356506347656,36.601356506347656,-121.86824035644531,"c(-121.868240356445, 36.6013565063477)",Monterey
2018,2018-08-10,2018-08-10T16:20:00Z,Friday,68,E SAN JOAQUIN ST,N,N,68,H,4,0,1,A,03,C,C,A,H,A,N,N,N,N,N,0,0,1,0,0,0,0,0,0,SALINAS,-121.6590347290039,36.65906524658203,36.65906524658203,-121.6590347290039,"c(-121.659034729004, 36.659065246582)",Salinas
2018,2018-08-25,2018-08-25T14:58:00Z,Saturday,68,UTILITY POLE 1188,NA,Y,68,H,4,0,2,A,03,C,C,A,-,-,N,N,N,N,N,0,0,2,0,0,0,0,0,0,MONTEREY,-121.84974670410156,36.583988189697266,36.583988189697266,-121.84974670410156,"c(-121.849746704102, 36.5839881896973)",Monterey
2018,2018-09-29,2018-09-29T09:13:00Z,Saturday,DEL MONTE AV,SLOAT AV,NA,Y,NA,NA,4,0,2,A,09,D,C,A,H,A,N,N,N,N,N,0,0,2,0,0,0,0,0,0,MONTEREY,-121.8788833618164,36.59986114501953,36.59986114501953,-121.8788833618164,"c(-121.878883361816, 36.5998611450195)",Monterey
2018,2018-08-28,2018-08-28T07:13:00Z,Tuesday,CALIFORNIA AV,DX DR,N,N,NA,NA,4,0,2,A,01,F,I,A,H,A,N,N,N,N,Y,0,0,2,0,0,0,0,0,0,MARINA,-121.79879760742188,36.66383361816406,36.66383361816406,-121.79879760742188,"c(-121.798797607422, 36.6638336181641)",Marina
2018,2018-09-08,2018-09-08T02:53:00Z,Saturday,CALIFORNIA AV,EXETER PL,N,N,NA,NA,3,0,1,A,01,E,E,A,H,C,N,N,N,N,Y,0,1,0,0,0,0,0,0,0,MARINA,-121.78569793701172,36.67942428588867,36.67942428588867,-121.78569793701172,"c(-121.785697937012, 36.6794242858887)",Marina
2018,2018-08-31,2018-08-31T18:55:00Z,Friday,OCEAN VIEW BL,OCEAN VIEW BL 700,NA,N,NA,NA,4,0,1,A,08,B,G,A,H,A,N,Y,N,N,N,0,0,1,0,0,0,1,0,0,PACIFIC GROVE,NA,NA,0,0,"c(0, 0)",Other Unincorporated
2018,2018-08-14,2018-08-14T12:12:00Z,Tuesday,GENERAL STILLWELL DR,2ND AV,W,N,NA,NA,4,0,1,A,03,G,B,B,H,A,Y,N,N,N,N,0,0,1,0,1,0,0,0,0,MARINA,-121.81082916259766,36.66612243652344,36.66612243652344,-121.81082916259766,"c(-121.810829162598, 36.6661224365234)",Marina
2018,2018-09-02,2018-09-02T17:22:00Z,Sunday,RESERVATION RD,CRESCENT AV,W,N,NA,NA,4,0,1,B,22,G,B,F,H,A,Y,N,N,N,N,0,0,1,0,1,0,0,0,0,MARINA,-121.79199981689453,36.68388748168945,36.68388748168945,-121.79199981689453,"c(-121.791999816895, 36.6838874816895)",Marina
2018,2018-08-09,2018-08-09T19:39:00Z,Thursday,E ALISAL ST,HOLADAY,NA,Y,NA,NA,4,0,1,A,09,D,C,A,H,A,N,N,N,N,N,0,0,1,0,0,0,0,0,0,SALINAS,-121.62899780273438,36.67304992675781,36.67304992675781,-121.62899780273438,"c(-121.628997802734, 36.6730499267578)",Salinas
2018,2018-08-22,2018-08-22T05:46:00Z,Wednesday,NORTH SANBORN RD,CIRCLE DR,S,N,NA,NA,3,0,1,A,03,C,C,A,H,A,N,N,N,N,N,0,1,0,0,0,0,0,0,0,SALINAS,-121.62531280517578,36.67893981933594,36.67893981933594,-121.62531280517578,"c(-121.625312805176, 36.6789398193359)",Salinas