ACCIDENT_YEAR,COLLISION_DATE,COLLISION_TIME,DAY_OF_WEEK,PRIMARY_RD,SECONDARY_RD,DIRECTION,INTERSECTION,STATE_ROUTE,LOCATION_TYPE,COLLISION_SEVERITY,NUMBER_KILLED,NUMBER_INJURED,PRIMARY_COLL_FACTOR,PCF_VIOL_CATEGORY,TYPE_OF_COLLISION,MVIW,PED_ACTION,ROAD_COND_1,LIGHTING,PEDESTRIAN_ACCIDENT,BICYCLE_ACCIDENT,MOTORCYCLE_ACCIDENT,TRUCK_ACCIDENT,ALCOHOL_INVOLVED,COUNT_SEVERE_INJ,COUNT_VISIBLE_INJ,COUNT_COMPLAINT_PAIN,COUNT_PED_KILLED,COUNT_PED_INJURED,COUNT_BICYCLIST_KILLED,COUNT_BICYCLIST_INJURED,COUNT_MC_KILLED,COUNT_MC_INJURED,CITY,POINT_X,POINT_Y,lat,lon,geometry,city_new
2018,2018-12-13,2018-12-13T14:41:00Z,Thursday,68,CANYON DEL REY BL,E,N,68,H,4,0,1,A,09,D,C,A,H,A,N,N,N,N,N,0,0,1,0,0,0,0,0,0,MONTEREY,-121.82774353027344,36.58073806762695,36.58073806762695,-121.82774353027344,"c(-121.827743530273, 36.580738067627)",Monterey
2018,2018-08-04,2018-08-04T13:48:00Z,Saturday,LYNN ST,N VANDERHURST AV,NA,Y,NA,NA,4,0,1,A,12,D,C,A,H,A,N,N,N,N,Y,0,0,1,0,0,0,0,0,0,KING CITY,-121.12838745117188,36.21303176879883,36.21303176879883,-121.12838745117188,"c(-121.128387451172, 36.2130317687988)",King City
2018,2018-12-08,2018-12-08T07:29:00Z,Saturday,EL DORADO DR,CALAVERAS DR,NA,Y,NA,NA,3,0,1,A,10,G,B,B,H,A,Y,N,N,N,N,0,1,0,0,1,0,0,0,0,SALINAS,-121.63672637939453,36.708370208740234,36.708370208740234,-121.63672637939453,"c(-121.636726379395, 36.7083702087402)",Salinas
2018,2018-12-10,2018-12-10T16:27:00Z,Monday,CAPITOL ST,PARK ST,NA,Y,NA,NA,3,0,1,A,11,G,B,D,H,A,Y,N,N,N,N,0,1,0,0,1,0,0,0,0,SALINAS,-121.6611099243164,36.677940368652344,36.677940368652344,-121.6611099243164,"c(-121.661109924316, 36.6779403686523)",Salinas
2018,2018-12-10,2018-12-10T19:39:00Z,Monday,EAST MARKET,CARR AV,E,N,NA,NA,2,0,1,A,10,G,B,C,H,C,Y,N,N,N,N,1,0,0,0,1,0,0,0,0,SALINAS,-121.6348876953125,36.67686080932617,36.67686080932617,-121.6348876953125,"c(-121.634887695312, 36.6768608093262)",Salinas
2018,2018-12-11,2018-12-11T12:09:00Z,Tuesday,MONTEREY ST,EAST SAN LUIS ST,N,N,NA,NA,4,0,1,A,09,D,G,A,H,A,N,Y,N,N,N,0,0,1,0,0,0,1,0,0,SALINAS,-121.65335845947266,36.672119140625,36.672119140625,-121.65335845947266,"c(-121.653358459473, 36.672119140625)",Salinas
2018,2018-12-09,2018-12-09T10:52:00Z,Sunday,EAST ROSSI ST,SHERWOOD DR,NA,Y,NA,NA,4,0,1,A,10,G,B,B,H,A,Y,N,N,N,N,0,0,1,0,1,0,0,0,0,SALINAS,-121.6503677368164,36.680198669433594,36.680198669433594,-121.6503677368164,"c(-121.650367736816, 36.6801986694336)",Salinas
2018,2018-11-16,2018-11-16T07:45:00Z,Friday,DEL MONTE AV,RIDER AV,NA,Y,NA,NA,3,0,1,A,10,G,B,B,H,A,Y,N,N,N,Y,0,1,0,0,1,0,0,0,0,SALINAS,-121.6135025024414,36.691749572753906,36.691749572753906,-121.6135025024414,"c(-121.613502502441, 36.6917495727539)",Salinas
2018,2018-11-28,2018-11-28T17:21:00Z,Wednesday,EAST LAUREL DR,GRANADA AV,NA,Y,NA,NA,2,0,1,A,10,G,B,B,H,C,Y,N,N,N,N,1,0,0,0,1,0,0,0,0,SALINAS,-121.64035034179688,36.6967887878418,36.6967887878418,-121.64035034179688,"c(-121.640350341797, 36.6967887878418)",Salinas
2018,2018-11-29,2018-11-29T03:49:00Z,Thursday,EAST MARKET ST,CARR AV,NA,Y,NA,NA,4,0,1,A,09,D,C,A,H,C,N,N,N,N,N,0,0,1,0,0,0,0,0,0,SALINAS,-121.63549041748047,36.67692184448242,36.67692184448242,-121.63549041748047,"c(-121.63549041748, 36.6769218444824)",Salinas
2018,2018-12-14,2018-12-14T16:14:00Z,Friday,NATIVIDAD RD,ARCADIA WY,NA,Y,NA,NA,4,0,1,A,01,C,C,A,H,A,N,N,N,N,N,0,0,1,0,0,0,0,0,0,SALINAS,-121.62432098388672,36.713539123535156,36.713539123535156,-121.62432098388672,"c(-121.624320983887, 36.7135391235352)",Salinas
2018,2018-12-15,2018-12-15T13:13:00Z,Saturday,183,CASENTINI ST,N,N,183,H,4,0,1,A,03,C,C,A,H,A,N,N,N,N,N,0,0,1,0,0,0,0,0,0,SALINAS,-121.65266418457031,36.68487548828125,36.68487548828125,-121.65266418457031,"c(-121.65266418457, 36.6848754882812)",Salinas
2018,2018-12-27,2018-12-27T12:49:00Z,Thursday,68,SAN MIGUEL AV,N,N,68,I,3,0,1,A,03,A,-,A,H,A,N,Y,N,N,N,0,1,0,0,0,0,1,0,0,SALINAS,-121.65875244140625,36.65985870361328,36.65985870361328,-121.65875244140625,"c(-121.658752441406, 36.6598587036133)",Salinas
2018,2018-12-13,2018-12-13T13:51:00Z,Thursday,BOLIVAR ST,SANTA RITA ST,E,N,NA,NA,3,0,1,A,11,G,B,C,H,A,Y,N,N,N,N,0,1,0,0,1,0,0,0,0,SALINAS,-121.65299987792969,36.72514724731445,36.72514724731445,-121.65299987792969,"c(-121.65299987793, 36.7251472473145)",Salinas
2018,2018-12-04,2018-12-04T08:14:00Z,Tuesday,OAK AVE,PG & E POLE NUMER 39,S,N,NA,NA,3,0,1,A,03,D,C,A,H,A,N,N,N,N,N,0,1,0,0,0,0,0,0,0,GREENFIELD,NA,NA,0,0,"c(0, 0)",Other Unincorporated
2018,2018-12-05,2018-12-05T09:58:00Z,Wednesday,EAST LAUREL DR,W TOWT ST,W,N,NA,NA,3,0,1,A,09,D,C,A,-,A,N,N,N,N,N,0,1,0,0,0,0,0,0,0,SALINAS,-121.61933898925781,36.681129455566406,36.681129455566406,-121.61933898925781,"c(-121.619338989258, 36.6811294555664)",Salinas
2018,2018-12-17,2018-12-17T21:11:00Z,Monday,IRIS DR,TYLER ST,E,N,NA,NA,3,0,1,A,17,B,E,E,H,C,Y,N,N,N,N,0,1,0,0,1,0,0,0,0,SALINAS,-121.6583480834961,36.693538665771484,36.693538665771484,-121.6583480834961,"c(-121.658348083496, 36.6935386657715)",Salinas
2018,2018-08-24,2018-08-24T17:01:00Z,Friday,CANAL ST,BASSETT ST,S,N,NA,NA,4,0,2,A,07,B,C,A,H,A,N,N,N,N,N,0,0,2,0,0,0,0,0,0,KING CITY,-121.13274383544922,36.20759582519531,36.20759582519531,-121.13274383544922,"c(-121.132743835449, 36.2075958251953)",King City
2018,2018-10-16,2018-10-16T13:54:00Z,Tuesday,BROADWAY ST,FRANCISCAN WY,E,N,NA,NA,4,0,1,A,11,G,B,F,H,A,Y,N,N,N,N,0,0,1,0,1,0,0,0,0,KING CITY,-121.13485717773438,36.20743179321289,36.20743179321289,-121.13485717773438,"c(-121.134857177734, 36.2074317932129)",King City
2018,2018-10-16,2018-10-16T17:04:00Z,Tuesday,PEARL ST,S 3RD ST,NA,Y,NA,NA,4,0,2,A,09,D,C,A,H,A,N,N,N,N,N,0,0,2,0,0,0,0,0,0,KING CITY,-121.12492370605469,36.211151123046875,36.211151123046875,-121.12492370605469,"c(-121.124923706055, 36.2111511230469)",King City
2018,2018-12-01,2018-12-01T09:30:00Z,Saturday,FREMONT BL,SONOMA AV,NA,Y,NA,NA,3,0,1,A,10,G,B,B,H,A,Y,N,N,N,N,0,1,0,0,1,0,0,0,0,SEASIDE,-121.84709930419922,36.60625076293945,36.60625076293945,-121.84709930419922,"c(-121.847099304199, 36.6062507629395)",Seaside
2018,2018-12-02,2018-12-02T09:35:00Z,Sunday,FREMONT BL,PLAYA AV,NA,Y,NA,NA,3,0,1,A,10,A,B,B,H,A,Y,N,N,N,N,0,1,0,0,1,0,0,0,0,SEASIDE,-121.84117126464844,36.61800003051758,36.61800003051758,-121.84117126464844,"c(-121.841171264648, 36.6180000305176)",Seaside
2018,2018-12-21,2018-12-21T17:52:00Z,Friday,BROADWAY AV,FREMONT BL,E,N,NA,NA,4,0,1,A,05,-,G,A,H,C,N,Y,N,N,N,0,0,1,0,0,0,1,0,0,SEASIDE,-121.84540557861328,36.60915756225586,36.60915756225586,-121.84540557861328,"c(-121.845405578613, 36.6091575622559)",Seaside
2018,2018-01-09,2018-01-09T18:12:00Z,Tuesday,SHERWOOD DR,SHERWOOD PL,S,N,NA,NA,4,0,1,A,03,C,C,A,H,C,N,N,N,N,N,0,0,1,0,0,0,0,0,0,SALINAS,-121.64781188964844,36.68574523925781,36.68574523925781,-121.64781188964844,"c(-121.647811889648, 36.6857452392578)",Salinas
2018,2018-12-24,2018-12-24T17:25:00Z,Monday,HAMPTON ST,DERBY WY,W,N,NA,NA,3,0,1,A,10,G,B,D,H,C,Y,N,N,N,Y,0,1,0,0,1,0,0,0,0,SALINAS,-121.64320373535156,36.710174560546875,36.710174560546875,-121.64320373535156,"c(-121.643203735352, 36.7101745605469)",Salinas
2018,2018-12-25,2018-12-25T08:05:00Z,Tuesday,NORTH PEARL ST,ROOSEVELT ST,NA,Y,NA,NA,3,0,2,A,03,D,E,A,H,A,N,N,N,N,N,0,2,0,0,0,0,0,0,0,SALINAS,-121.63340759277344,36.67509078979492,36.67509078979492,-121.63340759277344,"c(-121.633407592773, 36.6750907897949)",Salinas
2018,2018-12-25,2018-12-25T14:25:00Z,Tuesday,TRAZADO AV,PACHECO ST,S,N,NA,NA,3,0,1,A,09,H,G,A,H,A,N,Y,N,N,N,0,1,0,0,0,0,1,0,0,SALINAS,-121.63956451416016,36.698856353759766,36.698856353759766,-121.63956451416016,"c(-121.63956451416, 36.6988563537598)",Salinas
2018,2018-11-16,2018-11-16T20:20:00Z,Friday,E ALISAL ST,BARDIN RD,S,N,NA,NA,3,0,2,A,08,B,C,A,H,D,N,N,N,N,N,0,2,0,0,0,0,0,0,0,SALINAS,-121.60228729248047,36.67357635498047,36.67357635498047,-121.60228729248047,"c(-121.60228729248, 36.6735763549805)",Salinas
2018,2018-11-08,2018-11-08T17:53:00Z,Thursday,TOWT ST,EAST LAUREL DR,NA,N,NA,NA,3,0,1,A,10,G,B,C,H,C,Y,N,N,N,N,0,1,0,0,1,0,0,0,0,SALINAS,-121.61766815185547,36.67919921875,36.67919921875,-121.61766815185547,"c(-121.617668151855, 36.67919921875)",Salinas
2018,2018-12-15,2018-12-15T11:54:00Z,Saturday,OCEAN VIEW BL,OCEAN VIEW BL 1300,N,N,NA,NA,4,0,1,A,08,H,G,A,H,A,N,Y,N,N,N,0,0,1,0,0,0,1,0,0,PACIFIC GROVE,NA,NA,0,0,"c(0, 0)",Other Unincorporated
2015,2015-08-17,2015-08-17T06:49:00Z,Monday,68,TORO PARK U/C,W,N,68,NA,4,0,1,A,03,C,C,A,H,A,N,N,N,N,N,0,0,1,0,0,0,0,0,0,UNINCORPORATED,-121.69887073,36.59856042,36.59856042,-121.69887073,"c(-121.69887073, 36.59856042)",Other Unincorporated
2015,2015-08-19,2015-08-19T15:35:00Z,Wednesday,CARMEL VALLEY ROAD,SCHULTE RD,W,N,NA,NA,4,0,1,A,08,E,I,A,H,A,N,N,N,N,N,0,0,1,0,0,0,0,0,0,UNINCORPORATED,-121.83720022,36.53140847,36.53140847,-121.83720022,"c(-121.83720022, 36.53140847)",Other Unincorporated
2015,2015-08-23,2015-08-23T15:00:00Z,Sunday,SAN JUAN GRADE ROAD,CRAZY HORSE CANYON ROAD,E,N,NA,NA,4,0,1,A,08,A,C,A,H,A,N,N,N,N,N,0,0,1,0,0,0,0,0,0,UNINCORPORATED,-121.57545111,36.81466856,36.81466856,-121.57545111,"c(-121.57545111, 36.81466856)",Other Unincorporated
2015,2015-08-21,2015-08-21T15:50:00Z,Friday,101,SR-156,N,N,101,NA,4,0,1,A,03,C,C,A,H,A,N,N,N,N,N,0,0,1,0,0,0,0,0,0,UNINCORPORATED,-121.66710895,36.791412,36.791412,-121.66710895,"c(-121.66710895, 36.791412)",Other Unincorporated
2015,2015-08-24,2015-08-24T12:50:00Z,Monday,OLD NATIVIDAD RD,NATIVIDAD RD,E,N,NA,NA,3,0,1,A,01,E,J,A,H,A,N,N,N,N,Y,0,1,0,0,0,0,0,0,0,UNINCORPORATED,-121.60577477,36.73199764,36.73199764,-121.60577477,"c(-121.60577477, 36.73199764)",Other Unincorporated
2015,2015-08-24,2015-08-24T06:40:00Z,Monday,SR-1,SR-183,W,N,NA,NA,4,0,2,A,09,D,C,A,H,A,N,N,N,N,N,0,0,2,0,0,0,0,0,0,UNINCORPORATED,NA,NA,0,0,"c(0, 0)",Other Unincorporated
2015,2015-08-25,2015-08-25T15:55:00Z,Tuesday,1,DEL MONTE BLVD,S,N,1,NA,3,0,1,A,01,E,I,A,H,A,N,N,N,N,Y,0,1,0,0,0,0,0,0,0,UNINCORPORATED,-121.86118592,36.60559401,36.60559401,-121.86118592,"c(-121.86118592, 36.60559401)",Monterey
2015,2015-08-26,2015-08-26T08:40:00Z,Wednesday,DAVIS ROAD,BLANCO ROAD,N,N,NA,NA,4,0,1,A,21,C,C,A,H,A,N,N,N,N,N,0,0,1,0,0,0,0,0,0,UNINCORPORATED,-121.68508995,36.66682222,36.66682222,-121.68508995,"c(-121.68508995, 36.66682222)",Other Unincorporated
2015,2015-08-26,2015-08-26T13:40:00Z,Wednesday,1,NASHUA ROAD,N,N,1,NA,4,0,1,A,08,B,C,E,H,A,Y,N,N,N,N,0,0,1,0,1,0,0,0,0,UNINCORPORATED,-121.76838304,36.74906374,36.74906374,-121.76838304,"c(-121.76838304, 36.74906374)",Other Unincorporated
2015,2015-08-26,2015-08-26T15:49:00Z,Wednesday,OLD STAGE ROAD,FOOTHILL DRIVE,N,N,NA,NA,2,0,1,A,01,F,I,A,H,A,N,N,N,N,Y,1,0,0,0,0,0,0,0,0,UNINCORPORATED,-121.55695889,36.68046763,36.68046763,-121.55695889,"c(-121.55695889, 36.68046763)",Other Unincorporated
2015,2015-08-24,2015-08-24T15:55:00Z,Monday,US 101 (NORTHBOUND),POTTER ROAD,N,N,NA,NA,4,0,1,A,07,B,C,A,H,A,N,N,N,N,N,0,0,1,0,0,0,0,0,0,UNINCORPORATED,-121.5574626,36.60563438,36.60563438,-121.5574626,"c(-121.5574626, 36.60563438)",Other Unincorporated
2015,2015-09-02,2015-09-02T16:45:00Z,Wednesday,MORSOLI ROAD,FRONT STREET,N,N,NA,NA,3,0,1,A,01,E,I,A,H,A,N,N,N,N,Y,0,1,0,0,0,0,0,0,0,UNINCORPORATED,-121.3347445,36.42149494,36.42149494,-121.3347445,"c(-121.3347445, 36.42149494)",Other Unincorporated
2015,2015-09-01,2015-09-01T04:55:00Z,Tuesday,METZ RD,BLUE JAY LANE,S,N,NA,NA,4,0,1,A,08,E,I,A,H,B,N,N,N,N,N,0,0,1,0,0,0,0,0,0,UNINCORPORATED,-121.24043572,36.37786548,36.37786548,-121.24043572,"c(-121.24043572, 36.37786548)",Other Unincorporated
2015,2015-08-24,2015-08-24T15:30:00Z,Monday,HIGH MEADOW DRIVE,OUTLOOK WAY,NA,Y,NA,NA,4,0,2,A,12,D,C,A,H,A,N,N,N,N,N,0,0,2,0,0,0,0,0,0,UNINCORPORATED,-121.90638992,36.56516001,36.56516001,-121.90638992,"c(-121.90638992, 36.56516001)",Other Unincorporated
2015,2015-08-24,2015-08-24T15:00:00Z,Monday,1,GORDA MOUNTAIN ROAD,S,N,1,NA,2,0,1,A,08,E,I,A,H,A,N,N,Y,N,N,1,0,0,0,0,0,0,0,1,UNINCORPORATED,-121.41142542,35.85384395,35.85384395,-121.41142542,"c(-121.41142542, 35.85384395)",Big Sur
2015,2015-08-28,2015-08-28T16:30:00Z,Friday,SR-156,OAK HILLS DR,NA,Y,NA,NA,4,0,2,A,09,D,C,A,H,A,N,N,N,N,N,0,0,2,0,0,0,0,0,0,UNINCORPORATED,-121.70353996,36.77993006,36.77993006,-121.70353996,"c(-121.70353996, 36.77993006)",Other Unincorporated
2015,2015-08-28,2015-08-28T04:07:00Z,Friday,101,LAUREL DRIVE O/C,S,N,101,NA,3,0,1,A,08,E,I,A,H,D,N,N,N,N,N,0,1,0,0,0,0,0,0,0,SALINAS,-121.66419487,36.69743634,36.69743634,-121.66419487,"c(-121.66419487, 36.69743634)",Salinas
2015,2015-08-29,2015-08-29T14:19:00Z,Saturday,US-101 N/B,LAUREL DRIVE,N,N,NA,NA,4,0,1,A,07,B,C,A,H,A,N,N,N,N,N,0,0,1,0,0,0,0,0,0,UNINCORPORATED,-121.66628,36.70304789,36.70304789,-121.66628,"c(-121.66628, 36.70304789)",Salinas
2015,2015-08-29,2015-08-29T02:49:00Z,Saturday,101,ALISAL ST. U/C,N,N,101,NA,3,0,1,A,08,F,I,A,H,C,N,N,N,N,N,0,1,0,0,0,0,0,0,0,SALINAS,-121.64087796,36.67447273,36.67447273,-121.64087796,"c(-121.64087796, 36.67447273)",Salinas
2015,2015-08-29,2015-08-29T16:05:00Z,Saturday,SAN JUAN RD,SAN MIGUEL CANYON ROAD,NA,Y,NA,NA,3,0,4,A,09,D,C,A,H,A,N,N,N,N,N,0,4,0,0,0,0,0,0,0,UNINCORPORATED,-121.69057997,36.90006003,36.90006003,-121.69057997,"c(-121.69057997, 36.90006003)",Royal Oaks
2015,2015-08-31,2015-08-31T17:45:00Z,Monday,DAVIS ROAD,AMBROSE DRIVE,N,N,NA,NA,4,0,2,A,03,C,C,A,H,A,N,N,N,N,N,0,0,2,0,0,0,0,0,0,UNINCORPORATED,-121.68292349,36.66935211,36.66935211,-121.68292349,"c(-121.68292349, 36.66935211)",Other Unincorporated
2015,2015-08-31,2015-08-31T06:40:00Z,Monday,SAN JUAN RD,SAN MIGUEL CANYON RD,NA,Y,NA,NA,3,0,2,A,21,D,C,A,H,B,N,N,N,N,N,0,1,1,0,0,0,0,0,0,UNINCORPORATED,-121.69057997,36.90006003,36.90006003,-121.69057997,"c(-121.69057997, 36.90006003)",Royal Oaks
2015,2015-08-31,2015-08-31T17:35:00Z,Monday,LAURELES GRADE,ROBLEY RD,N,N,NA,NA,4,0,1,A,05,B,C,A,H,A,N,N,N,N,N,0,0,1,0,0,0,0,0,0,UNINCORPORATED,-121.75006853,36.56286853,36.56286853,-121.75006853,"c(-121.75006853, 36.56286853)",Other Unincorporated
2015,2015-08-25,2015-08-25T17:29:00Z,Tuesday,SALINAS ROAD,ELKHORN ROAD,S,N,NA,NA,3,0,1,A,17,C,C,A,H,A,N,N,Y,N,N,0,1,0,0,0,0,0,0,1,UNINCORPORATED,-121.74689846,36.88294112,36.88294112,-121.74689846,"c(-121.74689846, 36.88294112)",Royal Oaks
2015,2015-08-31,2015-08-31T16:56:00Z,Monday,SAN JUAN RD (1600 BLOCK),MURPHY RD,E,N,NA,NA,4,0,4,A,03,B,C,A,H,A,N,N,N,N,N,0,0,4,0,0,0,0,0,0,UNINCORPORATED,-121.67568877,36.89612393,36.89612393,-121.67568877,"c(-121.67568877, 36.89612393)",Royal Oaks
2015,2015-09-01,2015-09-01T17:30:00Z,Tuesday,TRAFTON RD.,SALINAS RD.,NA,Y,NA,NA,3,0,1,A,09,B,C,A,H,A,N,N,N,N,N,0,1,0,0,0,0,0,0,0,UNINCORPORATED,-121.74710997,36.88679001,36.88679001,-121.74710997,"c(-121.74710997, 36.88679001)",Royal Oaks
2015,2015-09-01,2015-09-01T07:50:00Z,Tuesday,1,CORONA ROAD,S,N,1,NA,4,0,1,A,08,F,A,A,H,A,N,N,N,Y,N,0,0,1,0,0,0,0,0,0,UNINCORPORATED,-121.93783399,36.50345733,36.50345733,-121.93783399,"c(-121.93783399, 36.50345733)",Other Unincorporated
2015,2015-09-02,2015-09-02T17:55:00Z,Wednesday,101,W. LAUREL DR.,S,N,101,NA,3,0,1,A,08,F,A,A,H,A,N,N,N,N,N,0,1,0,0,0,0,0,0,0,SALINAS,-121.66359597,36.69614862,36.69614862,-121.66359597,"c(-121.66359597, 36.69614862)",Salinas
2015,2015-09-02,2015-09-02T11:15:00Z,Wednesday,ESPINOSA RD,US-101,W,N,NA,NA,4,0,1,A,03,C,C,A,H,A,N,N,N,N,N,0,0,1,0,0,0,0,0,0,UNINCORPORATED,-121.67255653,36.73903554,36.73903554,-121.67255653,"c(-121.67255653, 36.73903554)",Other Unincorporated
2015,2015-09-01,2015-09-01T19:45:00Z,Tuesday,101,GOULD ROAD,NA,Y,101,NA,2,0,2,A,09,D,C,A,H,B,N,N,N,N,N,1,0,1,0,0,0,0,0,0,UNINCORPORATED,-121.58727729,36.62783911,36.62783911,-121.58727729,"c(-121.58727729, 36.62783911)",Other Unincorporated
2015,2015-09-02,2015-09-02T22:23:00Z,Wednesday,CARMEL VALLEY ROAD,SAN CLEMENTE DRIVE,E,N,NA,NA,3,0,1,A,01,A,C,A,H,D,N,N,N,N,Y,0,1,0,0,0,0,0,0,0,UNINCORPORATED,-121.70613,36.4584,36.4584,-121.70613,"c(-121.70613, 36.4584)",Carmel Valley
2015,2015-09-04,2015-09-04T15:28:00Z,Friday,DAVIS ROAD,CENTRAL AVE,S,N,NA,NA,4,0,1,A,03,C,C,A,H,A,N,N,N,N,N,0,0,1,0,0,0,0,0,0,SALINAS,-121.67772605,36.67540818,36.67540818,-121.67772605,"c(-121.67772605, 36.67540818)",Other Unincorporated
2015,2015-09-05,2015-09-05T13:00:00Z,Saturday,1,SALINAS RD.,S,N,1,NA,4,0,1,A,03,C,C,A,H,A,N,N,N,N,N,0,0,1,0,0,0,0,0,0,UNINCORPORATED,-121.7704938,36.8684092,36.8684092,-121.7704938,"c(-121.7704938, 36.8684092)",Royal Oaks
2015,2015-08-28,2015-08-28T10:40:00Z,Friday,SR-183,SAN JON ROAD,N,N,NA,NA,4,0,2,A,03,C,C,A,H,A,N,N,N,Y,N,0,0,2,0,0,0,0,0,0,UNINCORPORATED,NA,NA,0,0,"c(0, 0)",Other Unincorporated
2015,2015-08-29,2015-08-29T06:15:00Z,Saturday,JENSEN ROAD,HILLTOP ROAD,W,N,NA,NA,3,0,1,A,05,B,C,A,H,D,N,N,N,N,N,0,1,0,0,0,0,0,0,0,UNINCORPORATED,NA,NA,0,0,"c(0, 0)",Other Unincorporated
2015,2015-08-31,2015-08-31T09:15:00Z,Monday,1,ROCKY CREEK,S,N,1,NA,3,0,1,A,08,F,A,A,H,A,N,N,Y,N,N,0,1,0,0,0,0,0,0,1,UNINCORPORATED,-121.90480149,36.37548465,36.37548465,-121.90480149,"c(-121.90480149, 36.37548465)",Other Unincorporated
2015,2015-09-03,2015-09-03T17:05:00Z,Thursday,1,PETER PAN ROAD,NA,N,1,NA,3,0,1,A,03,E,I,A,H,A,N,N,N,N,N,0,1,0,0,0,0,0,0,0,UNINCORPORATED,-121.93566113,36.4984,36.4984,-121.93566113,"c(-121.93566113, 36.4984)",Other Unincorporated
2015,2015-09-14,2015-09-14T00:20:00Z,Monday,101,THORNE RD,S,N,101,NA,4,0,1,A,08,E,I,A,H,D,N,N,N,N,N,0,0,1,0,0,0,0,0,0,GREENFIELD,-121.25207208,36.33662868,36.33662868,-121.25207208,"c(-121.25207208, 36.33662868)",Greenfield
2015,2015-09-15,2015-09-15T00:00:00Z,Tuesday,101,US-101 S/B FROM JOLON RD.,S,N,101,R,3,0,1,A,03,E,I,A,H,D,N,N,N,N,N,0,1,0,0,0,0,0,0,0,UNINCORPORATED,-120.83719,35.87321,35.87321,-120.83719,"c(-120.83719, 35.87321)",San Ardo
2015,2015-09-06,2015-09-06T10:35:00Z,Sunday,ECHO VALLEY ROAD,SAN MIGUEL CANYON ROAD,NA,Y,NA,NA,4,0,1,A,09,D,C,A,H,A,N,N,N,Y,N,0,0,1,0,0,0,0,0,0,UNINCORPORATED,-121.67346996,36.82166008,36.82166008,-121.67346996,"c(-121.67346996, 36.82166008)",Royal Oaks
2015,2015-09-06,2015-09-06T14:58:00Z,Sunday,1,POTRERO RD,S,N,1,NA,3,0,2,A,06,A,C,A,H,A,N,N,Y,N,N,0,1,1,0,0,0,0,0,2,UNINCORPORATED,-121.7830483,36.78961069,36.78961069,-121.7830483,"c(-121.7830483, 36.78961069)",Moss Landing
2015,2015-09-06,2015-09-06T18:30:00Z,Sunday,1,AURORA DEL MAR,S,N,1,NA,2,0,1,A,06,B,C,A,H,A,N,N,Y,N,Y,1,0,0,0,0,0,0,0,1,UNINCORPORATED,-121.92399524,36.45665045,36.45665045,-121.92399524,"c(-121.92399524, 36.45665045)",Other Unincorporated
2015,2015-09-09,2015-09-09T14:20:00Z,Wednesday,1,STRUVE SOUTH ROAD,N,N,1,NA,4,0,3,A,08,C,C,A,H,A,N,N,N,N,N,0,0,3,0,0,0,0,0,0,UNINCORPORATED,-121.77894905,36.82383452,36.82383452,-121.77894905,"c(-121.77894905, 36.82383452)",Moss Landing
2015,2015-09-09,2015-09-09T20:50:00Z,Wednesday,1,GRIMES CANYON,N,N,1,NA,4,0,2,A,03,A,C,A,H,D,N,N,N,N,N,0,0,2,0,0,0,0,0,0,UNINCORPORATED,-121.72509109,36.20085842,36.20085842,-121.72509109,"c(-121.72509109, 36.20085842)",Big Sur
2015,2015-09-09,2015-09-09T16:05:00Z,Wednesday,RESERVATION ROAD,DAVIS ROAD,E,N,NA,NA,3,0,1,A,03,C,C,A,H,A,N,N,N,N,N,0,1,0,0,0,0,0,0,0,UNINCORPORATED,-121.70636329,36.64165165,36.64165165,-121.70636329,"c(-121.70636329, 36.64165165)",Other Unincorporated
2015,2015-09-09,2015-09-09T16:30:00Z,Wednesday,SR-183,SR-156 W/B TO SR-183,S,N,NA,NA,4,0,1,A,03,C,C,A,H,A,N,N,N,N,N,0,0,1,0,0,0,0,0,0,UNINCORPORATED,NA,NA,0,0,"c(0, 0)",Other Unincorporated
2015,2015-09-11,2015-09-11T01:30:00Z,Friday,101,OLD STAGE ROAD,N,N,101,NA,3,0,1,A,01,D,C,A,H,D,N,N,N,N,Y,0,1,0,0,0,0,0,0,0,UNINCORPORATED,-121.48028973,36.53548153,36.53548153,-121.48028973,"c(-121.48028973, 36.53548153)",Other Unincorporated
2015,2015-09-11,2015-09-11T19:59:00Z,Friday,68,YORK RD,E,N,68,NA,2,0,1,A,01,F,A,A,H,D,N,N,Y,N,Y,1,0,0,0,0,0,0,0,1,UNINCORPORATED,-121.80592013,36.57102725,36.57102725,-121.80592013,"c(-121.80592013, 36.57102725)",Other Unincorporated
2015,2015-09-12,2015-09-12T09:30:00Z,Saturday,1,FLANDERS DRIVE,S,N,1,NA,4,0,1,A,03,C,C,A,H,A,N,N,N,N,N,0,0,1,0,0,0,0,0,0,UNINCORPORATED,-121.9113804,36.55755995,36.55755995,-121.9113804,"c(-121.9113804, 36.55755995)",Other Unincorporated
2015,2015-09-13,2015-09-13T19:35:00Z,Sunday,US-101 S/B FROM E/B LAUREL DRIVE,LAUREL DRIVE,S,N,NA,NA,4,0,1,A,03,C,C,A,H,C,N,N,N,N,N,0,0,1,0,0,0,0,0,0,UNINCORPORATED,-121.6644335,36.6974032,36.6974032,-121.6644335,"c(-121.6644335, 36.6974032)",Salinas